:020000040800F2
:1000000000500020318D0008551D0008591D0008C2
:100010005D1D0008611D0008651D0008000000004E
:10002000000000000000000000000000691D000842
:100030006D1D000800000000711D0008751D0008FE
:10004000798D0008798D0008798D0008798D000878
:10005000798D0008798D0008798D0008798D000868
:10006000798D0008798D0008798D0008791D0008C8
:10007000798D0008798D0008851D0008911D000804
:10008000798D0008798D0008798D00089D1D000884
:10009000A91D0008B51D0008C11D0008CD1D0008E0
:1000A000798D0008D11D0008798D0008798D000830
:1000B000798D0008D51D0008D91D0008798D00082C
:1000C000798D0008798D0008798D0008798D0008F8
:1000D000798D0008DD1D0008798D0008798D0008F4
:1000E000798D0008798D0008798D000800000000E6
:1000F0000000000000000000000000000000000000
:0C01000000000000000000005FF808F1A3
:1001100081F0004102E000BF83F0004330B54FEAB8
:1001200041044FEA430594EA050F08BF90EA020F25
:100130001FBF54EA000C55EA020C7FEA645C7FEAB8
:10014000655C00F0E2804FEA5454D4EB5555B8BFDB
:100150006D420CDD2C4480EA020281EA030382EA4C
:10016000000083EA010180EA020281EA0303362DDE
:1001700088BF30BD11F0004F4FEA01314FF4801CB1
:100180004CEA113102D0404261EB410113F0004FC3
:100190004FEA03334CEA133302D0524263EB43037A
:1001A00094EA050F00F0A780A4F10104D5F1200E18
:1001B0000DDB02FA0EFC22FA05F2801841F1000173
:1001C00003FA0EF2801843FA05F359410EE0A5F147
:1001D00020050EF1200E012A03FA0EFC28BF4CF078
:1001E000020C43FA05F3C01851EBE37101F000452E
:1001F00007D54FF0000EDCF1000C7EEB00006EEB3B
:100200000101B1F5801F1BD3B1F5001F0CD34908C4
:100210005FEA30004FEA3C0C04F101044FEA44521B
:1002200012F5800F80F09A80BCF1004F08BF5FEAA2
:10023000500C50F1000041EB045141EA050130BD82
:100240005FEA4C0C404141EB0101013C28BFB1F594
:10025000801FE9D291F0000F04BF01460020B1FADF
:1002600081F308BF2033A3F10B03B3F120020CDAB2
:100270000C3208DD02F1140CC2F10C0201FA0CF090
:1002800021FA02F10CE002F11402D8BFC2F1200CF5
:1002900001FA02F120FA0CFCDCBF41EA0C019040AB
:1002A000E41AA2BF01EB0451294330BD6FEA0404F4
:1002B0001F3C1CDA0C340EDC04F11404C4F12002DF
:1002C00020FA04F001FA02F340EA030021FA04F3F1
:1002D00045EA030130BDC4F10C04C4F1200220FA48
:1002E00002F001FA04F340EA0300294630BD21FA86
:1002F00004F0294630BD94F0000F83F4801306BF4C
:1003000081F480110134013D4EE77FEA645C18BF3F
:100310007FEA655C29D094EA050F08BF90EA020FD6
:1003200005D054EA000C04BF1946104630BD91EACE
:10033000030F1EBF0021002030BD5FEA545C05D1D1
:100340004000494128BF41F0004130BD14F5800410
:100350003CBF01F5801130BD01F0004545F0FE4184
:1003600041F470014FF0000030BD7FEA645C1ABFB9
:10037000194610467FEA655C1CBF0B46024650EAF0
:10038000013406BF52EA033591EA030F41F400211C
:1003900030BD00BF90F0000F04BF0021704730B5A2
:1003A0004FF4806404F132044FF000054FF0000177
:1003B00050E700BF90F0000F04BF0021704730B538
:1003C0004FF4806404F1320410F0004548BF40420D
:1003D0004FF000013EE700BF42004FEAE2014FEA62
:1003E00031014FEA02701FBF12F07F4393F07F4F3D
:1003F00081F06051704732F07F4208BF704793F040
:100400007F4F04BF41F40021704730B54FF4607452
:1004100001F0004521F000411CE700BF50EA010255
:1004200008BF704730B54FF000050AE050EA0102FE
:1004300008BF704730B511F0004502D5404261EB6E
:1004400041014FF4806404F132045FEA915C3FF4AF
:10045000D8AE4FF003025FEADC0C18BF03325FEA4C
:10046000DC0C18BF033202EBDC02C2F1200300FAFD
:1004700003FC20FA02F001FA03FE40EA0E0021FA22
:1004800002F11444BDE600BF70B54FF0FF0C4CF410
:10049000E06C1CEA11541DBF1CEA135594EA0C0FC2
:1004A00095EA0C0F00F0DEF82C4481EA030621EAFD
:1004B0004C5123EA4C5350EA013518BF52EA033538
:1004C00041F4801143F4801338D0A0FB02CE4FF0EA
:1004D0000005E1FB02E506F00042E0FB03E54FF01A
:1004E0000006E1FB03569CF0000F18BF4EF0010E12
:1004F000A4F1FF04B6F5007F64F5407404D25FEA0E
:100500004E0E6D4146EB060642EAC62141EA5551C0
:100510004FEAC52040EA5E504FEACE2EB4F1FD0C02
:1005200088BFBCF5E06F1ED8BEF1004F08BF5FEA80
:10053000500E50F1000041EB045170BD06F0004632
:1005400046EA010140EA020081EA0301B4EB5C04DF
:10055000C2BFD4EB0C0541EA045170BD41F48011D7
:100560004FF0000E013C00F3AB8014F1360FDEBFFC
:10057000002001F0004170BDC4F10004203C35DAD8
:100580000C341BDC04F11404C4F1200500FA05F35B
:1005900020FA04F001FA05F240EA020001F00042FC
:1005A00021F0004110EBD37021FA04F642EB060172
:1005B0005EEA430E08BF20EAD37070BDC4F10C049C
:1005C000C4F1200500FA04F320FA05F001FA04F260
:1005D00040EA020001F0004110EBD37041F100014C
:1005E0005EEA430E08BF20EAD37070BDC4F1200557
:1005F00000FA05F24EEA020E20FA04F301FA05F2BF
:1006000043EA020321FA04F001F0004121FA04F266
:1006100020EA020000EBD3705EEA430E08BF20EA36
:10062000D37070BD94F0000F0FD101F00046400070
:1006300041EB010111F4801F08BF013CF7D041EAF2
:10064000060195F0000F18BF704703F000465200F6
:1006500043EB030313F4801F08BF013DF7D043EAC7
:100660000603704794EA0C0F0CEA135518BF95EA7D
:100670000C0F0CD050EA410618BF52EA4306D1D104
:1006800081EA030101F000414FF0000070BD50EA23
:10069000410606BF1046194652EA430619D094EAAD
:1006A0000C0F02D150EA013613D195EA0C0F05D197
:1006B00052EA03361CBF104619460AD181EA0301EB
:1006C00001F0004141F0FE4141F470014FF00000A3
:1006D00070BD41F0FE4141F4780170BD70B54FF03E
:1006E000FF0C4CF4E06C1CEA11541DBF1CEA1355BE
:1006F00094EA0C0F95EA0C0F00F0A7F8A4EB0504A0
:1007000081EA030E52EA03354FEA013100F0888096
:100710004FEA03334FF0805545EA131343EA12635F
:100720004FEA022245EA111545EA10654FEA002614
:100730000EF000419D4208BF964244F1FD0404F5CD
:10074000407402D25B084FEA3202B61A65EB030529
:100750005B084FEA32024FF480104FF4002CB6EBE6
:10076000020E75EB030E22BFB61A754640EA0C0066
:100770005B084FEA3202B6EB020E75EB030E22BFA6
:10078000B61A754640EA5C005B084FEA3202B6EBE7
:10079000020E75EB030E22BFB61A754640EA9C00A6
:1007A0005B084FEA3202B6EB020E75EB030E22BF76
:1007B000B61A754640EADC0055EA060E18D04FEA34
:1007C000051545EA16754FEA06164FEAC30343EAD4
:1007D00052734FEAC2025FEA1C1CC0D111F4801FA1
:1007E0000BD141EA00014FF000004FF0004CB6E79A
:1007F00011F4801F04BF01430020B4F1FD0C88BF39
:10080000BCF5E06F3FF6AFAEB5EB030C04BFB6EB43
:10081000020C5FEA500C50F1000041EB045170BD36
:100820000EF0004E4EEA113114EB5C04C2BFD4EB63
:100830000C0541EA045170BD41F480114FF0000EE7
:10084000013C90E645EA060E8DE60CEA135594EA63
:100850000C0F08BF95EA0C0F3FF43BAF94EA0C0F66
:100860000AD150EA01347FF434AF95EA0C0F7FF4DB
:1008700025AF104619462CE795EA0C0F06D152EA2F
:1008800003353FF4FDAE1046194622E750EA410613
:1008900018BF52EA43067FF4C5AE50EA41047FF424
:1008A0000DAF52EA43057FF4EBAE12E74FF0FF3C89
:1008B00006E000BF4FF0010C02E000BF4FF0010C5A
:1008C0004DF804CD4FEA410C7FEA6C5C4FEA430CD3
:1008D00018BF7FEA6C5C1BD001B050EA410C0CBF22
:1008E00052EA430C91EA030F02BF90EA020F002084
:1008F000704710F1000F91EA030F58BF994208BFEB
:1009000090422CBFD8176FEAE37040F001007047A7
:100910004FEA410C7FEA6C5C02D150EA013C07D1FE
:100920004FEA430C7FEA6C5CD6D152EA033CD3D049
:100930005DF8040B704700BF8446104662468C4643
:100940001946634600E000BF01B5FFF7B7FF002876
:1009500048BF10F1000F01BD4DF808EDFFF7F4FF9F
:100960000CBF012000205DF808FB00BF4DF808ED2A
:10097000FFF7EAFF34BF012000205DF808FB00BF4D
:100980004DF808EDFFF7E0FF94BF012000205DF86F
:1009900008FB00BF4DF808EDFFF7CEFF94BF012024
:1009A00000205DF808FB00BF4DF808EDFFF7C4FF1D
:1009B00034BF012000205DF808FB00BF4FEA410C66
:1009C0007FEA6C5C02D150EA013C0AD14FEA430C49
:1009D0007FEA6C5C02D152EA033C02D14FF0000086
:1009E00070474FF0010070474FEA4102B2F1E04317
:1009F00024BFB3F5001CDCF1FE5C0DD901F0004C06
:100A00004FEAC0024CEA5070B2F1004F40EB830055
:100A100008BF20F00100704711F0804F21D113F181
:100A20003872BCBF01F00040704741F480114FEABA
:100A30005252C2F11802C2F1200C10FA0CF320FA43
:100A400002F018BF40F001004FEAC1234FEAD32360
:100A500003FA0CFC40EA0C0023FA02F34FEA4303CA
:100A6000CCE77FEA625307D150EA01331EBF4FF053
:100A7000FE4040F44000704701F0004040F0FE406E
:100A800040F40000704700BF80F0004002E000BF6B
:100A900081F0004142001FBF5FEA410392EA030F69
:100AA0007FEA226C7FEA236C6AD04FEA1262D2EBB3
:100AB0001363C1BFD218414048404140B8BF5B42B8
:100AC000192B88BF704710F0004F40F4000020F051
:100AD0007F4018BF404211F0004F41F4000121F067
:100AE0007F4118BF494292EA030F3FD0A2F10102B1
:100AF00041FA03FC10EB0C00C3F1200301FA03F1EF
:100B000000F0004302D5494260EB4000B0F5000F11
:100B100013D3B0F1807F06D340084FEA310102F1D0
:100B20000102FE2A51D2B1F1004F40EBC25008BF82
:100B300020F0010040EA03007047490040EB00004C
:100B4000013A28BFB0F5000FEDD2B0FA80FCACF14D
:100B5000080CB2EB0C0200FA0CF0AABF00EBC2507A
:100B600052421843BCBFD0401843704792F0000F68
:100B700081F4000106BF80F400000132013BB5E7BB
:100B80004FEA41037FEA226C18BF7FEA236C21D031
:100B900092EA030F04D092F0000F08BF0846704796
:100BA00090EA010F1CBF0020704712F07F4F04D164
:100BB000400028BF40F00040704712F100723CBF77
:100BC00000F50000704700F0004343F0FE4040F4A1
:100BD000000070477FEA226216BF08467FEA23635F
:100BE0000146420206BF5FEA412390EA010F40F44A
:100BF000800070474FF0000304E000BF10F0004396
:100C000048BF40425FEA000C08BF704743F096437C
:100C100001464FF000001CE050EA010208BF704797
:100C20004FF000030AE000BF50EA010208BF70471E
:100C300011F0004302D5404261EB41015FEA010C33
:100C400002BF84460146002043F0B64308BFA3F12B
:100C50008053A3F50003BCFA8CF2083AA3EBC2530D
:100C600010DB01FA02FC634400FA02FCC2F120022C
:100C7000BCF1004F20FA02F243EB020008BF20F063
:100C80000100704702F1200201FA02FCC2F12002C9
:100C900050EA4C0021FA02F243EB020008BF20EABE
:100CA000DC7070474FF0FF0C1CEAD0521EBF1CEAEC
:100CB000D15392EA0C0F93EA0C0F6FD01A4480EADA
:100CC000010C400218BF5FEA41211ED04FF00063C3
:100CD00043EA501043EA5111A0FB01310CF00040EF
:100CE000B1F5000F3EBF490041EAD3715B0040EA15
:100CF000010062F17F02FD2A1DD8B3F1004F40EBE5
:100D0000C25008BF20F00100704790F0000F0CF0B7
:100D1000004C08BF49024CEA502040EA51207F3A7B
:100D2000C2BFD2F1FF0340EAC250704740F4000056
:100D30004FF00003013A5DDC12F1190FDCBF00F047
:100D400000407047C2F10002410021FA02F1C2F1F5
:100D5000200200FA02FC5FEA310040F1000053EA91
:100D60004C0308BF20EADC70704792F0000F00F0DF
:100D7000004C02BF400010F4000F013AF9D040EAE5
:100D80000C0093F0000F01F0004C02BF490011F479
:100D9000000F013BF9D041EA0C018FE70CEAD15377
:100DA00092EA0C0F18BF93EA0C0F0AD030F0004CF7
:100DB00018BF31F0004CD8D180EA010000F00040AB
:100DC000704790F0000F17BF90F0004F084691F069
:100DD000000F91F0004F14D092EA0C0F01D14202A3
:100DE0000FD193EA0C0F03D14B0218BF084608D16C
:100DF00080EA010000F0004040F0FE4040F40000B6
:100E0000704740F0FE4040F4400070474FF0FF0C48
:100E10001CEAD0521EBF1CEAD15392EA0C0F93EA8F
:100E20000C0F69D0A2EB030280EA010C49024FEAE1
:100E3000402037D04FF0805343EA111143EA10139A
:100E40000CF000408B4238BF5B0042F17D024FF452
:100E5000000C8B4224BF5B1A40EA0C00B3EB510F2D
:100E600024BFA3EB510340EA5C00B3EB910F24BF16
:100E7000A3EB910340EA9C00B3EBD10F24BFA3EB9B
:100E8000D10340EADC001B0118BF5FEA1C1CE0D163
:100E9000FD2A3FF650AF8B4240EBC25008BF20F016
:100EA000010070470CF0004C4CEA50207F32C2BF6A
:100EB000D2F1FF0340EAC250704740F400004FF007
:100EC0000003013A37E792F0000F00F0004C02BF38
:100ED000400010F4000F013AF9D040EA0C0093F002
:100EE000000F01F0004C02BF490011F4000F013B5C
:100EF000F9D041EA0C0195E70CEAD15392EA0C0FC4
:100F000008D142027FF47DAF93EA0C0F7FF470AFFB
:100F1000084676E793EA0C0F04D14B023FF44CAF3E
:100F200008466EE730F0004C18BF31F0004CCAD1D3
:100F300030F000427FF45CAF31F000437FF43CAF0F
:100F40005FE700BF4FF0FF3C06E000BF4FF0010C31
:100F500002E000BF4FF0010C4DF804CD4FEA400213
:100F60004FEA41037FEA226C18BF7FEA236C11D05D
:100F700001B052EA530C18BF90EA010F58BFB2EB10
:100F8000030088BFC81738BF6FEAE17018BF40F090
:100F9000010070477FEA226C02D15FEA402C05D144
:100FA0007FEA236CE4D15FEA412CE1D05DF8040BC9
:100FB000704700BF844608466146FFE70FB5FFF75C
:100FC000C9FF002848BF10F1000F0FBD4DF808ED14
:100FD000FFF7F4FF0CBF012000205DF808FB00BF05
:100FE0004DF808EDFFF7EAFF34BF012000205DF85F
:100FF00008FB00BF4DF808EDFFF7E0FF94BF0120AC
:1010000000205DF808FB00BF4DF808EDFFF7D2FFA8
:1010100094BF012000205DF808FB00BF4DF808EDEB
:10102000FFF7C8FF34BF012000205DF808FB00BFB8
:101030004FEA40024FEA41037FEA226C02D15FEAA5
:10104000402C08D17FEA236C02D15FEA412C02D107
:101050004FF0000070474FF0010070474FEA400228
:10106000B2F1FE4F0FD34FF09E03B3EB12620DD9D6
:101070004FEA002343F0004310F0004F23FA02F040
:1010800018BF404270474FF00000704712F1610FE7
:1010900001D1420205D110F0004008BF6FF00040BE
:1010A00070474FF00000704700F1340191E83800BC
:1010B0009C46A6464CF8045D90E8FF0FE54600BD4F
:1010C00090EC210B704700BF80EC210B704700BFF4
:1010D00090EC200B704700BF80EC200B704700BFE6
:1010E000D0EC200B704700BFC0EC200B704700BF56
:1010F000F0EC0201F0EC0211F0EC0221F0EC023114
:10110000F0EC0241F0EC0251F0EC0261F0EC027103
:10111000F0EC0281F0EC0291F0EC02A1F0EC02B1F3
:10112000F0EC02C1F0EC02D1F0EC02E1F0EC02F1E3
:10113000704700BFE0EC0201E0EC0211E0EC02219C
:10114000E0EC0231E0EC0241E0EC0251E0EC026143
:10115000E0EC0271E0EC0281E0EC0291E0EC02A133
:10116000E0EC02B1E0EC02C1E0EC02D1E0EC02E123
:10117000E0EC02F1704700BFB0FC0181B0FC0191CE
:10118000B0FC01A1B0FC01B1704700BFA0FC01811F
:10119000A0FC0191A0FC01A1A0FC01B1704700BF1F
:1011A000EC4600B52DE900502DE9FF1F4FF000037C
:1011B0000CB401A908F028FBDDF840E012B070473C
:1011C000EC4600B52DE900502DE9FF1F4FF000035C
:1011D0000CB401A908F05CFBDDF840E012B07047E8
:1011E000EC4600B52DE900502DE9FF1F4FF000033C
:1011F0000CB401A908F06EFBDDF840E012B07047B6
:10120000EC4600B52DE900502DE9FF1F4FF000031B
:101210000CB401AB08F030FBDDF840E012B07047D1
:10122000EC4600B52DE900502DE9FF1F4FF00003FB
:101230000CB401AA08F0A8FBDDF840E012B070473A
:1012400080EA010C1CF0030F37D110F0030C20F0E2
:10125000030021F0030150F8042B08BF51F8043BB0
:101260000ED08CF0030C6FF07F434FEACC0C23FAC6
:101270000CFC51F8043B42EA0C0243EA0C0300BFA9
:10128000A2F1013C9A4201BF2CEA020C1CF0803F03
:1012900050F8042B51F8043BF2D04FEA02604FEAB9
:1012A0001222012828BFB0EB036F08BF1B0AF4D03D
:1012B00003F0FF03000EC01A704710F0030F0AD0AE
:1012C00010F8012B11F8013B012A28BF9A42F4D0F3
:1012D000A2EB0300704720B450F8042B01F0030583
:1012E00021F0030151F8043B022D27D04ED800BF56
:1012F00022F07F45B5EB132FA2F1013C2CEA020C42
:101300000DD11CF0803C08BF51F8043B0AD185EA9E
:101310000205B5EB036F0CD150F8042BE8E74FEA58
:1013200013235BE03CF07F4C54D10B784FEA1265FD
:1013300054E04FEA126503F0FF034FE04FEA024525
:10134000A2F1013C4FEA15452CEA020CB5EB134F14
:1013500018D11CF0803C08BF51F8043B07D185EA46
:101360000205B5EB034F09D150F8042BE6E75FEA1D
:101370000C4C2FD10B884FEA12452FE04FEA034364
:101380004FEA12454FEA134328E000BF02F0FF0581
:10139000B5EB136FA2F1013C2CEA020C0DD11CF04D
:1013A000803C08BF51F8043B0AD185EA0205B5EB41
:1013B000032F0AD150F8042BE8E74FEA13630DE03E
:1013C00012F0FF0F06D051F8043B4FEA122523F02C
:1013D0007F4303E04FF0000020BC704705F0FF02A0
:1013E00003F0FF00012828BF904204BF2D0A1B0A0A
:1013F000F4D0A2EB000020BC704700BF844641EA55
:10140000000313F0030349D1403A23D30B68036070
:101410004B6843608B688360CB68C3600B69036172
:101420004B6943618B698361CB69C3610B6A03625A
:101430004B6A43628B6A8362CB6AC3620B6B036342
:101440004B6B43638B6B8363CB6BC3634030403127
:10145000403ADBD230320BD30B6803604B684360F9
:101460008B688360CB68C36010301031103AF3D2C0
:101470000C3205D351F8043B40F8043B043AF9D24E
:10148000043208D0D2071CBF11F8013B00F8013B21
:1014900001D30B8803806046704700BF082A13D32E
:1014A0008B07B1D010F00303AED0C3F10403D21AFE
:1014B000DB071CBF11F8013B00F8013BA4D331F856
:1014C000023B20F8023B9FE7043AD9D3013A11F8D6
:1014D000013B00F8013BF9D20B7803704B78437065
:1014E0008B788370604670474FEA410212F5001214
:1014F00015D211D56FF47873B3EB625212D94FEA5B
:10150000C12343F0004343EA505311F0004F23FA44
:1015100002F018BF404270474FF00000704750EA99
:10152000013005D111F0004008BF6FF00040704756
:101530004FF00000704700BF4A0011D212F50012B0
:1015400011D20DD56FF47873B3EB62520ED44FEA1B
:10155000C12343F0004343EA505323FA02F070479B
:101560004FF00000704750EA013002D14FF0FF30D9
:1015700070474FF0000070470348044B834202D08D
:10158000034B03B118477047CC080020CC0800205B
:10159000000000000548064B1B1AD90F01EBA30100
:1015A000491002D0034B03B118477047CC08002004
:1015B000CC0800200000000010B5064C237843B989
:1015C000FFF7DAFF044B13B10448AFF300800123A7
:1015D000237010BDD0080020000000005032010828
:1015E00008B5054B1BB105490548AFF30080BDE8C0
:1015F0000840FFF7CFBF00BF00000000D408002064
:101600005032010800234FF480714FF460204FF0F6
:10161000010C02222DE90048DFF888E084B0CDE912
:101620000133CEE9013100938EF814301E4BCEF811
:101630001C0070468EF80CC0CEF81020CEF800309A
:1016400002F0B0FE20BB4FF0000B4FF0010C07235F
:1016500069461448CDE900BC029302F0A3FFE8B943
:101660004FF0010B4FF0020C072369460D48CDE9FE
:1016700000BC029302F096FF68B90A4803F038F9FB
:1016800002220A49074803F077F804B0BDE8008851
:1016900000F0CCFAD7E700F0C9FAEEE700F0C6FA9E
:1016A000DEE700BF3809002000240140680900205F
:1016B000002300B50168294A89B09142CDE904337D
:1016C000CDE9063301D009B000BD03220323019008
:1016D000234804A9D0F818C04CF4007CC0F818C006
:1016E000D0F818C00CF4007CCDF808C0DDF808C0B4
:1016F000D0F818C04CF0040CC0F818C08069CDE9CF
:10170000042300F0040003900398164804F0D6F870
:101710004FF4807C00234FF4806013494FF0800E1B
:10172000C1E90133C1F810C04FF440534FF0200C11
:1017300048610E48C1E906C308600846C1F80CE0DC
:1017400003F070FD0849019A18B911624A6209B0A4
:1017500000BD00F06BFA019A0349F6E7002401404E
:101760000010024000080140F0080020080002407C
:1017700008B5214B5888FFF73DFA01461F48FFF78F
:1017800045FB4FF07E51FFF783F91D49FFF78AFAB9
:10179000FEF722FE07F020FC0FA3D3E90023FEF79B
:1017A00073FE0FA3D3E90023FEF7B8FC02460B46F5
:1017B0000DA1D1E90001FEF791FFFFF715F9FEF742
:1017C0000BFE0BA3D3E90023FEF7A6FCFFF70CF9F1
:1017D00008BD00BFAFF300800000006066A2724049
:1017E0000000000000FEAA4000000080B86F2F41FA
:1017F00066666666661271406809002000F07F45E3
:10180000C2F5A83E00234FF480204FF0040C4FF4A3
:1018100000114FF4803200B5DFF87CE08BB0CEE9E8
:101820000330CEE901C3AEF81C301C4B7046CEE944
:101830000512CEF8003003F0D7F830BB00230122A8
:101840004FF00E0C69461448CDE90533CDE900335D
:10185000CDE90233CDE9082C0792049303F046F951
:10186000B0B90D4803F0C4F90D490B4803F0DAFA9A
:10187000002208210B480C4B4068C3E90222C3E94F
:10188000000219611A750BB000BD00F0CFF9D5E761
:1018900000F0CCF9E5E700BF9809002000640040A3
:1018A0007F8F030088160020E8090020002200B581
:1018B00001682E4B87B09942CDE90222CDE904227E
:1018C00001D007B000BD4FF4807C03F5D633D96951
:1018D000274841F00071D961D96901F00071009188
:1018E0000099996941F0080199619B6902A903F087
:1018F00008030193CDF808C0019B03F0DFFF4FF40C
:1019000000720223CDE90223032302A9184805939C
:1019100003F0D4FF174900224B68132023F4C0437F
:1019200043F0E06343F480434B60032103F012FC77
:10193000132003F041FC00220321142003F00AFCD1
:10194000142003F039FC00220321152003F002FCCF
:10195000152003F031FC00220321162003F0FAFBCE
:10196000162003F029FC07B000BD00BF0064004052
:10197000000C01400000014008B50A46054B014635
:10198000054803F063F900B908BDBDE8084000F060
:101990004DB900BFC00900209809002008B50021FA
:1019A0000C4B0D4A03F0B2F940B90B4B0B4A1868C7
:1019B0005268C0F3C711914203D008BD00F036F958
:1019C000F3E71A69034900F07F00BDE8084006F01C
:1019D000D9BD00BFC4090020CC0900208816002012
:1019E000002200B5124B83B059690B2041F0010170
:1019F00059615B69114603F001030193019B03F0F8
:101A0000A9FB0B2003F0D8FB002203210E2003F0DA
:101A1000A1FB0E2003F0D0FB002203210F2003F0D6
:101A200099FB0F2003B05DF804EB03F0C5BB00BFCA
:101A30000010024070B5002488B0CDE90444CDE91F
:101A40000644454B4FF4C0419A69444842F01002A5
:101A50009A619A69012502F010020092009A9A692F
:101A6000022642F020029A619A6902F02002019255
:101A7000019A9A6942F004029A619A6902F004029A
:101A80000292029A9A6942F008029A619B69224680
:101A900003F008030393039B04F028F922463C213A
:101AA0002F4804F023F9224602212E4804F01EF9A3
:101AB00001224FF400412A4804F018F94FF4C043C2
:101AC00004A92648049306940595079603F0F6FEAC
:101AD0003C23CDE90435032304A921480793069448
:101AE00003F0ECFE8022204B04A91D48CDE904231D
:101AF000069403F0E3FE0122002304A91948CDE96E
:101B00000423069403F0DAFE04A91648CDE904651F
:101B1000CDE9064603F0D2FE41F20402002304A9F7
:101B20001048CDE90423069503F0C8FE4FF40043A6
:101B300004A90B48049306940595079603F0BEFE8E
:101B40004FF4E0620023064804A9CDE9042306957A
:101B500003F0B4FE08B070BD001002400010014058
:101B600000080140000C01400000311000232DE965
:101B7000104895B04FF0010B4FF4803C0121022436
:101B80004FF48032CDE90C33CDE90F33CDE9063384
:101B9000CDE90833CDE902330593019304934FF463
:101BA00080130AA8CDE90ABC0E91119412921393E6
:101BB00004F0A0F808B172B6FEE703460F22CDE9A3
:101BC000064309934FF48063214605A808930592C4
:101BD00004F086FA08B172B6FEE74FF4004301A89C
:101BE0000194039304F06EFB08B172B6FEE715B0E2
:101BF000BDE8108808B502F09FFBFFF7B7FFFFF7BD
:101C000019FFFFF7EDFEFFF7FDFC00F03DFBFFF7CE
:101C1000F9FD00F00DF800F08FF900F013FA00F074
:101C200079FA00F049F906F061FAFEE772B6FEE7CC
:101C300008B54FF4827C002302210122DFF840E046
:101C40004FF40060CEE901C3CEE904124FF4007CEA
:101C500010210A22CEE90833CEF82830094BCEF8FD
:101C60000C007046CEE906C1CEF80030CEF82C202C
:101C700004F078FC00B908BDBDE80840FFF7D6BF06
:101C8000000A002000300140002310B501681D4A01
:101C900086B09142CDE90233CDE9043301D006B0DC
:101CA00010BD02F560429169282341F48051916191
:101CB0009169022401F480510091009991691248C0
:101CC00041F0080191619269CDE9023402F0080205
:101CD00001920322019902A90592002403F0EEFD6E
:101CE0001023CDE902340023074802A9049303F02E
:101CF000E5FD064A536843F0E06343F00103536097
:101D000006B010BD00300140000C01400000014051
:101D10000E4B82B09A690E4942F001029A619A69AB
:101D200002F001020092009ADA6942F08052DA6110
:101D3000DB6903F080530193019B4B6823F0E06360
:101D400043F000734B6002B0704700BF00100240C8
:101D500000000140FEE700BFFEE700BFFEE700BF56
:101D6000FEE700BFFEE700BF704700BF704700BF3F
:101D7000704700BF02F0F2BA014803F03BBB00BF5E
:101D8000F0080020014803F035BB00BF800B0020A5
:101D9000014803F02FBB00BFC80B0020014803F02F
:101DA0006BB800BF98090020014803F065B800BF78
:101DB00098090020014803F05FB800BF980900208F
:101DC000014803F059B800BF98090020704700BFD0
:101DD00006F076BA704700BF06F0B8BA194B1A6819
:101DE0001168C90602D4174805F07EBD18460023C5
:101DF00010B582B001931168134C019152680192A1
:101E0000019A05F049FC6FF07F02104910480968FB
:101E1000036849680F48521A22702178984722783F
:101E200000210C480AF090F84FF000038022094985
:101E30000448237005F0DCFB024802B0BDE8104006
:101E400005F052BD100C0020D80C0020C80B00205B
:101E5000540C0020580C00200120704708B50AF0EF
:101E6000E5F9162203464FF0FF301A6008BD00BFA7
:101E700008B50AF0DBF916230360FEE708B50B4A44
:101E80000B491368002B08BF0B466946184488426B
:101E9000136002D81060184608BD0AF0C7F90C227A
:101EA0004FF0FF330260184608BD00BF580A0020FB
:101EB000D8190020704700BF002342F20F7147205D
:101EC000802200B5DFF868C087B0CDE90333CCE9E4
:101ED0000231CCE904330293009305930193154B2F
:101EE000CCF804006046CCF81820CCF8003004F0A0
:101EF000EDFC90B94FF480530D4802A9029305F010
:101F000077F888B90022002369460948CDE9002303
:101F100005F09CF920B907B000BDFFF787FEE9E79F
:101F2000FFF784FE07B000BDFFF780FEEAE700BFC1
:101F3000380B0020002C014000234FF0804140F27C
:101F4000FF322DE910483C4C91B02046C4E90133E2
:101F5000CDE90933CDE90B33CDE90D33216002938F
:101F60000893E2602361A361039304F047FD002816
:101F700031D100220023304802A9CDE9022305F027
:101F800065F988BB00234FF0600B4FF0000C08226E
:101F9000294808A9CDE908BC0A930C9304F012FF64
:101FA000F8B90C22244808A904F00CFFB0B90821A4
:101FB000214804F091FD0C211F4804F08DFD002301
:101FC0002268CDE90433B2F1804FCDE906330ED05B
:101FD00011B0BDE81088FFF729FECAE7FFF726FE1B
:101FE000E5E7FFF723FEDCE7FFF720FECAE74FF047
:101FF000020C4FF4406B032403F1804303F50433D8
:102000009A690E4842F008029A619B6904A903F09C
:1020100008030193019BCDE904BC079403F04EFC37
:10202000074A536823F4407343F0E06343F40073BA
:10203000536011B0BDE81088EC0A0020000C01408C
:1020400000000140002347214FF6FF722DE90048B0
:10205000DFF8B8C02E488CB0CCF800006046CDE95F
:102060000733CDE90933CDE90333CCF80410CCF8BC
:102070000C20069300930293CCF80830CCF8103073
:10208000CCF818300193059304F020FC40BB1F48A6
:1020900004F078FD58BB00234FF0040B4FF0500CB8
:1020A0001A4806A9CDE906BC08930A9305F052F830
:1020B00040BB0022002369461448CDE9002305F007
:1020C000C5F8E0B900220123104802A9CDE9022396
:1020D000CDE9042204F0C4FD60B90CB0BDE800886D
:1020E000FFF7A4FD094804F04DFD0028D3D0FFF709
:1020F0009DFDD0E7FFF79AFD0CB0BDE80088FFF723
:1021000095FDDFE7FFF792FDD3E700BFA40A0020AB
:1021100000040040002331214720802200B5DFF871
:1021200068C087B0CDE90333CCE902310293009354
:10213000CCF8103005930193144BCCF804006046A2
:10214000CCF81820CCF8003004F0C0FB90B94FF464
:1021500080530D4802A9029304F04AFF88B9002277
:10216000002369460848CDE9002305F06FF820B93F
:1021700007B000BDFFF75AFDE9E7FFF757FD07B0CD
:1021800000BDFFF753FDEAE75C0A002000080040AD
:10219000002200B503682D4989B08B42CDE90422A5
:1021A000CDE9062207D02A498B4217D029498B4214
:1021B00039D009B000BD284B0521986940F4006072
:1021C00098619B69192003F400630093009B02F05F
:1021D000C1FF192002F0F0FF09B000BD4FF0400C24
:1021E0001D4B04A9D86940F00200D861D86900F0FD
:1021F000020001900198986940F0040098619B6981
:10220000164803F004030293029BCDF810C003F0BC
:1022100055FB00221D20114602F09CFF1D2002F0FC
:10222000CBFF09B000BD0C4B1146D86940F004004B
:10223000D861DB691E2003F004030393039B02F0C3
:1022400089FF1E2002F0B8FF09B000BD002C01403C
:102250000004004000080040001002400008014057
:102260000368B3F1804F00D0704703F50433DA6997
:1022700082B042F00102DA61DB6903F001030193ED
:10228000019B02B0704700BF00234FF4E1310C22E4
:1022900010B51148114C20602046C4E90113C4E96F
:1022A0000333C4E90523E36105F004F888B9226823
:1022B0000A48D3680A4C43F01003D36005F04AFD86
:1022C000084B80221C6008490448BDE8104005F016
:1022D0008FB9FFF7ABFCEAE700380140100C002093
:1022E000198C0008540C0020580C0020002310B555
:1022F00001683E4A86B09142CDE90233CDE904330C
:1023000001D006B010BD02F558429169044641F46F
:10231000804191619169402001F4804100910099D0
:10232000916941F0080191619269022102F008026D
:102330000192019A0322CDE902012D4802A90592DA
:1023400003F0BCFA80220023CDE9022300232848B1
:1023500002A9049303F0B2FA2648002341684FF023
:10236000800C41F0E06141F0040141604FF4805184
:10237000214A00F58030583010601046C2E9013320
:10238000C2E904339361C2F80CC0D16102F04AFF84
:10239000194A18BB002180204FF0100CA263546230
:1023A0004FF48052154BC3E90210C3E9041199613F
:1023B00013491846C3F804C01960DA6102F032FF0D
:1023C0000E4B78B900220321636325205C6202F082
:1023D000C1FE252002F0F0FE06B010BDFFF726FC7E
:1023E000054AD7E7FFF722FC044BEBE70038014032
:1023F000000C014000000140C80B0020800B0020B1
:1024000044000240704700BF704700BF704700BFE4
:10241000704700BF704700BF0368DFF80CC0DB697E
:10242000634500D1704718470D2400080368DFF8A2
:1024300038C05969614504D19B690C498B420CD164
:10244000704700B583B001908847019A0749136827
:102450009B698B4202D103B000BD1847104603B000
:102460005DF804EB184700BF0524000809240008A4
:102470000022036870B515491D6904468D42C2816A
:1024800002810CD1DD6912498D4208D11D6A114AC1
:1024900095420BD15B6A104A934210D170BD114630
:1024A000A84723680B4A1D6A9542F3D001222046B3
:1024B0001146A8472368084A5B6A9342EED001227E
:1024C0002046BDE870401146184700BF1924000897
:1024D0000D240008112400081524000800220368B8
:1024E00070B515491D6904468D42C28102810CD127
:1024F000DD6912498D4208D11D6A114A95420BD1FE
:102500005B6A104A934210D170BD1146A8472368F8
:102510000B4A1D6A9542F3D0002220461146A84777
:102520002368084A5B6A9342EED000222046BDE849
:1025300070401146184700BF192400080D240008F8
:10254000112400081524000870B541F2DB36434D14
:10255000C1F3090182EAE27C35F91130ACEBE27C8F
:1025600001F58072C2F3090235F91250428183EA03
:10257000E372A2EBE372C38006FB0CF3818085EA71
:10258000E571A1EBE571C3F30B3392B289B203FBA2
:1025900002F203FB01F1D0F800C0DFF8C4E0DCF880
:1025A0001060C2F30F32C1F30F31764504468581C6
:1025B0000281C18139D1DCF81C302A4EB34247D1A7
:1025C000002DDCF82030284A14DD934239D1B4F9CB
:1025D0000620DCF82430002A244A02DD93422AD166
:1025E00070BD11D09342FBD02046BDE8704001225F
:1025F0000021184710D09342E9D001220021204643
:102600009847D4F800C0E2E79342E9D0012220467F
:10261000BDE87040114618479342D8D001222046A9
:1026200011469847D4F800C0D1E7B047B4F90C5030
:10263000D4F800C0C4E72046BDE870400022012164
:1026400018470022012120469847D4F800C0BEE771
:102650009847B4F90C50D4F800C0B1E7B43201087F
:10266000192400080D24000811240008152400086E
:102670000023C0E903317047D0F810C0A1EB0C0370
:10268000002B02D101610160704700B5D0E9023230
:10269000D0F804E0DEF800E011DD134493FBFEF215
:1026A0000EFB1233BCF1000F6244C0E9033215DBAC
:1026B00091421BDC00230160C0E9033100BDD21A46
:1026C00092FBFEF30EFB1322BCF1000F6344C0E942
:1026D00003230DDD002B03DD194605E0002A05DB91
:1026E00000231946C0E90333016000BD1146FBE732
:1026F0009942DFDAF0E700BF816070470023C0E94C
:1027000003317047D0F810C0A1EB0C03002B02D1AD
:1027100001610160704700B5D0E90232D0F804E0F1
:10272000DEF800E011DD134493FBFEF20EFB1233E2
:10273000BCF1000F6244C0E9033215DB91421BDC9F
:1027400000230160C0E9033100BDD21A92FBFEF301
:102750000EFB1322BCF1000F6344C0E903230DDD1F
:10276000002B03DD194605E0002A05DB002319468E
:10277000C0E90333016000BD1146FBE79942DFDA8F
:10278000F0E700BF10B504460846C4E90311FEF7A0
:1027900035FA01464FF07C50FEF738FB606110BD02
:1027A00000238162C0E90823C36170472DE9F0432B
:1027B00014468A1A0346056A866883B018D181696F
:1027C0004842A84230DD002D5C6A40F381801969DF
:1027D000D869401A316890FBF1FC6544002D1D62F8
:1027E00040F3828001FB1C002A462C44D8610EE095
:1027F0000DBB002AC068DD6931685C6A4DDD284484
:1028000090FBF1F201FB1200C3E9070214445A6085
:1028100094FBF1F201FB1244986A5C6202449A62F2
:102820001A6003B0BDE8F083A942CCDBC3E90722FC
:1028300014463168EBE7002A38DD002D59DDD6F863
:10284000B410CF68AF4268DB009028460192FEF7D3
:10285000D5F9009B01465C6AFEF724FA009B596992
:10286000FEF720FAFEF7FAFB019A009B824240F342
:10287000AB80AF427EDDDA69D8683168104490FBE6
:10288000F1F6721997421A62DBBF00203A4601FB4B
:1028900016001A621444D861B9E72D1A95FBF1F2BB
:1028A00001FB12551444C3E90752B0E7002D44DB85
:1028B000C0691A693168801A90FBF1F201FB1200BD
:1028C0002A44002AC3E907025C6A65DD14449EE7D6
:1028D00021D0D96918690844316890FBF1FC65443E
:1028E000002D1D62FFF67EAF0021C3E9071131689C
:1028F0008DE7C26900693168104490FBF1F201FB79
:1029000012002A44002AC3E907025C6ADEDB0021C8
:102910000A46C3E90711316879E7C0691A69316865
:10292000801A90FBF1F201FB12002A44002AC3E94D
:10293000070243DD5C6A144469E7D6F8B420D26824
:102940005742AF42914619DC009028468846FEF770
:1029500055F90146FEF7A6F9009BA4EB0804596956
:10296000FEF7A0F9FEF77AFBA042009B19DAAF420E
:102970003ADB5C6A2A4631682C4448E7C269006940
:102980003168104490FBF1F201FB12002A44002A46
:10299000C3E907025C6A99DB0022C3E907223168B8
:1029A00035E7DA6918693168104490FBF1F201FBF0
:1029B00012002A44002AC3E90702BBDB0022C3E954
:1029C00007225C6A316822E71A69D8693168801A7F
:1029D00090FBF1FC0CEB0502002A1A62DCDD01FB26
:1029E0001C001444D86112E7D869DA683168801A8B
:1029F00090FBF1F201FB12002A449742C3E907025F
:102A00005C6AFFF663AF00203A46A4EB09041F623C
:102A1000D861FCE6C0E903114161C261704700BFA3
:102A2000D0F808C0C268C369DCF800C0C3EB8313E8
:102A300002618A1A0CFB02338269C16013449A1145
:102A400003F03F03C0E90632C0E90012416170475C
:102A50000023C0E90A32C0E90C31436103777047B3
:102A60002DE9F0430E46016A03469142456B8768A3
:102A7000C46A83B03AD04FF00008C3E90826C3F80F
:102A80001480101900930192FEF7B8F8019A81465C
:102A9000101BFEF7B3F801464846FEF703F98146DE
:102AA000701B4000FEF7AAF801464846FEF7AEF953
:102AB000FEF7D4FA009B83F81C8018619A6A396883
:102AC000104490FBF1F201FB12001444C3E90A0424
:102AD0001A6B5C60144494FBF1F201FB12442A442B
:102AE0005A631A601C6303B0BDE8F083416AB142C7
:102AF000C1D141694FF47A709A6900FB02F29142A8
:102B000007DB01221A77002C0BD19C620024396864
:102B1000DEE77A680A445A611A7F002AF3D11869FD
:102B2000CCE7D8689A6A39680DDD121A92FBF1F089
:102B300001FB10220444002CC3E90A24C8DC002253
:102B4000C3E90A22E2E7104490FBF1F201FB120014
:102B50001444002CC3E90A04F1DAB9E738B5044695
:102B6000C268036A806BC4F8B410D0F8B410D2F80D
:102B7000B420D3F8B4300D6952691B69284622612C
:102B80006362C4E90F55FEF739F801464FF07C50F7
:102B9000FEF73CF9C822094B606483FB0513ED176F
:102BA000C5EBA315D4F88430D3F8B430A5641B6901
:102BB000C4F89420C4F8883038BD00BFD34D6210EB
:102BC00000207047C0F84411704700BFC0F848119A
:102BD000704700BF0368C26970B5891A1E69B1F5F4
:102BE000801F84465E6146DC284A9142B8BF114688
:102BF0005A6A9C68196104FB012E5868DCF8084089
:102C00004FEAAE25CEF3090E626901FB00F0C3F86E
:102C100024E0D3F81CE09D62AE44BEEB822F9861A5
:102C2000C3F81CE04FEA822502DC6D42AE4527DA8C
:102C3000DD612844DD68891B05FB01F10844B2EB26
:102C4000A02F4FEAA02502DB5242954216DA154624
:102C5000002A1962DD62DCF82810CCF8302011DD82
:102C600063681944D4F84801BDE8704003685B68A4
:102C7000CCF8541018474FF48011B9E72A46E7E71B
:102C80007546D6E71CBF6368C91AEBE70000F0FF82
:102C90000B46816AF0B55B1AB3F5486F04460068CD
:102CA00058DC354DAB42B8BF2B460364E569551B74
:102CB0004FEAE51CBCF5FA5F49DC304DAC45B8BFC6
:102CC000AC46C0F844C022B903F1C705B5F5C77FCB
:102CD0004FD9426DC56C466B06FB0CFE866B06FB3E
:102CE00003EE066B724406FB03F3A668D71102F0ED
:102CF0007F024265726907EB050EBEEB822F83648B
:102D00008765C0F84CE04FEA822502DC6D42AE4593
:102D10002DDAC5642B44C56B05FB0CF73B44B2EBC5
:102D2000A32F4FEAA32502DB5242954215DA15463E
:102D3000002A0765C565226315DD73681944D6F856
:102D4000480103685B686165BDE8F04018474FF4CF
:102D5000FA5CB6E74FF44863A7E72A46002A0765FE
:102D6000C5652263E9DC1CBF7368C91AE7E77546CD
:102D7000D0E71546AFE700BF80F3FFFFC0E0FFFFDD
:102D8000017170478368DB680B444363704700BF81
:102D90002DE9F84FD0F8089016460546D9F81C00E2
:102DA0000C46FDF72BFF31468346FDF77BFF6B6931
:102DB000D9F80C70E31A3B44804683EAE370A0EB39
:102DC000E370FDF71BFF4FF07A5182463046FDF766
:102DD00069FF4146FDF766FF014650463C44FEF759
:102DE0001DF938B11B4B00205B69C9F818306C63C2
:102DF000BDE8F88F31463046FDF754FF4FF0814172
:102E000006465046FDF74EFF5946FDF7FFFF0146C7
:102E10003046FDF73DFE00210646FEF7F5F8B8B155
:102E2000304606F00FF901465846FDF73BFF0146D4
:102E30004046FDF72DFE4FF07C51FDF733FFFEF7C6
:102E40000DF903460120C9F818306C63BDE8F88F0E
:102E50000026E5E78816002083689B695A428A426B
:102E600002DC8B42A8BF8163704700BF70B58368E6
:102E700082B00446D3E902050191FDF7BFFE019936
:102E8000064641B1E068401BFDF7B8FE3146FDF74C
:102E9000BDFF02B070BD6069401BFDF7AFFE31465B
:102EA000FDF7B4FF02B070BD38B50446C069FDF748
:102EB000A5FEA36805469868FDF7A0FE01462846D2
:102EC000FDF7A4FF38BD00BF08B5006BFDF796FE07
:102ED0000149FDF7E7FE08BD6F12833A83685B691D
:102EE0005A428A42B8BF0A468B42A8BF1346C36300
:102EF000704700BF80F84110704700BF0023836512
:102F0000C371704700281BDB344B984201DC002062
:102F10007047334B98422FDB324B984247DAA0F58B
:102F20009E10A0F5B150C0EBC000C0EB0010001522
:102F300000F59670B0F5D77FA8BF4FF4D7707047F3
:102F4000294B9842E3DAA3F59213A3F578639842EC
:102F500020DA264B984235DB00F59E1000F5B15083
:102F6000C0EBC000C0EB00100015A0F59670204B20
:102F70009842B8BF184670474FF48373A0F5C3302A
:102F8000A03803FB00F00015B0F5D77FA8BF4FF4C1
:102F9000D77070474FF4837300F5C330A03003FB44
:102FA00000F0134B00159842B8BF18467047342301
:102FB000A0F50610A0F58E5003FB00F0001500F5FB
:102FC000C370B7E7342300F5061000F58E5003FBFD
:102FD00000F00015A0F5C370C9E700BF9F8601008F
:102FE00020D61300C09121006179FEFF416EDEFF03
:102FF00052FEFFFF70B5D0E950250446EB88D0683B
:103000008AB01061D360181AA368B0EB630F40F365
:103010000981C01AD369D4F888C0C3EB43130CFBF1
:103020000033516991610144106A516103445811A0
:1030300003F01F03C2E90703FFF764FF536C014469
:103040005B1A916292F850105062D36201BB2B68F8
:1030500028469B689847C8B1D4F84401A24A03683F
:10306000DB6893420FD1D4F84031DA79002A00F0BE
:103070007881002019685A79C1E90900C1E9150071
:10308000C861C86416E098470028ECD0D4F8402105
:103090000023D4F8480111680568AD68C1E9093317
:1030A000C1E91533CB61CB6453651363A847D4F8EA
:1030B00040315A791979914203D00122597183F82C
:1030C0005220986BA26990423DDC524290423ADB1A
:1030D000D86B626990423BDDDA6393F85000D8B157
:1030E00093F84000C0B900201D6883F85200C5E97C
:1030F0000900C5E91500E861E8649865D871481EC3
:10310000072836D8DFE810F00F010601E6004F016E
:103110000F010601E600430193F85100002840F03A
:10312000878093F852000028DDD14A1E072A00F25A
:10313000EF80DFE812F09600A50012000201960071
:10314000A5001200E100D86B9A6362699042C3DC6B
:103150005542A842B8BFDD63BFE7D96B04F19000C8
:10316000FFF78AFAD4F84031D4F8900059796269AF
:10317000D864B3F8400002EB420CA3F850005B485F
:10318000C2EB4C1280FB02C0D217C2EB601218686F
:103190001D6B90F8600085EAE57601F0FB01A6EB77
:1031A000E576D8B1032978D0964224DBD869DFF8D8
:1031B00040C180EAE075A5EBE075A0688CFB00ECEF
:1031C000C017C0EB6C00854208DA9D6D4948854206
:1031D00000F2F380D4F88C002844986503290CD0C1
:1031E00096420ADBDA6D43498A4240F2B5800122F9
:1031F00083F8602005E000229A650022DA6583F8F2
:103200006020D4F8440103689B689847D4F84031A3
:1032100020B15A7992B99A710AB070BD05229A719B
:103220000AB070BD5942B0EB610FB8BFC018F1E6EB
:1032300093F8410000283FF456AF72E7D97900298E
:1032400044D193F86010002940F0DF80012A00F09B
:10325000E980022A00F01881032A00F01B81012274
:10326000D9E75A69596B04F1B800FFF79FFAD4E91E
:103270002E12D4F84031C3E911125979626978E706
:10328000996B04F1A400FFF73DFAD4F84031D4F86B
:10329000A4006269597998646BE7002D84D0D969DC
:1032A000134D81EAE170A0EBE170A16885FB01C5D7
:1032B000C917C1EB650188429FDA996D0D488142BB
:1032C0007BD8D4F88C200A449A6596E704229A7138
:1032D0000AB070BD196B04F19000FFF7C9F9D4F87A
:1032E0004031597921E700BFC12B00081F85EB5100
:1032F000676666663F420F00596B04F1E400FFF712
:103300008FFBD4E93912D4F84031C3E9111259794D
:1033100062692EE7D96904F1A400FFF7EFF9D4F848
:103320004031597901E7996ADA6904F1B800FFF789
:1033300037FAD4F840315979F7E6D3E90D1204F59C
:103340008270FFF78DFBD4E94112D4F84031C3E914
:103350001112597962690CE7D4F88C101144D965BF
:103360004FE793F85110002951D0D4F8480119685B
:10337000C1E90922C1E91522CA61CA640168C968A4
:103380005A651A638847D4F840315A7992E6DA6967
:10339000996A04F1E400FFF73DFBD4F840319A6AE2
:1033A00059795A63C1E6996ADA6904F58270FFF7C0
:1033B0004FFBD4F840315979B7E64FF0010C4FF08C
:1033C000080E00253B4904A8496883F807C08DF81A
:1033D0000810C90141F07C0104910DEB0E0101922E
:1033E000CDE905558DF809C0CDF820E00795099580
:1033F000CDF80A50ADF80E50FEF7BEFAD4F84031C1
:10340000019A597901F0FB01E8E6032203E75A79B2
:10341000082A3FF64FAEDFE802F02E0B26140B0B06
:1034200026140B00586C596B88423AD00222F2E6FF
:10343000D3E911121846FFF72BFCD4F840315A7922
:1034400038E6DA6C9868002A996A1A632EDD4568B6
:103450002944D0F84801596503685B689847D4F857
:1034600040315A7926E61846996CFFF7B3FBD4F839
:1034700040315A791EE6D4F8480103689B689847A2
:10348000D4F840315A7915E6986C996B884208BF98
:103490000122C0E6DA6CD96B8A420CBF01220222FB
:1034A000B9E6996C002918BF0222B4E61CBF456832
:1034B000491BCEE78816002010B50446D0F8440119
:1034C00003685B689847134A137823B92046BDE820
:1034D0001040FFF78FBDA068E168D4F8443100EBDD
:1034E000D07CB1EB6C0FDB8805DA01EB6C01994203
:1034F00006DA1B1A04E0A1EB6C019942C8BF1B1845
:103500000020D4F840111070C1E90333C1E905333C
:1035100010BD00BF040000201D4A92F8341001B114
:10352000D1680023D0F808C00268DCF80CC0C0E9FC
:103530000333C0E90533C0E90733C0E90933C0E903
:103540000E33C0E91133C0F834C00171C362A0F872
:103550004030C364A0F8503080F8523043650363B4
:1035600083654371C380C36580F86030C2E904336A
:10357000C2E90633C2E90833C2E90A33C2E91033AB
:10358000C2E91233C2E91433C2E91633704700BFEF
:103590008816002082684369916893FBF1F001FB73
:1035A0001033D360704700BF0160704783682DE916
:1035B000F043D3F844310446DD6800F136024FEAA7
:1035C000650E00F5E47032F8023FB2F892C1A3EB49
:1035D0000C010029B8BF494263448E454FEA63039A
:1035E00004DA9E45D4BFA3EB0E03734482421380DA
:1035F000E9D1228FB4F8C6316942D31A9E45B8BFCB
:103600005B1BB3EB610FB8BF5B19002B4FEA61087E
:1036100033D0CCBF012300232375494B4FEAE57912
:1036200083FB0513C9EBA31606EB460606EBD6761D
:10363000C9EBE3194FEA660664DD114604F1380070
:1036400004F5E37705E0CC4513DB002B15DD87425D
:1036500017D00B4630F8021FCB1A9E45B8BF5B1B34
:103660009845C8BF5B1983EAE37CACEBE37CB445C7
:10367000E9DD02232373BDE8F08301232373BDE852
:10368000F0834FF0000CC82761462D4E013D1046D7
:1036900001F1C903A6FB03E2920907FB12331C33B5
:1036A00034F81320824204DA281AC4E9D7100CF146
:1036B000010C0131C829EAD1BCF1010F20D003234C
:1036C000DCE700264FF0C80C31461D4F013D104687
:1036D00001F1C903A7FB03E292090CFB12331C336F
:1036E00034F813208242A5EB0203C8BFC4E9D71304
:1036F00001F10101C8BF0136C829E8D1012EDED190
:103700000023BBE7104604F1380104F5E37C05E033
:10371000B945AEDC002BB0DA8C45D2D0034631F887
:10372000020FC31A9E45B8BF5B1B9845C8BF5B1903
:1037300083EAE377A7EBE377BE42E9DA99E700BFD4
:103740001F85EB512DE9F04F0446836881B0D3F813
:10375000440103685B689847637B062B17D8DFE852
:1037600003F02404385E778B1900A3682169D3F82D
:10377000480102310268526815461A692161A8475A
:10378000A36822699B68B2EB430F00F0A18001B0EF
:10379000BDE8F08F00221146A368D3F84801036802
:1037A0005B6801B0BDE8F04F18472379002BEED0DD
:1037B000A3682169D3F848011A6903685B689847D0
:1037C00000214FF48073A2689268E1822261A38194
:1037D000DDE7A2682169D2F804E0B1FBFEF30EFB3D
:1037E0001313002B71D1E08AD2F844C1431CBCF8FA
:1037F00004509BB20C30102BE38224F810506BD095
:10380000D2F84801126903685B689847A268236987
:103810009268B3EB420FBAD903236373B7E7A36887
:103820002169D3F8480101310268526815461A69C6
:103830002161A847A2682169D2E9013203EB830321
:1038400002EB4303B1EB430FA1D1042363739EE763
:10385000A3682169D3F84801013902685268154606
:103860001A692161A847A26823699268B3EB420FE5
:103870008DD1052363738AE7A2682169D2F804E039
:10388000B1FBFEF30EFB1313E3B9E08AD2F844C197
:10389000431CBCF804509BB20C30102BE38224F87C
:1038A000105000F0F580D2F84801126903685B6897
:1038B0009847A36822699B689A42BFF468AF0623C1
:1038C000637364E701392161EDE70131216197E715
:1038D0000222236162735AE7DCF80CC0208B658BEF
:1038E000CCF100035F102B1AB3EB6C0FD4BF2E4644
:1038F000A5EB0C069F42A38BA9464FEA6C08C8BFF4
:1039000005EB0C061D1AA845ACBF9946A3EB0C09A4
:10391000AF42C8BF0CEB0309E38B06EB000A1D1A8C
:10392000A845CA44ACBF9946A3EB0C09AF42C8BF37
:103930000CEB0309238CCA441D1AA845ACBF994659
:10394000A3EB0C09AF42C8BF0CEB0309638CCA445C
:103950001D1AA845ACBF9946A3EB0C09AF42C8BFDE
:103960000CEB0309A38CCA441D1AA845ACBF9946A9
:10397000A3EB0C09AF42C8BF0CEB0309E38CCA44AC
:103980001D1AA845ACBF9946A3EB0C09AF42C8BFAE
:103990000CEB0309238DCA441D1AA845ACBF9946F8
:1039A000A3EB0C09AF42C8BF0CEB0309638DCA44FB
:1039B0001D1AA845ACBF9946A3EB0C09AF42C8BF7E
:1039C0000CEB0309A38DCA441D1AA845ACBF994648
:1039D000A3EB0C09AF42C8BF0CEB0309E38DCA444B
:1039E0001D1AA845ACBF9946A3EB0C09AF42C8BF4E
:1039F0000CEB0309238ECA441D1AA845ACBF994697
:103A0000A3EB0C09AF42C8BF0CEB0309638ECA4499
:103A10001D1AA845ACBF9946A3EB0C09AF42C8BF1D
:103A20000CEB0309A38ECA441D1AA845ACBF9946E6
:103A3000A3EB0C09AF42C8BF0CEB0309E38ED144E2
:103A4000181A8045ACBF1E46A3EB0C068742C8BFC0
:103A50000CEB030606EB09031846002BB8BF03F175
:103A60000F000F334FEA2010C0F2EE808445B8BF3C
:103A7000A0EB0C0093684FF0000CCB1AB3FBFEF3E5
:103A800001311C3324F81300A4F816C02161B7E6F5
:103A9000DCF80CC0208B658BCCF100035F102B1A77
:103AA000B3EB6C0FD4BF2E46A5EB0C069F42A38B45
:103AB000A9464FEA6C08C8BF05EB0C061D1AA845BD
:103AC000ACBF9946A3EB0C09AF42C8BF0CEB03098E
:103AD000E38B06EB000A1D1AA845CA44ACBF994601
:103AE000A3EB0C09AF42C8BF0CEB0309238CCA44FB
:103AF0001D1AA845ACBF9946A3EB0C09AF42C8BF3D
:103B00000CEB0309638CCA441D1AA845ACBF994647
:103B1000A3EB0C09AF42C8BF0CEB0309A38CCA444A
:103B20001D1AA845ACBF9946A3EB0C09AF42C8BF0C
:103B30000CEB0309E38CCA441D1AA845ACBF994697
:103B4000A3EB0C09AF42C8BF0CEB0309238DCA4499
:103B50001D1AA845ACBF9946A3EB0C09AF42C8BFDC
:103B60000CEB0309638DCA441D1AA845ACBF9946E6
:103B7000A3EB0C09AF42C8BF0CEB0309A38DCA44E9
:103B80001D1AA845ACBF9946A3EB0C09AF42C8BFAC
:103B90000CEB0309E38DCA441D1AA845ACBF994636
:103BA000A3EB0C09AF42C8BF0CEB0309238ECA4438
:103BB0001D1AA845ACBF9946A3EB0C09AF42C8BF7C
:103BC0000CEB0309638ECA441D1AA845ACBF994685
:103BD000A3EB0C09AF42C8BF0CEB0309A38ECA4488
:103BE0001D1AA845ACBF9946A3EB0C09AF42C8BF4C
:103BF0000CEB0309E38ED144181A8045ACBF1E4676
:103C0000A3EB0C068742C8BF0CEB030606EB0903C7
:103C10001846002BB8BF03F10F000F334FEA2010F6
:103C200014DB8445B8BFA0EB0C0093684FF0000C88
:103C3000CB1AB3FBFEF3013904EB4303A3F8CA012B
:103C4000A4F816C021612EE6604413E76044ECE757
:103C5000437B062B00D070472DE9F0410446836872
:103C6000D3F8480103689B6898472046FFF79EFCFD
:103C7000237BABB1A368D3F84431002522682046EA
:103C800092681D7290470121A268237BD2F84021DF
:103C9000D17165732571002B00F01A81BDE8F081A8
:103CA000226820469268C4F864339047236820460F
:103CB0001B689847A368D4F85C131A68207D01EB51
:103CC0000208474600285FD041454DDC0E46354688
:103CD00001369019B0FBF2F702FB17001C3034F8E4
:103CE00010705019B0FBF2FC02FB1C001C3034F8C1
:103CF0001020BF1AD3F84421D268B7EB620FC8BFB7
:103D0000BF1A5042B7EB600FB8BFBF18A94200F00E
:103D10000581A84500F0AD80002FC8BF4FF0000816
:103D20001DDDD3E901C208FB0CF191FBF7F105FBA6
:103D30000C111144B1FBF2FC02FB1C11236820465C
:103D4000DB6889B29847D4F8643308F1010801337D
:103D5000B845C4F86433A368E3D1D4F85C131A6897
:103D600001EB0208B045B2DA236820465B68984749
:103D7000A068D4F86413D0F84431DA68914200F0B6
:103D80009C800422227378E78242EDDB02EB080676
:103D9000B6FBF2FC08F10105501902FB1C66B0FBF2
:103DA000F2FC02FB1C001C361C3034F8102034F8E6
:103DB0001660B61AD3F84421D268B6EB620FC8BFBA
:103DC000B61A5042B6EB600FB8BFB618474500F0C0
:103DD000838041452AD0002EC8BF002701DC1DE0AA
:103DE000A368D3E9011207FB01FC9CFBF6FC01FB75
:103DF0000521A1EB0C01B1FBF2FC02FB1C112368B5
:103E00002046DB6889B29847D4F864330137013320
:103E1000B742C4F86433E3D1D4F85C1308F1FF3837
:103E20004145A1DCA3681A688F18AFE7D4F8602376
:103E3000002AF3DD002700E0A368D3E9011207FBA5
:103E400001FC9CFBF6FC01FB0521A1EB0C01B1FB85
:103E5000F2FC02FB1C1123682046DB6889B20137A3
:103E60009847D4E9D8230133BA42C4F86433E3DC79
:103E7000D2E7D4F86023002A7FF771AF4FF0000833
:103E8000D3E901C208FB0CF191FBF7F105FB0C1122
:103E90001144B1FBF2FC02FB1C1123682046DB68D5
:103EA00089B208F101089847D4E9D8230133424583
:103EB000C4F86433A368E3DC4FE7227B002A7FF475
:103EC000DCAE0121D0F840011972C1716273227118
:103ED000BDE8F04101F07EB9D4F86073B74201DB70
:103EE0009CE7A368D3E9011307FB01FC9CFBF6FCEC
:103EF00001FB0531A1EB0C01B1FBF3FC03FB1C1131
:103F000022682046D26889B29047D4F864330137DA
:103F10000133B742C4F86433E3D17DE7D4F860835A
:103F200047457FF71CAFD3E9012308FB02F191FB62
:103F3000F7F105FB02111944B1FBF3F203FB121177
:103F400023682046DB6889B29847D4F8643308F1C7
:103F5000010801334745C4F86433A368E3D1FCE6A4
:103F6000407A7047704700BF70B54FF40341044674
:103F7000032600253E4BC361236820465B699847B2
:103F800002462368E18B5B69204622849847238C94
:103F9000C2B242EA032292B202F0010312F002011D
:103FA00018BF01336084500784F8243044BF0133C4
:103FB00084F82430100744BF013384F82430D0063D
:103FC00044BF013384F82430900644BF013384F8A1
:103FD0002430500644BF013384F82430100644BF17
:103FE000013384F82430D00544BF013384F82430F1
:103FF000900544BF013384F82430500544BF013399
:1040000084F82430100544BF013384F82430D004F0
:1040100044BF013384F82430900444BF013384F852
:104020002430500444BF013384F82430D00B1CBF2B
:10403000013384F82430DB07228206D5731E13F087
:10404000FF06657510D0A18B96E7C1F340010120F2
:104050000B469208628221756075A169A28031F8D1
:1040600012006372E08070BD237D628AF5E700BFB5
:1040700000830084007A7047036811491A6910B5FB
:104080008A42044618D120465B6898470120E168BF
:10409000207281B14FF6FF704FF0000CA369023B14
:1040A00003EB410133F8022F824208BF84F808C0B5
:1040B0008B42F7D1207A10BD90472368E3E700BF19
:1040C000653F000838B5836802680B4404461268EF
:1040D000017983609047637983420FD00546636915
:1040E00068B100209847D4E9023221699B1A8B42BB
:1040F0008CBF0220032062699047657138BD0120A2
:104100009847A3686571E360F8E700BF38B50368B6
:104110000D461B680179044698476561607138BD9A
:1041200003681B68184700BF10B5436882B0194484
:104130004160052A00F2CE80DFE802F058610310EA
:104140005C3640F20112002382810374837B013BC1
:10415000032B10D8DFE803F0798969580122032383
:1041600082810374036801901B6801220021984733
:10417000012301988373017E022923D0032900F0D3
:10418000848001290ED1436842699B1A642B09D9A6
:10419000036800221B680190984702220198436837
:1041A0000276436102B010BD0022012382810374B4
:1041B00000220368114601901B6898470198017E10
:1041C0000229DBD1436842699B1A642BEAD9C37B7D
:1041D000027C0133DBB20168C3739A42D1F800C09C
:1041E0006ED9012201901146E04762E000238381ED
:1041F0000374DDE70022022382810374D8E70122E1
:10420000002382810374ADE78368CB1AB3F52F7F57
:10421000B1D9036801221B6801900021984701224F
:104220000198436882738360A5E78368CB1A642B87
:10423000A1D90022036811461B6801909847042207
:10424000019843688273836095E78368CB1A642B77
:1042500091D90022036811461B68019098470222F9
:10426000019843688273836085E78368CB1A642B67
:1042700081D9036801221B6801900021984703221D
:10428000019843688273836075E7436842699B1AAB
:10429000B3F57A7F86D94FF0000C027C0368B2EB4D
:1042A0000C0280F80FC018BF012201211B68019089
:1042B00098470122019843680276436102B010BD1D
:1042C000002201900121E047032201984368027611
:1042D000436167E7037B002B3FF46AAF437B002B0E
:1042E0007FF434AF3EE700BF4FF47A7310B50F4947
:1042F000044609780E4AB3FBF1F0126882B0B2FBB3
:10430000F0F000F079FF08B90F2C02D9012002B0BB
:1043100010BD0246019021464FF0FF3000F01AFF19
:10432000044B01981C6002B010BD00BF05000020C6
:104330000000002008000020074A08B51368032089
:1043400043F01003136000F0F3FE0320FFF7CCFFEF
:10435000FDF7DEFC002008BD00200240034A044BAC
:1043600011681B780B441360704700BFDC0C002001
:1043700005000020014B1868704700BFDC0C0020CE
:1043800038B50446FFF7F6FF631C054602D0044B20
:104390001B781C44FFF7EEFF401BA042FAD338BD48
:1043A00005000020002800F0AD8038B5836A04467F
:1043B000002B6BD023689A68D50749D4A26AD2062D
:1043C00005D5A36A43F01003A362012038BDA26A99
:1043D0006168E06922F48852257B22F002020143E1
:1043E00042F00202A26241EA4502A16894F814C0B8
:1043F000B1F5807F50D0A1F10100B0FA80F0BCF19E
:10440000010F4FEA50104FEA002058D05D6825F4A4
:104410006945284358609D683F482840104398608C
:10442000012947D00020D96A21F470010143D962E3
:1044300099683A4B0B409A425BD0A36A23F012036F
:1044400043F01003A362E36A43F00103E362BCE7B5
:104450009A6822F001029A60FFF78CFF05462368F4
:104460009A68D007AAD5FFF785FF401B022823686A
:10447000F6D99A68D107F3D5A36A43F01003A36273
:10448000E36A43F00103E362A36A9AE7C36280F838
:104490002430FDF70DF98DE7BCF1010F0ED05868FF
:1044A0001D4920F4694040F48070586098680140CC
:1044B00011439960206901380005B4E708461DB32F
:1044C000A56A45F02005A562E56A45F00105E562AB
:1044D0005D68B1F5807F25F4694540EA05005860C4
:1044E0009D680D4805EA000040EA0200986097D1F7
:1044F000E0E70020E062A36A23F0030343F0010336
:10450000A36238BD01207047A569013D40EA4530EE
:1045100040F40060DCE700BFFDF7E1FFFE0E1FFF87
:10452000704700BF436A9A6A12F0500F0FD19A6A1F
:10453000196842F4007210B59A628A6802F4602227
:10454000B2F5602F06D01846FFF7EAFF10BD1B6AD0
:104550001B6B18471A7B002AF5D19A6A22F48072E5
:104560009A629A6AD204EED49A6A42F001029A627E
:10457000E9E700BF704700BF08B5406AFFF7FAFFE0
:1045800008BD00BF704700BF406A08B5836A43F0AA
:1045900040038362C36A43F00403C362FFF7F2FF80
:1045A00008BD00BF002330B583B0019390F82430DC
:1045B000012B73D0012380F824300246D0F800C0CC
:1045C000D1E90003062B35D90C2B56D81F25073B04
:1045D000DCF8304003EB830300FA03FE05FA03F333
:1045E00024EA030343EA0E03CCF8303009288B6831
:1045F00033D90724A0F10A0EDCF80C100EEB4E0E96
:1046000003FA0EF304FA0EFE21EA0E010B43CCF876
:104610000C30A0F11003012B2DD8324B9C4540D01B
:104620000120936A43F020039362002382F8243030
:1046300003B030BD1F25013BDCF8344003EB83039E
:1046400000FA03FE05FA03F324EA030343EA0E0328
:104650000928CCF834308B68CBD84FF0070EDCF843
:10466000101000EB400083400EFA00F021EA000138
:104670000B43CCF810300020D7E71F250D3BDCF8AA
:104680002C4003EB830300FA03FE05FA03F324EA4C
:10469000030343EA0E03CCF82C30A7E7022003B053
:1046A00030BDDCF808301B02E5D4DCF808301028F7
:1046B00043F40003CCF80830DDD10B4B0B491B68E9
:1046C000A1FB03139B0C03EB83035B000193019B92
:1046D000002BD0D0019B013B0193019B002BF9D112
:1046E000C9E700BF002401400000002083DE1B4317
:1046F000002330B5026883B001939368D90727D4AB
:104700001B4B04461B681B489168A0FB030341F048
:1047100001019B0C91600193019B2BB1019B013B1B
:104720000193019B002BF9D1FFF724FE2368054676
:104730009B68DA070CD4FFF71DFE401B0228236894
:1047400003D99A6812F0010205D09B68DB07F2D505
:10475000002003B030BD0120A36A84F8242043F078
:104760001003A362E36A0343E36203B030BD00BFFA
:104770000000002083DE1B43F8B50446424D00686C
:10478000A84216D0414B984213D094F82430012B04
:1047900018D00123204684F8243017460E46FFF730
:1047A000A7FF054688B1002384F824300125284658
:1047B000F8BD354B5B6813F4702FF7D194F82430B3
:1047C000012BE6D102252846F8BDA06A21682F4BAF
:1047D00020F4706020F0010040F480709942A062E3
:1047E00043D0A36A23F48013A3624B685A0505D50E
:1047F000A36A23F4405343F48053A36200206FF074
:10480000020CA36A84F8240013F4805318BFE36AEF
:10481000206ADFF87CE018BF23F00603E362C0F8EB
:1048200028E0DFF870E03B46C0F82CE0DFF868E0F5
:104830003246C0F830E0C1F800C0D1F808C04C31B1
:104840004CF4807C41F844CC00F01EFD23682846DF
:104850009A6802F46022B2F5602F9A680CBF42F4A5
:10486000A00242F480129A60F8BDA3F580635A68F2
:1048700012F4702FB5D0A26A42F48012A2625B6873
:104880005B05BBD5B4E700BF002401400028014010
:1048900025450008794500088945000838B50368B2
:1048A0009A68D40701D4002038BD9A68044622F0E3
:1048B00001029A60FFF75EFD236805469B68D807F2
:1048C000F1D502E09368DB07EDD5FFF753FD431BFD
:1048D000022B2268F6D99368D907F3D50120A36A81
:1048E00043F01003A362E36A0343E36238BD00BFF1
:1048F000002370B582B0019390F82430012B5FD073
:10490000012380F824300446FFF7C8FF054628B18C
:104910000023284684F8243002B070BDA36A314ACF
:1049200023F4885323F0020343F00203A36202201E
:10493000166801F045FDB6FBF0F676000196019B86
:104940002BB1019B013B0193019B002BF9D1204628
:10495000FFF7CEFE2268936843F008039360FFF7E9
:1049600009FD22680646936818070BD5FFF702FD7C
:10497000831B0A2B226802D99368190724D49368F1
:104980001B07F3D4936843F004039360FFF7F2FC32
:10499000236806469B6858070BD5FFF7EBFC831B83
:1049A0000A2B226802D9936859070DD493685B07D4
:1049B000F3D4A36A23F0030343F00103A362A7E740
:1049C0000225284602B070BD0125A36A284623F0BF
:1049D000120343F01003A362002384F8243002B0D2
:1049E00070BD00BF0000002000287DD038B590F8D1
:1049F00020300446002B74D02268136843F0010372
:104A00001360FFF7B7FC054604E0FFF7B3FC401B5B
:104A10000A285DD823685A68D107F6D51A6822F0AB
:104A200002021A60FFF7A6FC054604E0FFF7A2FCAD
:104A3000401B0A284CD823685A689207F6D4227E75
:104A40000025012A1A684FF0010C0CBF42F08002C9
:104A500022F080021A60627E2846012A1A680CBF82
:104A600042F0400222F040021A60A27E012A1A6837
:104A70000CBF42F0200222F020021A60E27E012ADE
:104A80001A680CBF22F0100242F010021A60227F56
:104A9000012A1A680CBF42F0080222F008021A60CC
:104AA000627F012A1A680CBF42F0040222F004025D
:104AB0001A60D4E902210A4321690A4361690A4361
:104AC000616801390A43DA61656284F820C038BD43
:104AD0000522636A012043F40033636284F82020D6
:104AE00038BDFCF7E3FE87E70120704790F82020EF
:104AF0000346013A012A05D95A6A012042F480226C
:104B00005A6270474FF0010C03684869D3F80022DD
:104B100010B542EA0C02C3F80022D3F81C4200F0A0
:104B20001F02D1F81CE00CFA02F224EA020CC3F8CE
:104B30001CC2BEF1000F41D1D3F80CC2CC682CEAE4
:104B4000020CC3F80CC2B1F804C003EBC0004CEA7D
:104B5000044CC0F840C28C68B1F800C04CEA044C68
:104B6000C0F844C2886918BBD3F8040220EA0200E6
:104B7000C3F804020869A8B9D3F8140220EA0200B5
:104B8000C3F81402096A012904D1D3F81C120A439C
:104B9000C3F81C22D3F80022002022F00102C3F83F
:104BA000002210BDD3F814021043C3F81402E9E741
:104BB000D3F804021043C3F80402DBE7BEF1010F8F
:104BC000D0D1D3F80CC20C684CEA020CC3F80CC26A
:104BD000B1F804C003EBC0004CEA044CC0F840C27A
:104BE0008C68B1F80CC04CEA044CC0F844C2B9E778
:104BF00038B590F820300446012B05D0436A43F4C1
:104C000000234362012038BD0223026880F820306F
:104C1000136823F001031360FFF7ACFB054604E0C3
:104C2000FFF7A8FB431B0A2B07D823685B6813F028
:104C30000103F5D11846636238BD0522636A43F467
:104C40000033636284F82020DCE700BF10B590F8E1
:104C500020C01C460CF1FF3C0368BCF1010FD3F8E7
:104C600008E038D81EF0E05F4AD0CEF3016EBEF106
:104C7000030F36D0012000FA0EF02060D1E9020CBB
:104C8000A0B340EA0C00D1F804C040EACC000EF119
:104C9000180C4FEA0C1C43F80C00086903EB0E1CBF
:104CA000CCF88401097D012905D1DCF8841141F497
:104CB0008071CCF88411516803EB0E13C3F88C118A
:104CC00012680020C3F88821DCF8803143F001032A
:104CD000CCF8803110BD436A43F480234362012045
:104CE00010BD436A43F400034362F8E708684CEAE6
:104CF00040500EF1180C4FEA0C1C43F80C00CCE7A6
:104D0000436A43F400134362E9E700BF90F820C010
:104D10000CF1FF3CBCF1010F73D830B5D0F800C0E6
:104D200051B9DCF80CE01EF0030F0AD1436A43F4DA
:104D300000134362012030BDDCF810E01EF0030FC9
:104D4000F4D00CEB011EDEF8B04104F004049460D2
:104D5000002C5CD0DEF8B041E4085460DEF8B041CD
:104D60000CEB011C04F00204D460DEF8B44104F042
:104D70000F041461DEF8B441DEF8B4E1DCF8B85198
:104D80004FEA1E4EC4F3072CC2F818C0C2F814E054
:104D90001D70026802EB0112D2F8B821120A5A7093
:104DA000026802EB0112D2F8B821120C9A70026864
:104DB00002EB0112D2F8B821120EDA70026802EB8F
:104DC0000112D2F8BC211A71026802EB0112D2F86A
:104DD000BC21120A5A71026802EB0112D2F8BC21FE
:104DE000120C9A71026802EB0112D2F8BC21120E69
:104DF000DA71036881B9DA6842F02002DA600020D3
:104E000030BD436A43F48023436201207047DEF8DB
:104E1000B041640D1460A1E71A6942F020021A61E2
:104E2000EDE700BF90F820200346013A012A05D99A
:104E30005A6A012042F480225A62704702680020B8
:104E400053690B4353617047704700BF704700BF01
:104E5000704700BF704700BF704700BF704700BF7A
:104E6000704700BF704700BF704700BF704700BF6A
:104E7000704700BF704700BF03682DE9F0435C69CD
:104E80005F689A68D9681E690546B0469E6983B016
:104E9000B14614F0010625D0D60700F188804FF402
:104EA000005C4FF4804E0026D0050DD54FF4807085
:104EB0002B689860930500F1C180500500F1DF80F8
:104EC000130540F1F7807646D0030BD54FF48030C0
:104ED0002B689860930300F1A480500340F1D180C7
:104EE00046F40046230701D5C8065AD4620701D507
:104EF0000B0776D4A00703D52B68DB68990777D119
:104F0000620602D518F0100F61D1A30602D518F081
:104F1000080F78D1E00603D52B681B6999075CD18F
:104F2000A20301D5FB0667D4E00301D5390771D48C
:104F3000220431D57B072A682CD509F0010314F42B
:104F4000807F43EA060318BF1E46A70517D519F050
:104F5000020F14D0600546F0020604F4006377D512
:104F600019F0040F72D193B9042353606B6A284679
:104F700033436B62FFF77EFF03B0BDE8F08361054A
:104F800004F4006302D519F0040F5FD113B119F0D6
:104F9000700362D104235360002EE7D103B0BDE853
:104FA000F08310222B6846F40076DA609EE7012633
:104FB0009E6096073BD4530768D4160740F1828061
:104FC0004FF4405C4FF4A04E4FF480566CE7102233
:104FD0002B6846F480661A6197E72846FFF742FF80
:104FE0009EE708222B682846DA60FFF739FF81E741
:104FF0002846FCF7D3FC83E710222B6828465A602A
:10500000FFF734FF90E708222B6828461A61FFF764
:105010002BFF7FE708222B6828465A60FFF728FFFE
:1050200086E728460091FFF713FF00995AE7CDE97C
:105030000021FFF709FFDDE9002130E72846CDE92F
:105040000021FFF703FFDDE900213DE746F00406FC
:10505000002B89D019F0700386D0402B44D01CD887
:10506000202B5CD0302B51D0102B38D104219369E8
:1050700046F0080623F070039361516076E76646B8
:1050800022E7120325D546F480362BE74FF4205C47
:105090004FF4904E4FF4006606E7502B2DD0602B56
:1050A0001DD10421936946F4807623F07003936147
:1050B00051605BE72846CDE90021FFF7CDFEDDE931
:1050C000002101E7CDE90021FFF7C4FEDDE9002161
:1050D000E5E628460091FFF7C1FE009902E79369D3
:1050E00023F07003936155E70421936946F040066D
:1050F00023F070039361516038E70421936946F00F
:10510000800623F07003936151602FE704219369B7
:1051100046F0200623F070039361516026E70421D6
:10512000936946F0100623F07003936151601DE708
:105130004FF6FF0C06490302CA6803F4E06302EA73
:105140000C02134343F0BF6343F40033CB6070475A
:1051500000ED00E0164B00B5DB68C3F30223A3F1BA
:10516000030CBCF1040F19D84FF0FF3EC3F1070345
:105170000EFA03F3DB430EFA0CFE22EA0E0219408C
:1051800001FA0CF1114300284FEA01110ADB00F18A
:10519000604000F5614080F8001300BD00220F233D
:1051A0009446ECE7034B00F00F00C318197600BDDE
:1051B00000ED00E0FCEC00E0002807DB012300F03C
:1051C0001F01034A40098B4042F82030704700BF5E
:1051D00000E100E0BFF34F8F0549064BCA6802F4B7
:1051E000E0621343CB60BFF34F8F00BFFDE700BF0A
:1051F00000ED00E00400FA050138B0F1807F01D332
:10520000012070474FF0E02300224FF0F00C0721FF
:105210005861034880F823C09A61104619617047AD
:1052200000ED00E038B3034605C810B54FF4807EAA
:105230004FF0000C9968DC680A4310492243104C77
:105240004118A4FB01410909890019641969DC6945
:105250000A4359690A4399690A43016822436FF373
:105260000D110A430749D9630260A3F820E06046A4
:10527000C3F838C010BD0120704700BFF8FFFDBF64
:10528000CDCCCCCC0000024090F820C0BCF1010F86
:1052900040D010B596461A46012390F821C080F8F8
:1052A00020309C4504D0002380F82030022010BD1F
:1052B000022380F821300023046C836303680CFA16
:1052C00004F4D3F800C02CF0010CC3F800C0D0F8EF
:1052D0003CC0CCF804405A604268102AC26A0BBF36
:1052E000C3F808E09960D960C3F80CE04AB11A68C5
:1052F00042F00E021A601A68002042F001021A60A1
:1053000010BD1A6822F004021A601A6842F00A02FC
:105310001A60F0E70220704790F821200346022A25
:1053200006D004229A630022012083F820207047CF
:105330004FF0010C1A680020116821F00E01116075
:10534000116821F001011160D3E90F120CFA02F289
:105350004A60002283F821C083F82020704700BFF4
:1053600008B590F821200346022A03D00422012028
:105370009A6308BD02681C481168824221F00E0140
:105380001160116821F00101116021D017498A4292
:105390001CD014318A421DD014318A421DD01431E0
:1053A0008A421DD014318A4214BF4FF080724FF4EC
:1053B00080124FF48070DFF838C0596BCCF80420AD
:1053C000188409B118468847002008BD1022F0E76C
:1053D0000122EEE74FF48072EBE74FF48052E8E7EA
:1053E0004FF48032E5E700BF080002401C00024095
:1053F00000000240042210B5C46B016CD4F800C058
:1054000003688A4012EA0C0FD3F800E020D01EF0A7
:10541000040F1DD01A68910603D41A6822F0040202
:105420001A60414A93425FD01432934265D01432DD
:1054300093426CD0143293426FD01432934261D0B5
:105440001432934214BF4FF080624FF480024CE05C
:1054500002228A4012EA0C0F23D01EF0020F20D045
:105460001A68920606D401211A6822F00A021A600C
:1054700080F821102C4A93422DD01432934244D00C
:105480001432934246D01432934238D014329342AD
:1054900046D01432934214BF4FF000724FF4001202
:1054A0001AE008228A4012EA0C0F1CD01EF0080FE6
:1054B00019D01A684FF4807C22F00E021A60012382
:1054C000026B03FA01F161608363A0F820C052B15E
:1054D000BDE81040104702220021144C836A62602C
:1054E00080F8201033B910BD04221049C36A4A6005
:1054F000002BF8D0BDE8104018474022F5E74FF4E4
:105500000052E9E74FF48022EFE72022E4E74FF46E
:105510008062EAE74FF40072DEE74FF48042E4E78E
:105520004FF40032D8E700BF0800024000000240FC
:105530002DE9F04FDFF8BC9183B099F81840012CA9
:1055400000F0CA809A46012388469346064689F8A9
:105550001830FEF70FFF4CF250350746664C04E05A
:10556000FEF708FFC01BA8425DD8E368DA07F7D44E
:10557000E3689B0644BF2023E3605F4BDA68D706ED
:1055800058D4DA69D50755D4DF6817F0040751D12C
:10559000012E03D0022E14BF0426022608EB460378
:1055A0004CF25036544C0193C7F120010AFA01F134
:1055B0002BFA07F30B430021A7F12002C9F81C10B6
:1055C0002AFA02F21343226942F001022261A8F88A
:1055D0000030FEF7CFFE054604E0FEF7CBFE401B91
:1055E000B0421CD8E368D907F7D4E3689A0644BFF1
:1055F0002023E360E368DB063ED4E369DD073BD4A8
:10560000E06810F0040037D1236908F1020823F0A4
:1056100001032361019B10379845C5D104E023693C
:1056200023F0010323610320002389F8183003B01D
:10563000BDE8F08F304BDB6813F0100350D104212C
:105640002D4AD268540706D50B46D9F81C2042F0E3
:105650000102C9F81C20284AD169C80709D5D9F820
:105660001C1041F00401C9F81C10D16921F001019E
:10567000D161214AD3602BE01F4BDA6812F010028F
:1056800028D014211022D9F81C3043F00203C9F8A5
:105690001C30194BDB68580706D50A46D9F81C3070
:1056A00043F00103C9F81C30134BD969C90709D568
:1056B000D9F81C1041F00401C9F81C10D96921F077
:1056C0000101D9610C4BDA601A6922F001021A61FA
:1056D0000120A9E70421DCE7022003B0BDE8F08F38
:1056E000D9F81C20142142F002021023C9F81C2012
:1056F000A6E700BFE00C002000200240064B18691E
:1057000010F0800006D00549054A59605A601869B2
:10571000C0F3C010704700BF00200240230167455E
:10572000AB89EFCD034A0020136943F08003136176
:10573000704700BF0020024010B5044682B0FEF75B
:1057400019FE621C10D0002C4FD00146294AD368A4
:10575000DB070DD50191FEF70DFE0199254A401A90
:105760008442F4D2032014E0224AD368DC07FCD43C
:10577000204BDA68910644BF2022DA601D4BDA68BC
:10578000D20608D4DA69D40705D4D86810F004002A
:1057900001D102B010BD174BDB6813F010031CD110
:1057A0000421144AD268500705D50B461249CA692C
:1057B00042F00102CA610F4AD169C90708D50E48F3
:1057C000C16941F00401C161D16921F00101D161D8
:1057D0000120084AD36002B010BD07481421C269F5
:1057E000102342F00202C261DBE7024BDB68D807FC
:1057F000B8D4BDE700200240E00C00202DE9F843BA
:105800002C4E337E012B52D0012333760368804621
:10581000022B89464CF250302ED0FFF78DFF074601
:1058200068BB4FF0FF33C9F80030D8E9025305EBED
:1058300083239D4223D2204C07E005F58065D8E9FB
:10584000023203EB8223AB421AD9F76123694CF28F
:10585000503043F0020323616561236943F0400344
:105860002361FFF769FF236923F002032361002806
:10587000E3D0C9F8005003E0FFF75EFF20B101203C
:1058800000233376BDE8F8830B4CF06123694CF2BA
:10589000503043F004032361236943F04003236144
:1058A000FFF74AFF236923F004032361E8E702209E
:1058B000BDE8F883E00C0020002002402DE9F04F05
:1058C0000C6883B0002C00F0B980B94B984200F00E
:1058D000E380002201250F2792461346DFF8D48289
:1058E00006E0013334FA03F602F1040200F0A68068
:1058F00005FA03F636EA040E06EA040CF1D14C6808
:10590000122C00F2AF80122C16D8DFE814F0BE0083
:105910001300A700A40115001500150015001500BF
:1059200015001500150015001500150015001500CF
:10593000A3009F00D1F80CA0BCF1FF0F99BF8646D1
:10594000164600F1040EA2F12006DEF8004007FA28
:1059500006F924EA09040AFA06F63443CEF80040B0
:105960004C68E60070D5D8F8186003F0030946F0DB
:105970000106C8F81860D8F818604FEA890906F0DF
:1059800001060196019E23F0030606F1804606F506
:105990008036D6F808E007FA09FB2EEA0B0EDFF88E
:1059A00018B2584500F03781DFF810B2584500F0C2
:1059B0004481DFF80CB258450CBF4FF0030B4FF099
:1059C000040B0BFA09F949EA0E0EC6F808E0DFF8F5
:1059D000F4E114F4803FDEF8006014BF46EA0C06E0
:1059E00026EA0C06CEF80060DFF8D8E114F4003F98
:1059F000DEF8046014BF46EA0C0626EA0C06CEF870
:105A00000460DFF8C0E114F4801FDEF8086014BF02
:105A100046EA0C0626EA0C06CEF80860694E14F435
:105A2000001FF4680DD044EA0C04F4600C680133E4
:105A300034FA03F602F104027FF45AAF03B0BDE872
:105A4000F08F24EA0C04F4600C684AE7CC6804F197
:105A50000C0A71E7CC6804F1040A6DE7CC6804F124
:105A6000080A69E7DFF860E174450ED000F2DA80D9
:105A7000AEF5801E744508D00EF5702E744504D026
:105A8000AEF5801E74457FF457AF8C68002C40F053
:105A9000DB804FF0040A4FE74FF000096FF01F055D
:105AA0004FF0010C4FF00F084B46DFF808E1474F6D
:105AB00005E0013334FA03F205F10405BED00CFA17
:105AC00003F232EA040A04EA0206F2D14C68122C0C
:105AD00000F2C480122C16D8DFE814F0D2001300B4
:105AE000DF00F40015001500150015001500150065
:105AF0001500150015001500150015001500E30030
:105B0000DB00D1F80C90FF2E62D9AA463C462268F1
:105B100008FA0AFB22EA0B0209FA0AFA42EA0A0226
:105B200022604A68D40057D5DEF8184003F0030A13
:105B300044F00104CEF81840DEF818404FEA8A0A13
:105B400004F001040194019C23F0030404F1804457
:105B500004F58034D4F808B008FA0AFA2BEA0A0AE5
:105B6000C4F808A0D40339D5DFF858A0DAF800400B
:105B70003443CAF8004094033AD5DFF848A0DAF875
:105B800004403443CAF80440D4023BD5DFF834A0C3
:105B9000DAF808403443CAF808400A4C12F4001FEF
:105BA000E2680CBFB2433243E2600C6881E700BF99
:105BB0000008014000100240000C014000100140AC
:105BC00000140140000401400000221004080140BC
:105BD00004464FEA830A9AE70C686AE7DFF8F0A008
:105BE000DAF8004024EA0604CAF800409403C4D45A
:105BF000DFF8DCA0DAF8044024EA0604CAF804401E
:105C0000D402C3D4DFF8C8A0DAF8084024EA0604B6
:105C1000CAF80840C1E74FF0010B0BFA09F949EA4D
:105C20000E0ED2E6DFF8ACE074453FF42EAF0EF571
:105C3000803E74457FF480AE27E74FF0020B0BFAED
:105C400009F949EA0E0EC0E6012C4FF0080A0CBF14
:105C50000661466170E64FF0000A6DE6DFF878A055
:105C600054450DD021D8AAF5801A544508D00AF51C
:105C7000702A544504D0AAF5801A54457FF443AFE6
:105C80008C68E4B1012C154C1FD062614FF00809FB
:105C900039E7CA6802F10C0935E7CA6802F1080958
:105CA00031E7CA6802F104092DE7DFF828A054455E
:105CB000E6D00AF5803A54457FF425AFE0E74FF08F
:105CC000040920E74FF000091DE72261DEE700BF6D
:105CD00000040140000031100000221000080140C3
:105CE0008368194214BF01200020704702B90904DB
:105CF00001617047002800F0BA8170B5036804465E
:105D0000DA0782B035D59C494A6802F00C02042AB1
:105D100000F0EF804A6802F00C02082A00F0E580EB
:105D20006368B3F5803F10D0002B00F00D81B3F510
:105D3000A02F00F08781904B1A6822F480321A60FD
:105D40001A6822F480221A6004E08B4A136843F434
:105D500080331360FEF70EFB054605E0FEF70AFBF5
:105D6000401B642800F2ED80834B1B689803F5D537
:105D700023689A0729D5804A516811F00C0F00F06A
:105D80008E80516801F00C01082900F0848023699D
:105D9000002B00F01C810122784B1A60FEF7EAFA12
:105DA000054605E0FEF7E6FA401B022800F2C9802E
:105DB000714B1B689807F5D56F4962690B6823F032
:105DC000F80343EAC2030B6023681A071FD45D0778
:105DD00042D5694BDA69D0007CD50026684B1B6838
:105DE000D90540F19C80E368012B00F00181002B74
:105DF00000F0CC80052B604B1A6A00F0308122F055
:105E000001021A621A6A22F004021A62F5E0A3691A
:105E1000002B4ED00122594BC3F88024FEF7AAFA7A
:105E2000054605E0FEF7A6FA401B022800F289802D
:105E3000514B5B6A9B07F5D5524B534A1B68A2FB3B
:105E400003235B0A019300BF019B5A1E0192002BA2
:105E5000F9D123685D07BCD4E369CBB1464A5268E7
:105E600002F00C02082A00F0DB800022022B434BD8
:105E70001A6600F0FE80FEF77DFA044604E0FEF7A5
:105E800079FA001B02285CD83B4B1B689B01F6D4B7
:105E9000002002B070BD5268D6033FF578AF364A95
:105EA000126895072FD52269012A2CD0012002B053
:105EB00070BD324AC2F88034FEF75CFA054604E051
:105EC000FEF758FA401B02283BD82B4B5B6A9E0713
:105ED000F6D4BEE7DA69012642F08052DA61DB6966
:105EE00003F080530093009B78E74A68D6037FF560
:105EF00017AF214A126895037FF53BAF6268002A0D
:105F00007FF437AFD2E71C4960690A6822F0F802D3
:105F100042EAC0020A601A077FF559AF77E7184ACC
:105F2000136843F480731360FEF724FA0546144B9C
:105F30001B68DA053FF557AFFEF71CFA401B6428D3
:105F4000F5D9032002B070BD0B4A136823F48033E7
:105F50001360136823F480231360FEF70BFA0546E1
:105F600004E0FEF707FA401B6428EAD8024B1B68DE
:105F70009903F6D4FCE600BF001002400000424244
:105F80000070004000000020D34D6210524A136A96
:105F900023F001031362136A23F004031362FEF774
:105FA000E9F9054606E0FEF7E5F941F28833401BC2
:105FB0009842C6D8484B1B6A9807F4D4002E3FF489
:105FC0004BAF454AD36923F08053D36144E7434A3A
:105FD0001360FEF7CFF9054604E0FEF7CBF9401B4E
:105FE0000228AED83C4B1B689907F6D42368ECE630
:105FF000394A136A43F001031362FEF7BBF9054601
:1060000006E0FEF7B7F941F28833401B984298D872
:10601000314B1B6A9B07F4D5002E3FF41DAFD0E730
:10602000012B3FF443AF2C4B226A5B6803F48031B1
:1060300091427FF43BAF606A03F47013181A18BFE3
:10604000012026E703F18043A3F53C331A6842F4AC
:1060500080221A601A6842F480321A607AE642F0AE
:1060600004021A621A6A42F001021A62C5E70120AC
:106070007047FEF77FF9054605E0FEF77BF9401B08
:1060800002283FF65EAF144B1B689901F5D4236AD2
:10609000B3F5803F06D11048A168426822F400326F
:1060A0000A4342600120616A0B4C0B4362680B4952
:1060B00022F47412134363600866FEF75BF904462A
:1060C00005E0FEF757F9001B02283FF63AAF024BF6
:1060D0001B689A01F5D5DBE6001002400000424241
:1060E00078B15F4A136803F007038B420BD2136841
:1060F00023F007030B431360136803F007038B427D
:1061000001D0012070472DE9F041036886B09D075A
:1061100014D55C0704D5534C626842F4E0626260B7
:106120001A0704D54F4C626842F4605262604D4CCD
:106130008568626822F0F0022A436260DB078846C5
:10614000074620D54268474B012A1B687CD0022AAB
:1061500077D09C0728D5434C41F28835636823F0FB
:10616000030313436360FEF705F9064604E0FEF7F8
:1061700001F9801BA8426CD863687A6803F00C03AD
:10618000B3EB820FF3D1364A136803F0070343459C
:106190000ED9136823F0070343EA0803136013685A
:1061A00003F00703434503D0012006B0BDE8F081AA
:1061B0003B68580706D52B49F8684A6822F4E06224
:1061C00002434A60190731D440F20124264B06AD40
:1061D0000FCB05E90F002349ADF804404A6802F0EF
:1061E0000C03042B33D0082B29D1C2F383436B4417
:1061F000D2031B7A2FD54A681C49C2F3404201FBE7
:1062000003F36A441279B3FBF2F3164A1848526852
:106210001849C2F30312805C174AC3400868136030
:10622000FEF762F8002006B0BDE8F0810D4A39693A
:10623000536823F4605343EAC1035360C4E70F4B30
:10624000E3E79D0187D4AFE79E0384D4ACE7074B17
:10625000DBE70320A9E70A4A02FB03F3D5E700BF07
:106260000020024000100240EC3A0108001BB70079
:1062700070320108080000200000002000127A009F
:1062800000093D00044B054A5B680549C3F302233E
:10629000CB5C1068D840704700100240000000201E
:1062A00068320108044B054A5B680549C3F3C22301
:1062B000CB5C1068D84070470010024000000020FE
:1062C00068320108F0B503680446D80783B02DD5BD
:1062D000384BDA69D1003FD5374D00272B68DA05F6
:1062E00048D5344D61682B6A13F4407312D001F421
:1062F00040729A420ED000204FF0010C2B6A2F4AB8
:1063000023F44071C2F840C4C2F84004D80729629F
:1063100042D46168274A136A23F440730B43136223
:106320001FB1D36923F08053D36123689A0706D540
:106330002049A0684A6822F4404202434A60DB06D2
:1063400002D4002003B0F0BD1A4AE168536823F478
:1063500080030B435360F4E7DA69174D42F0805233
:10636000DA61DB69012703F080530193019B2B68FD
:10637000DA05B6D42B6843F480732B60FDF7FAFF7F
:1063800006462B68DB05ACD4FDF7F4FF801B6428C0
:10639000F7D9032003B0F0BDFDF7ECFF06462B6AEA
:1063A0009907B6D4FDF7E6FF41F28833801B984287
:1063B000F5D9EEE7001002400070004000004242B4
:1063C00000B5334B87B084460FCB0DF1180E0EE9A4
:1063D0000F0040F20123BCF1020FADF8043028D0C9
:1063E000BCF1100F05D0BCF1010F2ED0002007B07A
:1063F00000BD284B5A68186810F08070F7D0C2F3BF
:1064000083416944D203087A3ED55B68224AC3F3CC
:1064100040436B441B79B2FBF3F303FB00F01D4BCD
:106420005B685B02E3D41D4B4000A3FB00304008D7
:10643000DDE7FFF737FF174B5B68C3F381330133A9
:106440005B00B0FBF3F007B000BD124A106A00F425
:106450004073B3F5807F0BD0B3F5007F0CD0B3F55C
:10646000407FC3D1106810F40030C0D00C48BEE7A4
:10647000C0F34000C003BAE7536A49F6404013F046
:10648000020F08BF0020B2E7064B03FB00F0C6E78F
:10649000EC3A010800100240001BB700ABAAAAAA00
:1064A000366E010000093D00F0B585B09D18164616
:1064B0000C460746FDF75EFF2D1AFDF75BFF284BE4
:1064C00001361B68C3F3CB3305FB03F3039315D0ED
:1064D00002463B689B6834EA030314D10192FDF73E
:1064E00049FF019A801AA84210D20399039B002900
:1064F00003F1FF3308BF00250393EAE73A68936886
:1065000034EA0303FBD0002005B0F0BDD7E9003129
:106510005A68B1F5827F22F0E0025A6013D0BA6A5D
:10652000B2F5005F07D11A6822F400521A601A68A7
:1065300042F400521A6001220023032087F8512000
:1065400087F85030E0E7BA68B2F5004F02D0B2F5F4
:10655000806FE4D11A6822F040021A60DFE700BFC2
:1065600000000020002862D030B5426A034683B0A4
:10657000002A4BD00022C0E90422002193F85120C8
:10658000996202F0FF0C002A46D00D46D3E90121A2
:1065900002204FF0000E01F4044102F482720A431B
:1065A000D96883F85100186901F400610A4300F0CA
:1065B0000200024358699C6900F001000243D86957
:1065C00004F4007400F0380C186A2243196800F0D3
:1065D000800042EA0C0202439869D1F800C0000C26
:1065E0002A4300F004002CF0400CC1F800C00A60FF
:1065F0004860CA69704622F40062CA614FF0010225
:10660000C3F854E083F8512003B030BD4168B1F5C0
:10661000827FB2D0C261B0E7184683F850C00193C0
:10662000FBF732FB019B9A6A02F40055AEE70120AA
:10663000704700BFF0B5044690F8500085B00128BF
:1066400000F08E801646012284F850200D460193FA
:10665000FDF790FE074694F8510062680128019BFF
:10666000C1B210D0B2F5827F08D0022001220023EF
:1066700084F8512084F8503005B0F0BDA06800289F
:10668000F3D10429F1D1002D72D0002E70D0002B4F
:106690006ED094F85110206804291CBF052184F89D
:1066A000511000216165E387E386C4E91011016898
:1066B000A6634906A3872563A38603D4016841F036
:1066C00040010160E168B1F5006F00F08680002AAA
:1066D0007AD0012B78D00A9B0125013326D049E0DE
:1066E0002268936899070ED5E38E9BB25BB155B1D2
:1066F0000025236B1B781373E18E236B0139013363
:106700002268E1862363936813F001030CD0E18FC4
:1067100089B249B1D2681D46A36B1A70A26BE38F90
:106720000132013BA263E387FDF724FEE38E9BB2B7
:10673000002BD5D1E38F9BB2002BD1D13B468021DA
:1067400020460A9AFFF7B0FE68B9A368002B8DD1E6
:1067500023680390DA6803929B680393039B85E7A1
:10676000022005B0F0BD2022636D134363656265AE
:1067700001207BE7E38E9BB21BB9E38F9BB2002B1A
:10678000DCD0226893689B070ED5E38E9BB25BB189
:1067900055B10025236B1B781373226BE38E0132F6
:1067A000013B22632268E386936813F0010303D060
:1067B000E18F89B200297ED1FDF7DCFD0A9BC01B69
:1067C0009842D7D3032051E72B780373226BE38ED3
:1067D0000132013B2263E3867DE7002A38D1294656
:1067E00031F8023BC360E38E2163013BE3860A9BE1
:1067F0000125013323D02EE0226893689E070CD533
:10680000E38E9BB24BB13DB1216B31F8023BD360BB
:10681000E38E2163013BE3860025936813F00103B7
:106820000BD0E18F89B241B11D46D368A26B22F82B
:10683000023BE38FA263013BE387FDF79BFDE38E01
:106840009BB2002BD8D1E38F9BB2002BD4D175E73C
:10685000012BCCD1C3E7E38E9BB223B9E38F9BB26C
:10686000002B3FF46BAF2268936898070CD5E38E3A
:106870009BB24BB13DB1216B31F8023BD360E38E4B
:106880002163013BE3860025936813F001030BD0DD
:10689000E18F89B241B11D46D368A26B22F8023B59
:1068A000E38FA263013BE387FDF764FD0A9BC01BF6
:1068B0009842D0D386E7D2681D46A36B1A70A26BAC
:1068C000E38F0132013BA263E38775E7002865D0BF
:1068D00030B590F83D20034683B002F0FF01002A56
:1068E00055D0D3E900100222DFF8B4C0DC6883F889
:1068F0003D2061452546D3F818E00A6829D0B1F15A
:10690000804F26D0274CA14238D004F58064A142A4
:1069100034D022F0800242EA0E020A60CD62886220
:10692000012200204A6183F8462083F83E2083F844
:106930003F2083F8402083F8412083F8422083F8E9
:10694000432083F8442083F8452083F83D2003B09A
:1069500030BD9C6822F0700222431C6922F4407210
:10696000224322F0800242EA0E020A600C4ACD6203
:1069700091428862D4D15A690A63D1E79C6822F0B7
:10698000700222431C6922F440722243C1E780F85E
:106990003C100190FBF7FCFB019BA2E70120704734
:1069A000002C01400004004090F83D30012B1FD125
:1069B0000222036880F83D20DA680E4942F00102A5
:1069C0008B42DA6009D0B3F1804F06D00A4A934275
:1069D00003D002F58062934204D19A6802F0070264
:1069E000062A03D01A6842F001021A60002070479C
:1069F00001207047002C014000040040002865D0B1
:106A000030B590F83D20034683B002F0FF01002A24
:106A100055D0D3E900100222DFF8B4C0DC6883F857
:106A20003D2061452546D3F818E00A6829D0B1F128
:106A3000804F26D0274CA14238D004F58064A14273
:106A400034D022F0800242EA0E020A60CD628862EF
:106A5000012200204A6183F8462083F83E2083F813
:106A60003F2083F8402083F8412083F8422083F8B8
:106A7000432083F8442083F8452083F83D2003B069
:106A800030BD9C6822F0700222431C6922F44072DF
:106A9000224322F0800242EA0E020A600C4ACD62D2
:106AA00091428862D4D15A690A63D1E79C6822F086
:106AB000700222431C6922F440722243C1E780F82D
:106AC0003C100190FBF7CCFB019BA2E70120704733
:106AD000002C01400004004059BB90F83E30012BCF
:106AE00033D1022380F83E300122036801F01F01F8
:106AF000186A8A4020EA02001862196ADFF878C032
:106B00000A4363451A622AD0B3F1804F06D01B4A6C
:106B1000934203D002F58062934204D19A6802F056
:106B20000702062A03D01A6842F001021A60002008
:106B3000704704290BD0082916D090F84130012B5A
:106B400003D1022380F84130CEE70120704790F84E
:106B50003F30012BF9D1022380F83F30C4E75A6C53
:106B600042F400425A64D9E790F84030012BECD14E
:106B7000022380F84030B7E7002C014000040040B9
:106B8000704700BF002865D030B590F83D2003461F
:106B900083B002F0FF01002A55D0D3E90010022291
:106BA000DFF8B4C0DC6883F83D2061452546D3F8A2
:106BB00018E00A6829D0B1F1804F26D0274CA142B5
:106BC00038D004F58064A14234D022F0800242EA39
:106BD0000E020A60CD628862012200204A6183F8B9
:106BE000462083F83E2083F83F2083F8402083F836
:106BF000412083F8422083F8432083F8442083F81F
:106C0000452083F83D2003B030BD9C6822F070021F
:106C100022431C6922F44072224322F0800242EA9D
:106C20000E020A600C4ACD6291428862D4D15A6940
:106C30000A63D1E79C6822F0700222431C6922F4A7
:106C400040722243C1E780F83C100190FFF798FFA3
:106C5000019BA2E701207047002C01400004004086
:106C600090F83C30012B00F0A78070B5D1E900C44A
:106C70002646CC6803682546D1F808E032B3042ADA
:106C800055D0082A76D0196A4FEA0C3221F4805187
:106C90001962D969D3F820C021F4407141EA062174
:106CA00064F30F31D96102F400522CF400510A430D
:106CB0001A62DA6922F44062DA61DA6942EA0E2283
:106CC000DA61002380F83C30184670BD1A6A3C4CEB
:106CD00022F001021A62A3429A69196A0DD0B3F137
:106CE000804F0AD0A4F59434A34206D004F5806402
:106CF000A34202D042F0010202E022F0030232433A
:106D000065F307129A610CF00A0C21F00A024CEAB2
:106D100002021A629A6922F00C029A619A6942EAA6
:106D20000E029A61002380F83C30184670BD1A6A42
:106D30004FEA0C1C22F010021A629A69196A22F4B6
:106D4000407242EA062264F30F329A610CF0A00C02
:106D500021F0A0024CEA02021A629A6922F440620F
:106D60009A619A6942EA0E229A61002380F83C30C7
:106D7000184670BD1A6A4FEA0C2C22F480721A620F
:106D8000DA69196A22F00302324364F30712DA6106
:106D90000CF4007C21F400724CEA02021A62DA69F7
:106DA00022F00C02DA61DA6942EA0E02DA610023AB
:106DB00080F83C30184670BD02221046704700BF74
:106DC000002C0140034690F83C00012800F0D980D7
:106DD00030B50C2A36D8DFE802F0073535356E3588
:106DE0003535A13535353A001A680C68106A20F03F
:106DF00001001062106AD2F804E0D2F818C020F046
:106E000002002CF0730C4CEA040C8C682043774C85
:106E1000A24200F0B880C2F804E0D1F804E0C2F861
:106E200018C0D1F810C0C2F834E01062916941F086
:106E300008019161916921F004019161916941EA30
:106E40000C019161002283F83C20104630BD1A6885
:106E50000C68106A20F480501062106AD2F804E0C6
:106E6000D2F81CC020F400502CF4E64C4CEA042C60
:106E70008C6840EA04305D4CA24200F0A180C2F868
:106E800004E0D1F804E0C2F81CC0D1F810C0C2F888
:106E900040E01062D16941F40061D161D16921F40F
:106EA0008061D161D16941EA0C21D161002283F86E
:106EB0003C20104630BD1A680C68106A20F01000A3
:106EC0001062106AD2F804E0D2F818C020F0200056
:106ED0002CF4E64C4CEA042C8C6840EA0410434C39
:106EE000A2425ED0C2F804E0D1F804E0C2F818C0B3
:106EF000D1F810C0C2F838E01062916941F4006125
:106F00009161916921F480619161916941EA0C215B
:106F10009161002283F83C20104630BD1A680C684D
:106F2000106A20F480701062106AD2F804E0D2F87F
:106F30001CC020F400702CF0730C4CEA040C8C681C
:106F400040EA0420294CA24240D0C2F804E0D1F823
:106F500004E0C2F81CC0D1F810C0C2F83CE01062D6
:106F6000D16941F00801D161D16921F00401D161F9
:106F7000D16941EA0C01D161002283F83C2010461E
:106F800030BD02207047CC6820F0080020432EF46A
:106F9000407ED1E905452C4320F0040044EA0E0E62
:106FA00039E7CC6820F0800040EA04102EF4406EEF
:106FB000D1E905452C4320F040004EEA840E91E7CC
:106FC0004C692EF4804E4EEA841E58E7CC6820F4BB
:106FD000006040EA04202EF4405ED1E905452C43D0
:106FE00020F480604EEA041EAFE700BF002C014091
:106FF00090F83C20012A00F0A780034602201A687E
:1070000010B583F83D009068D1F800C020F47F40AF
:1070100020F07700BCF1600F906061D01FD8BCF108
:10702000400F78D03AD9BCF1500F2FD14868D1F831
:107030000CC0116A21F00A010843116A21F0010114
:107040001162916921F0F00141EA0C119161106225
:10705000916821F0700141F05701916016E0BCF198
:10706000700F2BD0BCF5005F10D188684C68D2F847
:1070700008C0C968204340EA01202CF47F4C40EA54
:107080000C009060916841F48041916000220121E0
:1070900083F83C2083F83D10104610BDBCF1200F52
:1070A00003D053D83CF01001F0D1916821F0700169
:1070B00041EA0C0141F007019160E7E788684C68FC
:1070C000D2F808C0C968204340EA01202CF47F4C64
:1070D00040EA0C009060916841F077019160D5E73B
:1070E000D1F804C0D1F80CE0116A21F0100111624E
:1070F0009069116A20F4704021F0A00141EA0C115E
:1071000040EA0E3090611162916821F0700141F007
:1071100067019160BAE74868D1F80CC0116A21F0A4
:107120000A010843116A21F001011162916921F0FD
:10713000F00141EA0C1191611062916821F0700137
:1071400041F047019160A1E702207047BCF1300F88
:10715000ABD09BE790F83C30012B48D0022302686B
:1071600010B580F83D3093688446486823F070037A
:10717000D1F800E0034323F0070343EA0E0360283D
:1071800093604FD025D8402833D0502810D18B6839
:107190000869116A21F00A011943136A23F00103F7
:1071A0001362936923F0F00343EA001393611162C1
:1071B00000214FF0010ED368084623F04003D3604E
:1071C000D36823F48043D3608CF83DE08CF83C1006
:1071D00010BD7028ECD1CB688C6890680969234396
:1071E00020F47F4043EA012303439360E0E7022059
:1071F0007047BEF1050F0DD0106A136A096923F0BC
:1072000001031362936923F0F00343EA01139361CE
:107210001062CDE7012300228CF83D308CF83C2031
:10722000184610BD136A886823F01003D1F810E0E7
:1072300013629169136A21F4704123F0A00341EABB
:107240000E3143EA001391611362B1E790F83C20DC
:10725000012A29D0034602201A6810B583F83D00A0
:1072600050680C68DFF844E020F07000204372455D
:10727000D2F808C0506009D0B2F1804F06D00C4857
:10728000824203D000F58060824205D149682CF02B
:10729000800C4CEA010191600022012183F83C201E
:1072A00083F83D10104610BD02207047002C0140AD
:1072B00000040040002867D038B590F83D300446FF
:1072C00003F0FF02002B57D0D4E9022E24212368BB
:1072D00084F83D10D968206921F40051D4F818C011
:1072E00002436069D9601969024321F4405141EABF
:1072F0000E011961D968254821F4B05121F00C0123
:107300000A43DA605A69834222F4407242EA0C026C
:107310005A6136D0FEF7B6FF626800EB8003920038
:1073200003EB8303B3FBF2F319484FF0000EA0FB0D
:10733000035264254FF0200C520905FB12331B0148
:107340003233A0FB03032168120102EB53128A605F
:107350000B69704623F490430B614B6923F02A03B9
:107360004B61CB6843F40053CB60C4F840E084F831
:107370003DC084F83EC038BD80F83C20FAF7B6FF27
:10738000A2E7FEF78FFFC7E70120704700380140F2
:107390001F85EB512DE9F041174690F83D20202A3A
:1073A00074D10D46002941D0002F3FD090F83C20E9
:1073B0000446012A6AD0212201211E46002380F8BA
:1073C0003C10036480F83D20FCF7D4FFA26880469F
:1073D000B2F5805FA784E7845BD000270023E28CAE
:1073E00084F83C3092B22368002A58D0711C32D005
:1073F000FEB11A6810061FD4FCF7BCFFA0EB080012
:1074000086422368F5D2DA68202122F4D072DA604D
:107410005A69032022F001025A61002384F83D10CA
:1074200084F83C3084F83E10BDE8F0810120BDE8CE
:10743000F0811A681106E6D5A5B12A7801355A609F
:10744000E28C013AE284E28C92B242B3721CCFD158
:107450001A681006F1D41A681206EDD41A681206DA
:10746000F9D5E9E73A880237C2F308025A60E28C9C
:10747000013AE284E28C92B28AB1711CB8D11A68E6
:107480001206EFD41A681206E8D5D5E70220BDE847
:10749000F0812269002AA0D12F4615469EE7751C6F
:1074A0000BD09EB11B6859060AD4FCF763FFA0EB12
:1074B000080296422368F5D2A5E71A685006FCD563
:1074C000202384F83D300020BDE8F0811A68520680
:1074D00099D5F5E72DE9F0410D4690F83E1082B0C0
:1074E000202975D1002D46D0002A44D090F83C10B8
:1074F000044601296CD0012022211E46002384F875
:107500003C00236484F83E1023630192FCF732FFB1
:10751000019A8046A285E285A268B2F5805F5BD0C1
:107520000027002384F83C30E38D9BB2002B3CD035
:10753000731C24D0002E55D023681A68910622D4DB
:10754000FCF718FFA0EB08008642F5D22368202143
:1075500000250320DA6822F4D072DA605A6922F03A
:1075600001025A6184F83D1084F83C5084F83E10C2
:1075700002B0BDE8F081012002B0BDE8F0812368CF
:107580001A689006FCD5DDB1A268B2F5805F02D022
:1075900092B9226982B95B6805F8013BE28D013A34
:1075A000E285E28D92B2002AC2D12023002084F825
:1075B0003E3002B0BDE8F0815B6803F07F03EBE78B
:1075C0003A465B68C3F3080322F8023B1746E5E737
:1075D000022002B0BDE8F0812269002AA0D12F4626
:1075E00015469EE723681A689206B0D5CBE700BF20
:1075F00090F83E30202B44D1002940D0002A3ED0C4
:1076000030B590F83C300446012B83B03BD0134694
:1076100000254FF0010E4FF0220C81628385806BB4
:1076200084F83CE0AE4625632564184D84F83EC0DE
:107630000A4621688562164D0431C562154DC0F8B1
:1076400034E005637546FDF71FFE4FF00001284644
:10765000236801951A6801925A6884F83C100192D7
:10766000019ADA6842F48072DA605A6942F00102E3
:107670005A615A6942F040025A6103B030BD01209C
:10768000704702207047022003B030BDF177000838
:10769000D577000845770008034600B5026883B037
:1076A000506993F83D10212907D0506993F83E1096
:1076B00022291BD0002003B000BD0006F5D551697A
:1076C000586B21F08001516120B10193FDF724FE38
:1076D000019B1A682020D16821F0C001D16083F895
:1076E0003D00506993F83E102229E3D14106E1D5CF
:1076F0005169986B21F04001516120B10193FDF770
:107700000BFE019B1A68D16821F49071D160516918
:1077100021F001015161196B012903D1D16821F0D8
:107720001001D16020210022002083F83E101A634E
:1077300003B000BD704700BF704700BF704700BF77
:10774000704700BF08B5406A0368596990F83D204A
:10775000212A0BD0596990F83E20222A16D0036CBA
:1077600043F010030364FFF7EBFF08BD0906F1D5F2
:1077700000222021C284DA6822F0C002DA6080F898
:107780003D10596990F83E20222AE8D14A06E6D5F4
:107790000022C285DA6822F49072DA605A6922F017
:1077A00001025A61026B012A03D1DA6822F0100249
:1077B000DA602022002380F83E200363CFE700BF79
:1077C00008B50023406AC385C384FFF7B9FF08BD2D
:1077D000704700BF406A08B5036B012B02D0FFF76A
:1077E000ADFF08BD818D4908FFF7F2FF08BD00BF5E
:1077F00008B50368406A1B6813F0200313D12021E9
:107800000268C385D36823F48073D360536923F07F
:1078100001035361536923F04003536180F83E1024
:10782000036B012B09D0036B012B02D0FFF784FF00
:1078300008BD818DFFF7CCFF08BDD36823F010038E
:10784000D360F0E783680168B3F5805F826A36D061
:10785000002B2ED04B6803F07F031370826A013235
:10786000C38D8262013B9BB2C3853BBB4FF0200CB2
:10787000026800B5D16883B021F02001D160D168E1
:1078800021F48071D160516921F00101516180F8CA
:107890003EC0016B01291BD10363D16821F01001A7
:1078A000D1601168C90617D4818DFFF791FF03B02D
:1078B00000BD0369002BCDD14B68CEE7704703694B
:1078C000002BF9D14B68C3F3080322F8023BC7E74A
:1078D000FFF732FF03B000BD0193136801935368B3
:1078E0000193019BE0E700BF026800B51168034601
:1078F00011F00F0FD2F80CE085B0D2F814C017D1F8
:1079000011F0200F03D01EF0200F40F0B080186B54
:10791000012852D0080603D51EF0800F40F0B18038
:10792000490603D51EF0400F40F0CA8005B000BDE7
:107930001CF0010040F085801EF4907FE7D011F02C
:10794000010F0FD01EF4807F00F01C81D3F840C0DF
:1079500011F0040F4CF0010CC3F840C000F0C880D7
:10796000002873D111F0020F00F0C980080700F160
:107970000481186C0028D9D088060CD51EF0200F81
:1079800009D093F83E10222905D118460093FFF73D
:1079900059FF009B1A685169186C01F0400100F012
:1079A0000800014340F0B980184601910093FFF7A9
:1079B000C7FEDDE900311964B8E7C806AAD51EF094
:1079C000100FA7D04FF0000ECDF80CE01168039116
:1079D000516803910399516911F0400C00F0D78070
:1079E000986B0168496889B200299FD0B3F82CC010
:1079F0008C459BD9D985816920291AD0D1680093FB
:107A000021F48071D160516921F001015161516906
:107A100021F040015161202183F83E10C3F830E08D
:107A2000D16821F01001D160FDF776FC009BB3F81E
:107A30002CC0DA8D1846ACEB020189B2FFF7C8FE04
:107A400074E711F0010F4CD1480745D5186C40F090
:107A500002001864880741D5186C40F004001864CF
:107A6000080786D5186C40F00800186481E790F884
:107A70003E30222B7FF45AAF05B05DF804EBFFF7E0
:107A8000E1BE93F83D1021297FF450AF9868196A40
:107A9000B0F5805F00F09D80481C18620978516045
:107AA000D98C013989B2D98400297FF43FAFD368DA
:107AB00023F08003D360D36843F04003D36035E7FD
:107AC0004FF0200CD168184621F04001D16083F8B6
:107AD0003DC0FFF72FFE29E78807BDD40807C1D4B2
:107AE00047E71EF4807F7FF431AF11F0040FADD172
:107AF00011F0020F03D000283FF438AFACE711F0CB
:107B0000080F3FF436AF0EF0200C5CEA000CA9D150
:107B1000196C00297FF43FAF08E7D16821F4907118
:107B2000D160516921F001015161196B012903D123
:107B3000D16821F01001D1600021202083F83E009F
:107B400019635169490614D55169986B21F04001B8
:107B5000516170B1244A00934263FDF701FC002893
:107B60003FF4E4AE009B986B436B05B05DF804EB0B
:107B700018471846FFF7E4FDD8E61EF0200F7FF403
:107B800071AFC5E711F0040F7FF4ECAEB0E7D88D0C
:107B9000D98D89B200293FF4C9AE998D091A89B2ED
:107BA00000293FF4C3AE4FF0200ED06820F490704F
:107BB000D060506920F00100506183F83EE0C3F8C6
:107BC00030C01846D36823F01003D360FFF700FEDF
:107BD000ACE6186900287FF45FAF31F8020BC0F300
:107BE0000800506019625BE7C1770008014B185C20
:107BF000704700BF000D0020014B1954704700BFB3
:107C0000000D002008B54FF4806202490248F9F7E0
:107C1000F5FB08BD00FC0108000D002070B5002038
:107C2000002401210123144A86B0CDE90201CDE9E7
:107C300004230194FDF762FD08B106B070BD342243
:107C40000E4B01A902A8DA60FDF7D8FD78B90C4DFA
:107C5000094C0C4E01E0B44209D0D5E9002321467D
:107C60000320FDF765FC083408350028F3D0FDF744
:107C700059FD06B070BD00BF00FC010800200240A5
:107C8000000D0020000002082DE9F041054686B0F5
:107C9000FDF734FDAB68E3B1002401272646DFF889
:107CA0003C802B6801A903EB842302A8CDE90437AB
:107CB0000296FDF7A3FD4FF0FF30FDF73DFDD8F82C
:107CC0001030013423F00203C8F81030AB68A3422F
:107CD000E7D806B0BDE8F041FDF724BD0020024022
:107CE00010B50446FDF70AFD2368E36010BD00BF30
:107CF000FDF718BDF8B50E460368C168994219D35F
:107D00004468234401EB42049C4213D892B11746C5
:107D100004460025023E00E0E1680023012036F819
:107D2000022FFDF705FC013510B9E3680233E3606B
:107D3000AF42F1D1F8BD00BF054BD3F8E817D3F837
:107D4000F027B3F8EE07114440EA0140090C7047F0
:107D500000F0FF1F84460023044A05491068C1F85B
:107D600000C002221946806803F0DEBFC006002072
:107D700000110020022801D80120704708B504F046
:107D800055FA0922034600201A6008BD013801286F
:107D90000AD810B51446064A4FF0FF331068A2B255
:107DA000FFF7F8FA204610BD4FF0FF30704700BFD4
:107DB00000110020022801D80020704708B504F007
:107DC00035FA092203464FF0FF301A6008BD00BFA4
:107DD00008B504F02BFA092203464FF0FF301A6071
:107DE00008BD00BF08B558B909484FF0FF3301225C
:107DF0000068FFF76FFB002814BF0520012008BDB5
:107E000004F014FA092203464FF0FF301A6008BD4F
:107E100000110020022808B504D84FF400530020B8
:107E20004B6008BD04F002FA09230360002008BD7E
:107E3000012908B50DD0022909D104210648FDF712
:107E40004FFFA0F10100B0FA80F0400908BD00200A
:107E500008BD4FF48051F1E7000C014008B50368FC
:107E6000104A1B680179934216D101290BD00229CF
:107E700001D0012008BD04210B48FDF731FF013876
:107E800018BF012008BD4FF480510748FDF728FFB7
:107E9000013818BF012008BD984780F00100C0B22A
:107EA00008BD00BF317E0008000C01400148FFF70B
:107EB00017BF00BF0C0000200148FFF719BF00BF2B
:107EC0000C0000200148FFF7DFBE00BF0C000020BF
:107ED00000B583B0ADF80610012203480DF106018C
:107EE000FFF708FF03B000BD0C00002049B10129D5
:107EF00000D070474FF48041054882F00102FDF741
:107F0000F5BE4FF40051024882F00102FDF7EEBECB
:107F100000100140F9F78CBE30B54FF0FF3C4FF434
:107F200000450A4C87B0ADF80E10012365610DF1D4
:107F300016020DF10E01CDF800C00548FEF77AFBE0
:107F4000BDF81600256107B030BD00BF0008014034
:107F5000000A0020034B89081B6892081964DA6341
:107F6000704700BFEC0A002039B12021074B19618E
:107F700042B11022054B1A6170472021034B596111
:107F8000002AF6D11022014B5A61704700080140C7
:107F900039B10821074B196142B10422054B1A611E
:107FA00070470821034B5961002AF6D10422014B86
:107FB0005A61704700080140002200B587B0CDE942
:107FC0000222CDE90422174B3C21D3F818C01648F1
:107FD0004CF0040CC3F818C0D3F818C00CF0040C13
:107FE000CDF800C0DDF800C0D3F818C04CF0080C84
:107FF000C3F818C09B6903F008030193019BFDF7C8
:1080000075FE002003213C220123CDE9040100F18B
:10801000804002A900F58430CDE90223FDF74EFC33
:1080200007B000BD0010024000080140F9F784BF0E
:10803000022808B50FD0032800D008BD0D4803F072
:108040006BFE0D4BD3F840315A7972B100210B48C9
:10805000C260197108BD012309480371FBF772FB67
:10806000BDE808400648FBF7F3BD044AD2681A7120
:1080700008BD00BF003B0108D8140020881600206E
:1080800038110020022808B50CD0032800D008BD04
:10809000144803F041FE144BD3F84001BDE80840FA
:1080A000FAF72CBF104BD3F840014279072AEED8DB
:1080B0000123934013F022020ED113F0440106D1A4
:1080C00013F0880FE3D0BDE80840FAF707BF114668
:1080D000BDE80840FAF7C0BE0021BDE80840FAF745
:1080E00051BE00BF083B0108D81400202DE9F84319
:1080F000FFF722FE0923654F7B60FFF783FD7C1E9F
:1081000007F13705C7F10106A019FFF76FFD04F865
:10811000010FAC42F8D13B78DFF87491012B7FD18D
:10812000002387F8363009237B60BB68B969C9F83A
:108130000C303B695748C9F814307B69C9F81C10EA
:10814000C9F81830FAF7D8FA5348B969FAF71AFBA0
:10815000FB695249C9F810307B6A4D48C9F858305C
:10816000BB6AC9F85C30FB6AC9F860303B6AC9F881
:10817000543097F8353089F88430FAF727FD4849AC
:108180004348FAF71FFDD9F84001FBF7C5F9D9F8C4
:10819000480103681B689847D9F8440103681B68C5
:1081A000984740494048FBF7B1FF40494048FBF73A
:1081B000ADFF6420FCF7E4F83E48FEF7F5FB3E48CF
:1081C000FEF7F2FB3848FFF749FE002854D14FF084
:1081D00001093A48FBF73CFD3B78022B13D0002BFA
:1081E000F7D17C1EA01914F8011FFFF705FDAC4262
:1081F000F8D1FFF713FDFCF7EDFF3048FBF728FD42
:108200003B78022BEBD17C1E87F80090A01914F864
:10821000011FFFF7F1FCAC42F8D1FFF7FFFCD8E7F4
:10822000382200211948D9F8084003F08DFE642156
:108230001E23012204FB03F301FB04F43A70C7E997
:108240000534FA604FF496734FF4FA627821C7E967
:108250000723962340F6C410C7E909133223386177
:10826000FB627C1EA01914F8011FFFF7C5FCAC428D
:10827000F8D1FFF7D3FC53E70D48FFF7EFFD0028D7
:10828000A5D001220D4B1A71A1E700BF881600206E
:10829000D81400207C15002090150020C814002060
:1082A000A0140020318000082011002085800008E3
:1082B00008110020380B00205C0A00203811002033
:1082C0006FF0010208B51A4B0A211B6819481A61A0
:1082D000FBF7F8FE0A211848FBF7F4FE174B0A21BA
:1082E000D3F8403116489A79FBF71EFF154A92F8E9
:1082F000363073B114490B680133632B0B6009D816
:10830000322B0ED9BDE8084001220D481146FBF77B
:1083100007BF08BDF9F72CFA00230A4A0A4910637F
:108320000B600022BDE8084001210548FBF7F8BEBC
:10833000380B00202011002008110020D814002044
:108340001C00002088160020041100206FF001019D
:10835000054B06481A68037911610BB1FBF7F2B9B6
:108360000348FBF7A9B800BF5C0A002038110020C1
:10837000D8140020F8B544F620620025C8234FF435
:108380008070734C4FF44841C4E921520022C4E983
:10839000003032274CF250304FF4FA6E4FF42F6C0D
:1083A000A160C4F8CC206B496B4A04F18806C4F87C
:1083B0008C70C4F89460C4F8A860C4E92655C4E978
:1083C0002855C4E92B55C4E92D55C4E93155C4E9F4
:1083D0003455C4E93655C4E93855C4E93C55C4F8A8
:1083E0009050C4F8BC50C4F8E850C4F8C060C4E968
:1083F0004365C4F8EC60C4F81C31C4E93F5504F58A
:10840000A673C4E94155C4E94555C4E94955C4E9D1
:108410004B55C4E94D55C4E95155C4E95355C4E918
:108420005655C4E95855C4E95A55C4E95C55C4F8D1
:10843000F85084F82051C4F83C51C4E95E55C4E9B1
:10844000061220623022294604F12400C4E904EC1B
:10845000C4F84031C4E96155C4E96355C4E96555C0
:10846000C4E96755C4E96955C4F8805184F8AC5132
:10847000C4F85441A4F85051E56084F8845003F0E6
:1084800063FD0F225023C4E90A230A232022294630
:1084900004F16400236303F057FD4FF496717823D1
:1084A000C4E915139623304604F10C01E3652766F1
:1084B000FAF754FBD4F8400104F12401FBF774F8F7
:1084C0004FF480422549264BC1E901550B60CD6030
:1084D000244B2549254E99612549DA6019602022EF
:1084E000294606F118005D601D811D619D82756140
:1084F00003F02AFD4FF4C972294606F1380003F053
:1085000023FD4FF4C972294606F5E57003F01CFD02
:108510000123B46002244FF47A7740F6B830154A4C
:10852000154953603160154B1549B581C3E90014F5
:10853000C6E9D755C2E90255C2E90475C3E9025537
:1085400035713561C6F8645311605D611861F8BD1D
:10855000D81400200070170000400D03C81400203C
:10856000F03E0108A0140020007C01083811002012
:10857000B83E010820110020583E010808110020D3
:108580000C3E010830B501380B4685B0882800F252
:108590009C80DFE810F004030003E402C4029B02A5
:1085A00067023E029A009A009A009A009A009A0086
:1085B0009A009A009A0035020502F101C401B30144
:1085C000A40199018E018301780189009A009A0023
:1085D0009A009A009A005B013E01200115010201F8
:1085E0009A009A00F900F000E700DE009A009A0075
:1085F0009A009A009A00C5009A009A009A009A0080
:108600009A009A009A009A009A009A009A009A009A
:108610009A009A009A009A009A009A009A009A008A
:108620009A009A009A009A009A009A009A009A007A
:108630009A009A009A009A009A009A009A009A006A
:108640009A009A009A009A009A009A009A009A005A
:108650009A009A009A009A009A009A009A009A004A
:108660009A009A009A009A009A009A009A009A003A
:108670009A009A009A009A009A009A009A009A002A
:108680009A009A009A009A009A009A009A00C000F4
:10869000BC00B7009A009A009A009A009A009A00CB
:1086A0009A009A009A009C00AD4AAE481168AE4A02
:1086B000A1F10101B1FA81F1490980F8841082F831
:1086C00035101B790BB10223137005B030BDA54BDB
:1086D0000121D3F840014FF000030371FAF70AFCBF
:1086E000A04B0021D3F84001FAF7B6FB9D4B0021C7
:1086F000D3F84001FAF7F2FB9C4805B0BDE83040E2
:1087000003F00ABB05B0BDE83040FCF763BD0022B2
:10871000954B1A70D9E70122934B83F83620D4E7A2
:10872000904A00915069F8F769FA9149F8F7BAFA56
:108730008446009B8C4AC3F800C0194653688D4894
:10874000DB0143F03103036005B0BDE83040F9F7C9
:1087500013B9854AD06A086053688648DB0143F044
:108760002B03F0E7804A906A086053688148DB0178
:1087700043F02A03E7E77C4A506A086053687D4863
:10878000DB0143F02903DEE7774A106A086053688B
:108790007848DB0143F02803D5E7734A891A313959
:1087A000022940F21982116B19604FF0000CC3F8D6
:1087B00004C0194653686F48DB0143F02503C2E744
:1087C0006849694AC9686B48196052681946D301FB
:1087D00043F02403B7E7634A0091D2F84001002137
:1087E000FAF744FB0146009B5E4A1960DFF878C146
:1087F0006048D2F8402192791946A2F10102B2FAFA
:1088000082F252091A71DCF80430DB0143F02303D1
:1088100099E7544A0091D2F84001FAF745FB014626
:10882000009B504A1960D2F84021DFF83CC1927990
:108830001946A2F10102B2FA82F252091A71DCF869
:1088400004304C48DB0143F022037CE7454A0091A9
:10885000D2F84001FAF738FB0146009B414A196003
:10886000D2F84021DFF800C192791946A2F1010245
:10887000B2FA82F252091A71DCF804303D48DB0189
:1088800043F021035FE7364A36481168364A0166ED
:10889000D1621B79002B7FF416AF16E7304A3148BE
:1088A0001168314AC16591621B79002B7FF40BAFCF
:1088B0000BE72B4A2B4811682B4A816551621B79C3
:1088C000002B7FF400AF00E7254A26481168264AAE
:1088D000416511621B79002B7FF4F5AEF5E6204966
:1088E000214A0968A1F10101B1FA81F1490982F82F
:1088F00034101B79002B7FF4E6AEE6E6194AD2F875
:108900004001FAF747FE0220164A1749D3689268D9
:10891000087093FBF2F002FB10338B60D5E6114C2C
:108920000191A068F8F76AF90D4A1168F8F7BAF9E9
:10893000F8F794FB014604F1A400E1610091F9F716
:10894000DBFE009904F1B800F9F71CFF064AE16963
:10895000019B91611B79002B7FF4B5AEB5E600BF9A
:10896000C4090020D814002088160020603B0108AC
:108970006F12833A380000209E4C0091A068F8F7EF
:108980003DF99D4A1168F8F78DF9F8F767FB9B4AA6
:10899000009BA06150611B79002B7FF494AE94E69C
:1089A000954A009110689649F8F77CF9F8F756FB5C
:1089B00040F6B832904200F303818E498F4A009B03
:1089C000486110611B790BB10223137000219224BE
:1089D000012302AD029100928DF80830F8F70EF9EC
:1089E0008849F8F75FF98446009A87485368294612
:1089F00044EAC313CDF80CC00360F8F7BDFF64E68A
:108A00007D497E4A096851601B79002B3FF45DAEB9
:108A100059E6784CD4F840315A79012A08D0774A7F
:108A2000184652690121A261FAF7AAF9D4F8403137
:108A3000A0680093F8F7E2F86F4A05465168F8F726
:108A400031F9F8F70BFB6C4AA06111682846F8F77A
:108A500029F9F8F703FB0146009805B0BDE830405E
:108A6000FAF790B9634CD4F8400142790546012ADF
:108A700006D000910121FAF783F9D4F84051009B08
:108A80005D49A0684A6801930092F8F7B7F85A491F
:108A90000968F8F707F9F8F7E1FA009A014628465D
:108AA000FAF776F9019B1A79002A3FF40EAE0021FD
:108AB000D4F840010093FAF7D9F90246009BDFF899
:108AC0003CC11A605048D4F8402194E6494CD4F88F
:108AD0004021517901290AD0484800934369012176
:108AE0001046A361FAF74CF9D4F84021009BA06826
:108AF000CDE90023F8F782F83F490968F8F7D2F882
:108B0000F8F7ACFA01460098FAF73CF93F4803F051
:108B100003F9019B1A79002A3FF4D7ADC7E7354C1A
:108B2000D4F840315A79022A08D0344A184652699A
:108B30000221A261FAF724F9D4F84031A068009329
:108B4000F8F75CF82C4A1168F8F7ACF8F8F786FAF1
:108B50000146009805B0BDE83040FAF77DB9254AD6
:108B6000D2F840315979032906D018460321FAF783
:108B700007F9204AD2F840311F4A21491068009372
:108B8000F8F790F8F8F76AFA0146009805B0BDE8E2
:108B90003040FAF7A3B901221D4B1A7195E5164B27
:108BA000144A1B68D2F84001012B02D00023037144
:108BB0008BE50223037105B0BDE83040FAF79EB99A
:108BC0000146144803F034F800230A4A93245069FC
:108BD00002AD0A4A0293FEE692F83010197092F83C
:108BE0003110597092F83210997092F83310D97090
:108BF000DBE500BFD8140020C4090020881600203F
:108C000000007A446F12833A38000020103B0108BC
:108C1000381100202C3B010810B5037882B0702B6E
:108C20003DD0762B1DD0632B5AD13A4903F00CFA74
:108C300001F06CFBF7F7D8FE374A0446D2F8403112
:108C4000597903295ED1354920460093F8F72AF86F
:108C5000F8F704FA0146009802B0BDE81040FAF7B0
:108C60003DB92F4903F0F0F901F050FBF7F7BCFED6
:108C7000294B0446D3F840215179022936D198680E
:108C80000092F7F7BBFF2146F8F70CF8F8F7E6F982
:108C90000146009802B0BDE81040FAF7DDB821495E
:108CA00003F0D2F901F032FBF7F79EFE1A4B0146B2
:108CB000D3F840215079CDE9002101281CBF0120C3
:108CC00010719868F7F79AFF0199F7F7EBFFF8F73B
:108CD000C5F90146009802B0BDE81040FAF752B855
:108CE000114802B0BDE8104003F016B80F48022149
:108CF0004069009398611046FAF742F8009BD3F858
:108D00004021BCE718460321FAF73AF8024AD2F8A4
:108D1000403198E7E43C0108D814002000007A4470
:108D20008C3B0108903B0108943B01088816002009
:108D30000C480D490D4A002302E0D458C4500433B6
:108D4000C4188C42F9D30A4A0A4C002301E013608C
:108D50000432A242FBD3F9F7ADF803F06DFAF8F74D
:108D600049FF704700000020CC080020984501080A
:108D7000D0080020D4190020FEE70000102370B5B1
:108D8000002484B00293036815469E6912686B46FE
:108D9000009401940394B0479DF8043003F0060357
:108DA000062B09BF01202046009B2B6004B070BD3C
:108DB000009890420CBF06200120704710B5044671
:108DC000024B036000F0ECF8204610BD503F010854
:108DD00010B50446044B036000F0E2F82046082179
:108DE00000F04CF8204610BD503F010830B583B06C
:108DF00015460899069A04468A420DD0194620461F
:108E000000F0D2F828B10123099A06991571116072
:108E10009371002003B030BD0799019300F0C4F8AE
:108E2000019B0028EAD00020099A557103B030BD9B
:108E300010B582B00193144600F0B6F8019B20B142
:108E4000082106221C60D9601A7102B010BD00BF53
:108E50002DE9F041074616461D460C4600F0A4F8E1
:108E600048B9032D07D82368324639462046BDE865
:108E7000F0415B691847BDE8F08100BF00F0AAB877
:108E800010B50446024B0360FFF798FF204610BD63
:108E9000B03F010810B50446044B0360FFF78EFF96
:108EA00020460C21FFF7EAFF204610BDB03F010825
:108EB00070B582B0069C054694420E460BD0A86859
:108EC0003146D0F800C00694DCF82040A44602B039
:108ED000BDE87040604719460192009300F064F8C5
:108EE000DDE900320028EAD0062002B070BD00BFE4
:108EF0002DE9F0430F4683B01946DDE90A48DDE964
:108F00000C6501920093814600F04EF8DDE90032D5
:108F100078B9B44220D0D9F8080039460768CDE9BD
:108F20000C65CDE90A48FC69A44603B0BDE8F043EE
:108F30006047002F2C602A7109DB3C44A64214BF15
:108F400001240624AC71002003B0BDE8F083023791
:108F5000F9D10123AB71F6E741464846CDE900233C
:108F600000F022F8DDE900230028D4D06A71EAE796
:108F70002DE9F04104460F4616461D46FFF758FFFF
:108F800058B9A0682B46D0F800C03246DCF818E08B
:108F90003946F446BDE8F0416047BDE8F08100BFC6
:108FA000704700BF00207047814211D008B540686B
:108FB00003782A2B0AD049680B782A2B08BF013185
:108FC000F8F73EF9B0FA80F0400908BD002008BD6E
:108FD0000120704701F0A6B9F8B504460D4600F02F
:108FE000C7F8224606460F462B4620462946F7F785
:108FF000E5FCA8B90022002320462946F7F7D4FC57
:1090000070B90022002320462946F7F7A5FC50B18D
:1090100003F00CF90021094A22230E46174603608B
:1090200030463946F8BD03F001F9212203460448D1
:109030001A60BDE8F84000F023B800BF0000F0FF60
:109040005C3B010838B5054600F020F82946044687
:109050002846F7F7EDFF20B928460021F7F7C0FFB3
:1090600008B9204638BD03F0E1F82122034600216B
:109070001A600846F7F7CAFE0446204638BD00BF0E
:1090800000200149704700BF0000F87F20F0004237
:10909000B2F1FF4F70B5044651D2002A4ED00028DD
:1090A000034655DB10F0FF4250D15B001802114619
:1090B00002F10102F9D549420024C3F316024FF030
:1090C000190EA1F17F034FF0807CC907214642F4BD
:1090D000000258BF52005E10520001EB0C03934295
:1090E000CFBF134603EB0C016444D31ABEF1010E4B
:1090F0004FEA43024FEA5C0CEFD1D3B11A4B1B4A43
:10910000186811681A681546F7F7C2FC0146284628
:10911000F7F770FF68B1144B144A186811681B68A0
:109120001D46F7F7B7FC01462846F7F759FFB0B1DF
:109130000234601000F17C5000EBC65070BD014657
:10914000F7F7B0FD2146F7F7A5FC70BDC115B3E7F1
:109150000146F7F79DFC0146F7F758FE70BD013454
:1091600024F00104E5E700BFF03F0108EC3F0108EF
:109170002DE9F04FB1F5801F02460B460C4687B033
:1091800080F2878021F0004E5EEA000E00F026811A
:109190000029C0F280810022D74BF7F775F90C4601
:1091A0000B46D6496FF0350C8C42024676DC201512
:1091B000C4F3130404F51521A0F2FF3001F6647125
:1091C000604401F4801100EB115581F07F5181F46E
:1091D000401141EA0403104619460022C84BF6F735
:1091E0009BFFA31CC3F31303022BAB4681468A46A5
:1091F0004FF0000259DC0023F7F7AEFB002840F0E7
:10920000F680A9A3D3E9002348465146F7F73CF975
:1092100002460B460020BB49F6F77EFF4A4606464B
:109220000F46534648465146F7F72EF902460B467D
:1092300030463946F7F728F94C465546CDE9000146
:10924000BBF1000F1CD05846F7F7B4F898A3D3E948
:10925000002306460F46F7F717F997A3D3E9002333
:1092600004460D4630463946F7F70EF902460B46DE
:10927000DDE90001F6F750FF4A465346F6F74CFF8A
:1092800002460B4620462946F6F746FF07B0BDE8E2
:10929000F08F9A494FF0000C8C4288DD1046194639
:1092A000F6F73CFF07B0BDE8F08F4FF08043F6F7CC
:1092B00035FF02460B4648465146F7F70FFA074678
:1092C00028468846F7F776F83A46CDE90401434642
:1092D00038464146F7F7D8F802460B46A4F5C225B2
:1092E000A5F27A45CDE900230295F7F7CDF874A3EE
:1092F000D3E9002305460E46F7F7C6F872A3D3E973
:109300000023F6F70BFF2A463346F7F7BDF870A3A4
:10931000D3E90023F6F702FF2A463346F7F7B4F8FD
:109320006DA3D3E90023F6F7F9FEDDE90023F7F793
:10933000ABF86BA3D3E90023CDE900012846314601
:10934000F7F7A2F868A3D3E90023F6F7E7FE2A4669
:109350003346F7F799F866A3D3E90023F6F7DEFE64
:109360002A463346F7F790F80B460246DDE900013E
:10937000F6F7D4FEC4F5D724029B51341C43002CCD
:1093800005460E4650DD00225E4B48465146F7F733
:109390007BF84A465346F7F777F802460B462846CD
:1093A0003146CDE90023F6F7B9FE3A464346F7F7D2
:1093B0006BF80A460146CDE90212BBF1000F40F0FE
:1093C000A58013460246DDE90001F6F7A5FE024638
:1093D0000B4648465146F6F79FFE63E700220023FE
:1093E00000204949F7F77AF907B0BDE8F08F284621
:1093F000002D00F0A280F6F7DDFF2DA3D3E90023B6
:1094000006460F46F7F740F82BA3D3E9002304469E
:109410000D4630463946F7F737F802460B462046E8
:109420002946F6F77BFE3DE70B4602465146484685
:10943000F6F772FE3A464346F7F726F84C4655468D
:10944000CDE90001BBF1000F3FF41AAFDDE904459F
:1094500017A3D3E9002320462946F7F715F816A3EA
:10946000D3E9002306460F4620462946F7F70CF8B5
:1094700002460B46DDE90001F6F74EFE4A4653462A
:10948000F6F74AFE02460B4630463946F6F744FEEA
:1094900007B0BDE8F08FF6F73FFE00220023F7F794
:1094A0001DF9FFE6AFF30080555555555555D53F8D
:1094B0000000E0FE422EE63F763C7935EF39EA3D8A
:1094C00044523EDF12F1C23FDE03CB966446C73FF3
:1094D000599322942449D23F935555555555E53F0C
:1094E0009FC678D0099AC33FAF788E1DC571CC3F17
:1094F00004FA97999999D93F00005043FFFFEF7FF5
:109500000000F03F0000E03F000050C3DDE90445EB
:109510000BA3D3E9002320462946F6F7B5FF0AA39B
:10952000D3E9002306460F4620462946F6F7ACFF4E
:10953000DDE90223F6F7F2FD9AE700200021B1E60B
:109540000000E0FE422EE63F763C7935EF39EA3DF9
:1095500003685A004CBF43F0004323F00043184413
:10956000704700BF2DE9F04739B301F1FF3990464C
:1095700006464F460025E91901EBD171491006EB6B
:10958000C10A5046FFF7E4FF89454FEAC1040ED0F7
:10959000404504F1080030440BD8FFF7D9FF0138EB
:1095A000404501F10105E6D35046BDE8F08740454E
:1095B000FAD98D4201D04F1EDDE74FF0000A504628
:1095C000BDE8F087012806D0022802D028B9044857
:1095D000704704487047044870470020704700BF38
:1095E000A99C0008B99C0008B19C000810B5234B49
:1095F000044684B08A1E43B3104603A90192AFF318
:109600000080E8B10399019AFFF7ACFF0146B8B1B9
:10961000FFF79EFFA0644B68012B2BD0002B26DBAD
:10962000081DFFF795FF002323650368E064002B06
:1096300012DBFFF78DFF03460020236104B010BD4D
:1096400000230920236104B010BD0D4B0D491846BD
:10965000C91AC9100391D7E7C3F30360FFF7B2FF3C
:10966000031E0CBF09200020236104B010BD01239C
:10967000081DD9E700230520DFE700BF0000000038
:10968000C843010888450108036810B5DA07044695
:1096900006D49B0700F1500009D5F7F719FD2368A0
:1096A000590709D51A070ED5DB0613D510BDF7F7F4
:1096B00007FD23685907F5D404F1D800F7F710FD2A
:1096C00023681A07F0D404F5AC70F7F711FD23688E
:1096D000DB06EBD404F5EC70BDE81040F7F74CBDA9
:1096E000036803B103441846704700BF704700BFCA
:1096F00070B504460D462046296CFFF777FF0646F5
:1097000098B9D5F840C02A46214601202369C4F8FB
:1097100014C098470828EED0072806D13046296C97
:10972000FFF7E4FF281DF7F7BFFC00F0E7FD00BFDF
:109730002DE9F04F4FF0000EADF5777D0DF10C0CDB
:109740000F1DD0F80C90D0F818A0064614460FCF85
:10975000ACE80F000FCFACE80F000FCFACE80F0064
:1097600097E80F0002AD8CE80F00C5F800E021E09B
:109770002B6C4FF4F472294673617CA8F7F73EFE18
:109780003146584633697CAA98478A9F2146AF6480
:109790008346334601203246CDE9005AC847044685
:1097A00028BB4FF4F47228467CA9F7F727FEBBF1DB
:1097B000080F19D13046296CFFF718FF0934074606
:1097C0005FFA84FB0028D3D0A96B3346A9643246E4
:1097D0000120CDE9005A4BF01001C84738B938468E
:1097E0000DF5777DBDE8F08FBBF1070F05D0092798
:1097F00038460DF5777DBDE8F08F2046296CFFF7E0
:1098000075FF03A8F7F750FCF0B54FF0FF37CB6BAF
:10981000FBB00DF1040C0B6401F1040E0E4604467E
:10982000BEE80F00ACE80F00BEE80F00ACE80F0088
:10983000BEE80F00ACE80F009EE80F0000978CE830
:109840000F0006E06A462146236998470828074624
:1098500008D120461099FFF7C9FE0028F2D0092050
:109860007BB0F0BD6846FFF70FFF062FF7D13146FA
:109870002046FFF73DFF00BF9446C160C0F818C006
:10988000D3F83CC000221946C3F840C0FFF750BFD0
:10989000436970B50B64C668AEB90A4603690446ED
:1098A0000D46014602209847072805D008280FD109
:1098B00029462046FFF71CFF3046296CFFF716FFAC
:1098C000281DF7F7F1FB0122FFF732FF00F016FD2C
:1098D00000F014FDC26832B1D1F83CC00022C1F8DA
:1098E00040C0FFF725BFFFF78FBF00BF052915D880
:1098F000DFE801F00A031403030501207047436CFD
:10990000009A00201360704743B90F2A06D800EB75
:1099100082004368009A002013607047022070475D
:10992000002300B585B00A4603A900911946FFF748
:10993000DDFF039805B000BD052915D8DFE801F06B
:109940000A031403030501207047009B1B6843644E
:109950000020704743B90F2A06D8009B00EB820015
:109960001B6843600020704702207047002300B549
:1099700085B00DF10C0C0392CDF800C00A461946D3
:10998000FFF7DAFF05B000BD2DE9F0414FF0FF38D9
:10999000D36BADF5107D0DF15C0E136402F1040C78
:1099A00007460E46BCE80F00AEE80F00BCE80F000B
:1099B000AEE80F00BCE80F00AEE80F009CE80F0017
:1099C000CDF858808EE80F0012E00C2116A86A46E8
:1099D000FFF7CCFF314616A8B84778B9694608208A
:1099E000049B16AA98470528804609D0092805D067
:1099F00068462699FFF7FAFD0028E6D04FF00908DF
:109A000016A8FFF741FE40460DF5107DBDE8F08138
:109A10002DE9F04F1646CA6C0C4652F8041B89B06B
:109A200000F0030C0692E3B102250F0C8DF81D70B7
:109A30000904FFB2059102EB8702216DBCF1020F10
:109A400008BFA26B11F001018DF81C500FD03046F9
:109A500005A900F0CFFA00283AD1082009B0BDE8E6
:109A6000F08F0902032505918DF81D30E5E7D2F846
:109A70000080B8F1000FEAD0C2469946E046029154
:109A800000F008010191B9F1020F25D0B2F800A051
:109A90005788151DA36C0F21304627F0010B9B44FE
:109AA000FFF73EFF834515D82AF001035B4483424C
:109AB00094BF002001207B0003F002030AF0010A9A
:109AC00043EA0A03012B0BD0022B4BD0002B41D0D1
:109AD0000920C3E70020EEE7576802F10805D9E73F
:109AE000B8F1000F6CD1A8B16B689A1CF0D004F1EA
:109AF000580701332A68049700F0C880281DFFF733
:109B0000EFFDD20F014604AB2046AFF300800028E2
:109B100040F0938005F10802D2F800A0BAF1000FDE
:109B2000B1D1304605A900F065FA0028D0D1029BDA
:109B3000002B92D00F213046FFF7F2FE0E21024695
:109B40003046FFF713FF0F213046564AFFF70EFF4E
:109B5000072083E7B8F1000F02D0002840F084808E
:109B60002A1DD9E72F6827F0004BB8F1000F0ED15E
:109B700028B1019B002B3BD0BBF1000F38D0002F48
:109B800000DA04350BF1010305EB8302C4E70D2174
:109B90003046FFF7C5FED4F820A08245EFD1A26A77
:109BA0009542ECD100270422C4E90B72AA18C4F82C
:109BB00028B062632A68BA426EDB01230293E1E7B0
:109BC0000D213046FFF7ACFE276A8742A2D1A36A77
:109BD0009D429FD12846FFF7BBFC0F21024630462D
:109BE000FFF7C4FE224600213046FFF7BFFEAFE775
:109BF000CDF80C800027A04605F1040A58340CE08B
:109C000050460494FFF76CFD0022014604AB404629
:109C1000AFF300800AF1040A08BB5F4507F10107B2
:109C2000EED10D213046FFF77BFE0246049B062055
:109C3000C8E90823C8F8285010E701900D213046E4
:109C4000FFF76EFE019A049F022A08BFE7622062B6
:109C500008BF04F12C070620C4E90975FEE6444656
:109C60002F68DDF80C808AE72846FFF771FC043581
:109C70000746A5632046AFF3008000283FF428AFD5
:109C80003A460F213046FFF771FE61E70D2130465D
:109C9000FFF746FE2062DEE70BF1010205EB8200D2
:109CA00099E700BF000000000023FFF7B1BE00BF2E
:109CB0000123FFF7ADBE00BF0223FFF7A9BE00BF1F
:109CC0002DE9F0430446C5B0052908D8DFE801F0C6
:109CD000162E07749B0B1144102940F2BF800220FE
:109CE00045B0BDE8F083002AF9D1A36B53F8042BEB
:109CF0006264A363002045B0BDE8F083002BEED181
:109D00004FF0010EA16B1FFA82FC251D0EFA03F025
:109D100010EA0C0F1CBF51F8040B45F82300013367
:109D2000102BF3D19304E5D4A163E3E7110C012BCD
:109D30000E4692B2CFD0052BD1D111442029CED8D6
:109D40000F2E40F2CA80002AD4D0216890464F07D7
:109D500040F12581204621F0040140F8D81B0093F2
:109D6000F7F7C2F902A80546F7F7BEF9D4F838E0CC
:109D7000009B102E31464FEA480238BF1021013AAD
:109D80001746704605EBC101843950F804CB013AFF
:109D9000B2F1FF3F41F804CFF7D10EF1040E012BD1
:109DA0000EEB870200F0F2800F2EA26340F2F980E2
:109DB0002846F7F795F99DE7032B90D193B21E46FD
:109DC00003EB1243102B4FEA124888D823681F0771
:109DD00000F1B18022AD2846F7F7ACF92F46A16B10
:109DE00073005EB105EBC802013B881A1558013BB0
:109DF00042F8045B5D1CF9D101EBC6013846A16352
:109E0000F7F776F976E7002B7FF469AF102A3FF673
:109E100066AF2368DD0600F1848022A80092F7F780
:109E2000B5F900234FF0010ED4F838C0009A22AFE4
:109E300022A80EFA03F1114203F1010304D0614696
:109E400051F8045B8C460560042B00F10400F0D14E
:109E50003846C4F838C0F7F78FF94BE7102E3FF4B7
:109E60003EAF2168C8070AD5204621F0030140F81B
:109E7000501BCDE90023F7F727F9DDE9002322A8DD
:109E8000CDE90023F7F720F9009AD4F838E022AFA3
:109E9000002A7DD04FF00008019B5200013A914604
:109EA000704607EBC601043950F804CB013A551C43
:109EB00041F804CFF8D10EF1040E0EEB890EB8F183
:109EC000000F40D1012B63D00F2EC4F838E03FF6CD
:109ED00011AF3846F7F7FCF80CE72068102900F0BE
:109EE000010C32D8BCF1000F0CD020F0010120464B
:109EF00041F0020140F8501BCDE90023F7F7ECF8E0
:109F0000DDE9002322A8CDE9002322AFF7F7E4F82A
:109F1000DDE90023002ADCD04FF00008D4F838E057
:109F2000BBE723F01003236004F5EC700092F7F711
:109F30002DF9009A71E723F00803236004F5AC7053
:109F4000F7F7F8F846E702AD13E7A1F11008BCF106
:109F5000000F0BD020F00102204642F0020240F830
:109F6000502B0093F7F7B8F82068009B42071CD4E9
:109F7000009322A8F7F7B0F802A8F7F7B5F8A26B9C
:109F8000009B964622AFC6F1100286E7964622AFA6
:109F90000EF104033846A363F7F792F8AAE600939C
:109FA000E0E622A8F7F794F802E720F00402204642
:109FB00040F8D82B0093F7F797F8DAE7027A0346D0
:109FC0007AB9427AA2B14FF0030C4168013A427269
:109FD00008680A1D5A60020283F808C0000E1A6061
:109FE00070470068013A1A7202021A60000E704748
:109FF000B02070472DE9F04106460D464FF00008AD
:10A0000086B02846FFF7DAFFB028044600F0198131
:10A0100007065BD500F0F003A02B1AD030D8802BB8
:10A0200000F08180902B27D100F00D030D2B23D061
:10A03000002304AF194600F00F0200973046FFF7E7
:10A0400055FC00230D22194630460097FFF774FC9B
:10A05000D7E7C3434FF47F6203F007031A4100239D
:10A06000010702F47F6248BF42F48042304619463D
:10A07000FFF726FE0028C4D0092006B0BDE8F08115
:10A08000B02B66D0C02B3CD1C62800F0CF80C728AB
:10A0900000F0DC8000F0F803C02B00F0E980C82855
:10A0A00000F0F480C928E7D12846FFF787FF012197
:10A0B000020300F00F00084402F47022024305235B
:10A0C0003046FFF7FDFD00289BD0D5E78300DBB2CB
:10A0D00004330393002304AF19460D223046009742
:10A0E000FFF704FCDDE9033260064CBFD21A9A1870
:10A0F0000023049230460D2219460097FFF71CFCFE
:10A100007FE700F0F803D02BB6D100F00702013250
:10A1100005230121304642F40022FFF7D1FD00283B
:10A120003FF46FAFA8E72846FFF748FF40EA042056
:10A13000B0F5004FA0D00023040119463046A2B26A
:10A14000FFF7BEFD002897D1C4F3C03048EA0008ED
:10A1500057E7A0F1B103042B00F2BD80DFE803F064
:10A160005429160C0300002305AA009230460D2244
:10A170001946FFF7BBFB44E70023052130461A468A
:10A18000FFF79EFD00283FF43CAF75E72846FFF738
:10A1900015FF0123020300F00F0002F4702218449F
:10A1A000024319463046FFF78BFD00283FF429AFE4
:10A1B00062E7002304AF0D22194630460097FFF7EF
:10A1C00095FB2846FFF7FAFE02064FF00203049CB7
:10A1D0000DD500F07F0098400444073328460393D0
:10A1E0000494FFF7EBFE10F0800F039BF1D1984031
:10A1F000002304F50174204404900D2230461946D2
:10A200000097FFF799FBFCE62846FFF7D7FE431EB1
:10A21000DBB20E2B3FF630AF002302461946304624
:10A22000FFF74EFD00283FF4ECAE25E72846FFF788
:10A23000C5FE020300F00F00032302F47022013078
:10A24000AEE7B8F1000F36D0002016E72846FFF73A
:10A25000B5FE431EDBB20E2B3FF60EAF02460023C7
:10A2600004213046FFF72CFD00283FF4CAAE03E777
:10A27000032300F00F0201323046194642F4202237
:10A28000FFF71EFD00283FF4BCAEF5E62846FFF7B9
:10A2900095FE012100F0F00200F00F0002F1100421
:10A2A00042180523304642EA0432FFF709FD002830
:10A2B0003FF4A7AEE0E604AC434641460E223046EA
:10A2C0000094FFF713FB0F224346414630460094AB
:10A2D000FFF732FBB8E700F0FC03B42B3FF4CCAE41
:10A2E000012300F007021A443046194642F40022C6
:10A2F000FFF7E6FC00283FF484AEBDE6062008B573
:10A3000001F0E0FE0120F7F7B3FD00BF002101F0EE
:10A3100093BB00BF024B0146186800F00BB800BFAA
:10A32000C0060020024B0146186802F057B800BF73
:10A33000C00600202DE9F04F01F10B02162A8146DC
:10A3400085B024D8102900F2A88000F0B5FA0225C3
:10A3500018211022B24C21444E68A1F10800864217
:10A3600000F058817268F168B46822F00302324448
:10A37000E1608C605168484641F00101516006F18E
:10A38000080400F09FFA204605B0BDE8F08F32F0D7
:10A39000070200F1828091427FD8019200F08CFA8E
:10A3A000019AB2F5FC7FC0F0B081530A7DD0042B36
:10A3B00000F26881930903F1390503F138064FEA89
:10A3C000C50E974CA644DEF80470AEF1080EBE45EB
:10A3D00007D10DE00028FB6880F20B819E4507D075
:10A3E0001F46796821F00301881A0F28F2DD3546EF
:10A3F00023698C498B4200F0E9805E6826F00306F1
:10A40000B11A0F2900F3858186480029C4E90400A8
:10A4100080F26E81B6F5007F676880F00F810121C0
:10A4200001EBD60C7609B14054F83C000F4304EB25
:10A43000CC0108399860D960676044F83C30C3604B
:10A440000126AB109E40BE4234D83E4206D125F0D4
:10A45000030576003E4205F10405FAD0284604EBD8
:10A46000C50804EBC507F9680FE0D1F804C00B4636
:10A470002CF0030EAEEB020CBCF10F0FC96800F319
:10A480000E81BCF1000F80F223818F42EDD10130AB
:10A49000830707F10807E6D175E10C23C9F80030FE
:10A4A0000024204605B0BDE8F08F4FF4007E402523
:10A4B0003F2686E7A768796821F0030393429A460E
:10A4C00003D3991A0F2900F383805749082009689C
:10A4D000564E10311144CDE9011201F0DDFE024665
:10A4E000019955424B1E1344834630681D40B0F11C
:10A4F000FF3F18BF29464846019101F06FFE411CFD
:10A500000546DDE9011200F0218107EB0A0C8445C4
:10A5100000F21A81464B0BF1FF3E186808441860A0
:10A5200000F07B81D6F80080CDE90223B8F1FF3F2F
:10A530001BBFA5EB0C0C60443560186015F00700DC
:10A54000019000F03C81C0F1080005446B1803EA5B
:10A550000E015844401A00EA0E0631464846984615
:10A5600001F03CFE421CDDE9022300F08581401B26
:10A57000304440F001011868A7423044A5601860DB
:10A58000696017D0BAF10F0F40F251810526AAF188
:10A590000C0121F0070C7968BCF10F0F01F00101EB
:10A5A00041EA0C01796007EB0C01C1E9016600F298
:10A5B000568169681F4B1E68864238BF18601E4B63
:10A5C0001E68864200D218602F46C1E0676837E7F0
:10A5D000BD1841F0010142F001027A604846A560D1
:10A5E000696007F1080400F06DF9204605B0BDE888
:10A5F000F08FBA683944D3609A604A68484642F09E
:10A6000001024A6007F1080400F05CF9204605B039
:10A61000BDE8F08FCE68B1427FF4A4AE0235E7E624
:10A620005800002060000020F0160020500000209C
:10A63000C0160020EC160020E8160020B6F5206FAA
:10A640004FEA56207AD3142800F2CD8000F15C0145
:10A65000C9005B3004EB010C6158ACF1080C8C456F
:10A6600003D1A5E089688C4504D0486820F0030038
:10A67000B042F7D8D1F80CC0C3E9021CCCF80830BE
:10A68000CB60DDE6142B70D9542B00F2B480130B91
:10A6900003F16F0503F16E064FEAC50E91E69D18B2
:10A6A00042F001025A609E68814AF1608E60C4E9FE
:10A6B0000455C5E902224CF001026A60484643F89D
:10A6C0000EC0019300F0FEF8019B03F10804E8E6D8
:10A6D0001C469E44DEF80430484643F00103CEF8A1
:10A6E000043054F8083FD9608B6000F0EBF8D8E6EE
:10A6F0001E447268484642F001027260019300F005
:10A70000E1F8019B03F10804CBE6D50802F108014A
:10A7100020E69D1842F001025A60654AC4E90455DA
:10A72000C5E9022241F001026A604846995101934D
:10A7300000F0C8F8019B03F10804B2E6B00900F18B
:10A740003901C900383085E7A7425FD0A76879682A
:10A7500021F003009042A0EB020102D30F293FF742
:10A7600037AF484600F0AEF89AE603F15C0503F116
:10A770005B064FEAC50E24E6414651F808398B4284
:10A78000884640F0928015F0030F05F1FF35F3D1B4
:10A79000636823EA0603636076009E423FF68AAE52
:10A7A00016B987E6760004301E42FBD0054655E612
:10A7B0000126801006FA00F0074367605CE705EBAE
:10A7C000010808EA0E01ABEB010606EA0E06314667
:10A7D000484601F003FD431C019B04BF40461E4652
:10A7E000DDE90223C3E6542824D8300B00F16F01C1
:10A7F000C9006E302EE7B3F5AA7F24D8D30B03F13E
:10A80000780503F177064FEAC50EDAE5294B0BF11F
:10A81000FF3E18680844186084E615EA0E0F7FF4BE
:10A8200081AEA568514441F001016960C2E601238F
:10A830006B6096E7B0F5AA7F24D8F00B00F17801A1
:10A84000C900773006E740F254518B4224D8930C6C
:10A8500003F17D0503F17C064FEAC50EB1E54846DC
:10A8600007F10801CDE9012301F0B8FDA568029BBD
:10A8700069681868019A9DE601990026083908EB75
:10A88000010074E640F2545188420AD8B00C00F13D
:10A890007D01C9007C30DDE64FF47E7E7F257E267B
:10A8A0008FE54FF47E717E20D4E6636874E700BFC5
:10A8B00060000020C0160020014801F0E9BC00BF84
:10A8C00034180020014801F0E5BC00BF3418002016
:10A8D0002DE9F04F9DB005460692184600220B4622
:10A8E00000210024CDE904121A4618941792174645
:10A8F00012F8018BB8F12D0F5ED801A151F828F0A4
:10A9000061AB0008B9A90008B9A90008B9A90008F5
:10A91000B9A90008B9A90008B9A90008B9A900088F
:10A92000B9A90008EDA80008EDA80008EDA80008E6
:10A93000EDA80008EDA80008B9A90008B9A9000809
:10A94000B9A90008B9A90008B9A90008B9A900085F
:10A95000B9A90008B9A90008B9A90008B9A900084F
:10A96000B9A90008B9A90008B9A90008B9A900083F
:10A97000B9A90008B9A90008B9A90008B9A900082F
:10A98000EDA80008B9A90008B9A90008B9A90008EC
:10A99000B9A90008B9A90008B9A90008B9A900080F
:10A9A000B9A90008B9A90008B9A900081BAE000898
:10A9B000B9A9000833AE000800220792B8F1300FA1
:10A9C00000F0948000220892B8F12F0F40F2188511
:10A9D0004FF0000AC14638465646544618E0082C47
:10A9E000C8BF0AEB8A0A00F10100C8BF08EB4A0899
:10A9F0001790C8BFA8F1300A90F80080D8BFA2F124
:10AA00003006B8F12F0FC14604F1010440F3B480C1
:10AA100006EB8602B8F1390F08EB4202DFDD0122B6
:10AA20008B49099301F0D4FA099B002871D1179939
:10AA30004A1C1792497810468C46002C40F0F7804B
:10AA4000BCF1300F40F0DB85024600210132179245
:10AA500092F800C00846BCF1300F01F10101F5D0B9
:10AA6000ACF13104082C00F2CC81811C0E91002144
:10AA700017460124ACF1300E0A91002106EB860640
:10AA80000EEB460601321792107801F1010CA0F18D
:10AA9000300EBEF1090F00F27B84BEF1000F00F012
:10AAA00093870E98BCF1010F60440E9000F08A87E6
:10AAB00004F10108C44609E04FEA49060CF1010C13
:10AAC000ACEB04000138814240F388840CF1FF397B
:10AAD0000AEB8A00B9F1080F4FEA400006EB86093D
:10AAE000EADDBCF1100FD8BF8246E7E77A7802F0C2
:10AAF000DF02582A00F00D840137179797F800807D
:10AB0000B8F1300FF8D0B8F1000F0ED00122089242
:10AB10005AE7B8F1650F1AD0B8F1450F17D0002CDD
:10AB200032D1089A002A00F0CC804FF000084FF094
:10AB30000009069A0AB1179B1360079BBBB109F184
:10AB400000439946404649461DB0BDE8F08F002CB1
:10AB500040F082800A940E94089A002A40F0E7821E
:10AB60004FF000084FF00009069A02B1136040460A
:10AB700049461DB0BDE8F08F01223549099301F027
:10AB800027FA099B00284ED03046F5F703FC092C24
:10AB9000CDE9040140F3D0820023102CA046A8BFC9
:10ABA0004FF01008CDE90E3309930A94294B03EBBB
:10ABB000C80353E91223F5F767FCCDE904015046B9
:10ABC000F5F7E8FB02460B46DDE90401F5F7A6FAC6
:10ABD0000F2CCDE9040100F3AF80099B002B00F09E
:10ABE000AB82099B40F39182162B40F38684099A2D
:10ABF000C4F125039342C0F29F80DDE90423154D83
:10AC0000C4F10F0405EBC401D1E90001F5F73CFCE8
:10AC1000099B1C1B05EBC405D5E90023F5F734FCA3
:10AC20008046894685E717994A1C17924978A1F111
:10AC30003000092800F2DA800E90002800F0C78664
:10AC40000120DDF838E021460A940E90C8E300BFE9
:10AC5000B83B01088041010800218E46179A0A94EA
:10AC60000E91531C179392F80190B9F12B0F00F03D
:10AC7000BA80B9F12D0F00F0AF804FF00008A9F1B4
:10AC8000300CBCF1090F38D8B9F1300F179B40F0E8
:10AC9000D5800133179393F80090B9F1300FF8D0B5
:10ACA000A9F13100082840F2C78000230F9354BB5C
:10ACB000089B0B437FF439AFBEF1000F40F04F8487
:10ACC0001346B9F1690F00F02C8400F32484B9F124
:10ACD000490F00F02684B9F14E0F7FF441AF7A4955
:10ACE00017A8089301F0D4FF002840F098844FF093
:10ACF00000084FF00009089B36E7002317920F93D6
:10AD0000D5E700230F930A9A3046002A14BF134652
:10AD10002346102C0A93DDE90E23A3EB0203A04681
:10AD20000993A8BF4FF01008F5F734FB092CCDE9C3
:10AD300004013FF73BAF50E7099AA4EB0803134423
:10AD4000002B40F3A28013F00F0123F00F0940F015
:10AD50003583B9F59A7F00F3F383B9F1100F4FEA09
:10AD6000291800F08A85DDE904014FF0000ADFF8B8
:10AD70005C9118F0010F03D0D9E90023F5F784FBAB
:10AD80004FEA6808B8F1010F0AF1010A09F1080950
:10AD9000EFD1CDE904014D4B03EBCA01059BD1E98D
:10ADA0000001A3F154730593DDE90423F5F76CFB6F
:10ADB000474BDFF820C10B4063450A46CDE904014B
:10ADC00000F2BE8344498B4240F2D0844FF0FF3200
:10ADD000424BCDE904235AE04FF00108931C17932E
:10ADE00092F802904BE74FF00008F7E701F0DF011F
:10ADF00045297FF4C9AE00214FF0010E0A940E914F
:10AE00002FE70CF0DF0CBCF1450F7FF48EAE002471
:10AE10004FF0010E0A940E9423E7002207927A1C49
:10AE2000179297F80180B8F1000F3FF499AE1746DA
:10AE3000C4E501220792F2E7A9F1300C581C1790E3
:10AE400093F80190B9F12F0F09DCF1E2013017906E
:10AE500090F80090ABF1300CB9F12F0F06DD0CEB40
:10AE60008C0BB9F1390F09EB4B0BEFDDC01A082839
:10AE700040F3DE8244F61F630F93B8F1000F3FF4F6
:10AE800016AF0F9B5B420F9311E740F0D98200236E
:10AE900008932346394628460A9A009602F0A4F8F9
:10AEA0001390002800F04C83DDE90E329B1A099ABA
:10AEB0004FF0000B002AA8BF00230E9322EAE27392
:10AEC0004FF000091293DFE0C83B01085841010828
:10AED0000000F07F0000A07C0000907CFFFFEF7F6F
:10AEE000A149D21A8B42A4EB0204C0F2A98101232A
:10AEF00003FA02F800231093089B26443C44A7421F
:10AF00001E443B46A8BF2346B342A8BF3346002B8E
:10AF100002DDE41AF61AFF1A0E9B002B00F33281B1
:10AF2000002C00F34A81099B002B00F37F81002E47
:10AF300000F36E81002F08DD59463A46284602F09C
:10AF40005DFA8346002800F06C8152462846189925
:10AF500002F0E8FA8146002800F063810023C2680D
:10AF60005946C3600F9202F0BDFA0028C0F2408437
:10AF7000059C00F094835946484602F073FC002279
:10AF80004FF0804306460F46F5F7FAFC002800F024
:10AF9000D6800F9B002B40F06081049B002B40F07B
:10AFA000E781C4F31303002B40F084810022304674
:10AFB00039466E4BF5F7DAFC002840F03C8300225E
:10AFC0006B4B30463946F5F75FFA0B460246CDE942
:10AFD000102301F100430C900D93664A664B22400A
:10AFE0009A429046DDE90C6700F03E81089B1BB356
:10AFF000B2F1D46F20D85AA3D3E90023DDE91001C0
:10B00000F5F7BEFCA0B1DDE91001F6F795FA0128CD
:10B0100038BF0120F5F7BEF90F9BCDE91001002BD9
:10B0200040F0A48201F1004314901593DDE9146708
:10B0300007F1D663A3EB0807DDE90A0102F032FB52
:10B0400002460B4630463946F5F71EFADDE90A237B
:10B05000F5F764F80C46CDE90401089B23B9454B8C
:10B060002340984500F02F812846189901F060FF91
:10B070005146284601F05CFF5946284601F058FF2A
:10B080004946284601F054FF139C2846616801F0A8
:10B0900029FF8246002800F0C480226904F10C01D7
:10B0A000023292000C30F6F7A9F91AAB019319ABF2
:10B0B00000932846DDE904341A46CDE90A342346D4
:10B0C00002F074FB1890002800F0808001212846CF
:10B0D00002F046F88346002800F0A380199B002B5D
:10B0E000C0F292800E9A129E9F18089A1A9C9B1A80
:10B0F0002344224A013B9342C4F13604FFF6F0AEEA
:10B1000000234FF001081093F6E61633FFF614AE55
:10B11000DDE90E32DDE904019A1A194B03EBC20393
:10B12000D3E90023F5F7DAFA8046894601E5A64619
:10B130000024179A214694E5DDE90489F9E40C4BD3
:10B14000304639460022F5F79FF90F9BCDE91001F3
:10B15000002B7DD101F100430C900D933DE700BF22
:10B160000000C0FFFFFFDF41E3FBFFFF0000F03FF7
:10B170000000E03F0000F07F0000E07F02FCFFFFE6
:10B180008041010859461A46284602F0DBF8189A11
:10B190008346002800F06C830146284602F00EF832
:10B1A0001899002800F060830F90284601F0C0FE37
:10B1B0000F9B002C18937FF7B6AE224628461899AD
:10B1C00002F01CF9189000287FF4ADAE56460146F7
:10B1D0005C46CA4622234FF00008DFF8C4922B6079
:10B1E000284601F0A5FE3146284601F0A1FE214681
:10B1F000284601F09DFE2846139901F099FE51461C
:10B20000284601F095FE94E4129A0E9FD61A6CE738
:10B2100051463246284602F0F1F8824600287FF473
:10B2200089AE56465C46CA461899D3E75146284629
:10B23000129A02F087F8824600287FF478AEF0E791
:10B240000121984A8846D21A01FA02F3109353E674
:10B25000DDE91023CDE90C23BFE60022924BCDE9B6
:10B260000C23CDE91023B8E6A4F154730593DDE96E
:10B2700004673046394602F015FADDE90C23F5F78C
:10B2800003F932463B46F4F749FF854B874E0B40A6
:10B29000B342CDE9040140F28D80DDE90A01844B1F
:10B2A000994201D10130BCD04FF0FF33804CCDE941
:10B2B0000434D9E600227F4BCDE90C2300227A4BDF
:10B2C000CDE9102389E6DDE910673046394607F0FD
:10B2D00089FFF5F7ABF802460B4630463946F4F7DE
:10B2E0001BFF0F9B049AC4F3130413432343064626
:10B2F0000F462BD164A3D3E90023F5F737FB0028D1
:10B300003FF4B2AE5C465646CA46DDE90489189958
:10B3100066E7079B0290019318AB00932846664AA4
:10B3200019AB17A901F0BAF910F00F0604463FF463
:10B33000FCAB062E40F01F81002301374FF00008C0
:10B340004FF0000907931797FFF7F3BB50A3D3E91A
:10B350000023F5F70BFB0028D4D14FA3D3E900233A
:10B3600030463946F5F720FB00283FF47DAEC9E7AB
:10B37000049B012B9ED1002C9CD156465C46CA46AC
:10B3800022234FF000084FF0000918992B6027E79F
:10B3900000F0DF00452800F0DB80002C7FF4B1AC2A
:10B3A000089A4FF0000811434FF000093FF4DCAB5E
:10B3B000FFF7BFBB01F1547405944EE63F48DDE949
:10B3C000042300EBC101D1E90001F5F75DF8CDE9F7
:10B3D0000401B9F1000F3FF45AADBAE40139414418
:10B3E000082901F101047FF748AB102CD8BF0AEB04
:10B3F0008A0A4FF00001D8BF0EEB4A0AFFF742BBA2
:10B40000012238462E49099300F0E2FD099B48B914
:10B4100082461798564602460130179092F801C0AE
:10B42000FFF70EBB089A002A3FF49AABFFF77DBBEB
:10B4300044F61F639C45A8BF9C46CDF83CC01CE564
:10B440005B424FEA231813F00F030ED0DDE904012D
:10B450001A4A02EBC303D3E90023F5F73FF9CDE91C
:10B460000401B8F1000F3FF412ADB8F11F0F00F363
:10B470007981DDE9040118F0100318BF6A23DFF8B1
:10B480004490089324E000BF9535A094FFFFCF3F80
:10B490009535A094FFFFDF3F35E5AF350000E03F75
:10B4A0000000F07FE2FBFFFF0000F03FFFFF9F7C0A
:10B4B000FFFFEF7F0000F0BF084001088041010856
:10B4C000B83B0108204001084FEA680809F1080963
:10B4D00018F0010F06D14FEA680809F1080918F0C1
:10B4E000010FF1D0D9E90023F4F7CEFF5FEA680835
:10B4F00000F0AF8009F10809F1E70998A949DDE9F1
:10B50000042301EBC001D1E90001F4F7BDFF80463F
:10B510008946FFF70EBBB9F16E0F3FF4E0ABFFF7C2
:10B520001FBBA14917A8049301F0B2FB002840F00B
:10B53000A8804FF000084FF00009049BFFF714BBF0
:10B5400022232B604FF00008DFF86092FFF7F1BA7A
:10B55000002C00F04B824FF0010EFFF782BB4FF042
:10B5600000084FF000091346FFF7FEBADDE910347A
:10B57000CDE914345AE5189A3AB135211AA802F0E7
:10B580009FF92846189901F0D3FC013E042E00F2E1
:10B590003E82DFE806F0032E2B2003001A9B049363
:10B5A000199B03F233421B9B23F4801343EA02539B
:10B5B0000593E20502D543F0004305937B4ADDE99C
:10B5C00004891A40002A7FF4B4AA00F02FFE222337
:10B5D0000360FFF7AEBA4FF0FF326FF00043CDE9E2
:10B5E0000423E3057FF5A8AD059BE4E76F4B0593C6
:10B5F000F7E7DDE91A121B9BCDE90412D9E7ACF19C
:10B600003102082A20D92CF0200CBCF1450F7FF420
:10B6100009AF002201240A920E92FFF79DBA179BF0
:10B620001B78282B00F0D0806148FDF729FD80466B
:10B630008946FFF77EBA00225E4BCDE90C2300223B
:10B640005D4BCDE91023C8E4012102460E91FFF7BE
:10B650000EBA089BCDE90401002B7CD0C1F30A523D
:10B66000C2F16B03002B76DD1F2B6CDD342BCDF884
:10B67000108040F387814FF05C7305936A23089331
:10B6800007E4179B4D49013B17A8179301F000FBF6
:10B6900000287FF457AF179B0133179352E72746D3
:10B6A0000F9A5646C646CA46DDE90A895C46DDF869
:10B6B00040C04349C7F31303002A5CD08B4200F01B
:10B6C0001681BCF1000F00F00C811CEA070F36D088
:10B6D0004046494601F0E6FF089B002B00F014812C
:10B6E000C7F30A57C7F16B07002F40F374813F057A
:10B6F00007F17F53002203F54013F4F7C5FE02461D
:10B700000B4640464946F4F709FD804689464046C7
:10B7100049462C4B0022F4F7B7FE244B80460B40E1
:10B720008946002B7FF4F3AD22232B60EFE5BCF1BB
:10B73000000F00F0AC801CEA070F40F0AC80089BC3
:10B74000002BE4D1E3E54FF0FF3202FA03F30340AC
:10B750000493DDE9040100220023F5F7FDF8002839
:10B760003FF497AB22232B60FFF7DFB902F154734C
:10B770000593FFF78CBB002B40F08480DDE90412B9
:10B780000B460029D3D1089B002B00F0EB80DFF89B
:10B790001CB007EA0B0BBBF1D66F58D8BBF15C7F2E
:10B7A000B5D8EDE580410108BC3B01080000F07F01
:10B7B0005C3B01080000E0BF0000E03FC03B010827
:10B7C000FFFF0F0000005039974917A81AAA01F08F
:10B7D00083FA05287FF428AF1B9B43F0FF4343F413
:10B7E000E00305931A9B0493DDE90489FFF7A1B9EF
:10B7F0000F9BDDE90401034356465C46CA46DDE97A
:10B800000A899CD1C1F313030F46002B97D121F075
:10B81000004B4FEA1B5B4FEA0B5BBBF1D66F8ED937
:10B82000DAF814201AB9DAF81020012A87DD514617
:10B830000122284601F0E2FD2146824601F052FE37
:10B8400000287FF77CAF089B002B00F08B80ABF5C6
:10B8500080136FEA13536FEA035305934FF0FF33DE
:10B860000493DDE9048952E756465C46CA46B1E4D2
:10B87000564611465C46CA46ACE44FF0000A6B4B94
:10B88000FFF78ABABCF1000F7FF455AF049B1EEAA4
:10B89000030F3FF454AF4046494601F003FF089BB5
:10B8A000002B4FD0C7F30A57C7F16B07002F40F3A7
:10B8B0009A803F0507F17F53002203F54013F4F708
:10B8C000E3FD02460B4640464946F4F725FC0022BC
:10B8D000002380468946F5F73FF800283FF417AF6C
:10B8E0004EE5049B1EEA030F3FF429AFF0E6089BE8
:10B8F00004999BB9481C18D0BCF1000F6ED01CEA0B
:10B90000070F3FF404ADE3E602460B4640464946C6
:10B91000F4F704FC89468046189961E4444B3B40A7
:10B92000B3F1D46F38D94A1C3FD1424B9F4263D008
:10B930003F4B3B4003F58013059300230493DDE95F
:10B940000489FCE602460B4640464946F4F7E4FB10
:10B950000022002380468946F4F7FEFF00283FF4CA
:10B96000D6AC0DE5324B18993B40A3F580136FEA36
:10B9700013536FEA035305934FF0FF330493DDE94C
:10B9800004892DE44FF0FF33C2F14B0293400B408A
:10B990000593DDE90401DEE64FF0FF301B0DC3F136
:10B9A0006B0300FA03F39942BFD0BCF1000F04D03F
:10B9B0001CEA070F3FF4ABAE8AE611EA0E0F3FF424
:10B9C000A6AE85E621460BE56146FFF75BB801218F
:10B9D0000A94FFF757B802460B4692E611EA0E0F9B
:10B9E0003FF495AC74E602460B466CE700297FF401
:10B9F000B2AD0124FFF7B0B8013199D122234FF045
:10BA000000081899DFF828902B60FFF7E9BBE105E3
:10BA100005D54FF000430593DDE90489D5E54FF0E6
:10BA200000084FF00009D0E5F43F01085841010833
:10BA30000000F07FFFFFEF7F84460A460249034B78
:10BA400008686146FEF744BFC00600206C04002071
:10BA5000024A0349034800F0C9B800BF600400204F
:10BA60002DFD0008C80600200C4B416810B5994216
:10BA7000044601D004F05AF9A168094B994202D05A
:10BA8000204604F053F9E168064B994204D0204661
:10BA9000BDE8104004F04AB910BD00BFF416002004
:10BAA0005C170020C41700202DE9F843002504236B
:10BAB000304C314A3149DFF8C890DFF8C880324F46
:10BAC000324E116004F15C0029460822C4E90335B6
:10BAD000C4E90055C4E90555A560656600F034FA6F
:10BAE00004F15800C4E90749C4E90987E66200F097
:10BAF000CBFB274B2946082204F1C4006367C4E945
:10BB00001A55C4E91E552567C4F8CC50C4F88050B6
:10BB100000F01AFA04F1680304F1C000C4F884309C
:10BB2000C4E92298C4E9247600F0AEFB194B2946FB
:10BB300004F596700822C4F8DC30C4E93455C4E931
:10BB40003855C4F8D850C4F83451C4F8E85000F05F
:10BB5000FBF904F1D003C4E93D87C4F8F09004F583
:10BB60009470C4F8FC60C4F8EC30BDE8F84300F011
:10BB70008BBB00BFF41600202C18002051BA00081F
:10BB8000B9BE0008DDBE00081DBF000841BF0008A7
:10BB9000090001001200020010B504460A4800F036
:10BBA00077FB636B23B9094B094A1B68626323B1B6
:10BBB000BDE81040044800F06DBBFFF775FFBDE81D
:10BBC0001040014800F066BB3C1800202C180020F3
:10BBD00069BA0008014800F05BBB00BF3C180020B8
:10BBE000014800F057BB00BF3C1800202DE9F84386
:10BBF00080460F464FF0000916467568013D11D486
:10BC0000B468A389012B08D9B4F90E30013304D0EC
:10BC100021464046B84749EA0009013D6B1C04F142
:10BC20006804EED13668002EE7D14846BDE8F883B7
:10BC30000FB400B5074A83B004AB106853F8042B67
:10BC40008168019301F094FE03B05DF804EB04B049
:10BC5000704700BFC006002030B5054689B00846D1
:10BC60000C4600F027FB012302222A49CDE90440BB
:10BC7000079318446B6B069104A9CDE90112AC68D7
:10BC80000390002B3ED0636EB4F90C20D8071CD56E
:10BC9000910423D442F4005223F40053A28163663A
:10BCA000990433D42846214601AA04F069F90028F2
:10BCB00014BF4FF0FF350A25636EDA0702D4A3895B
:10BCC0009B0510D5284609B030BD900511D59104CB
:10BCD000E0D59B04E6D54FF0FF35F0E79B04E1D5B6
:10BCE0004FF0FF35EEE7A06D00F0D4FA284609B01A
:10BCF00030BDA06D00F0CCFAB4F90C20636E900456
:10BD0000CED4C7E72846FFF747FFBCE74FF0FF3523
:10BD1000D3E700BFCC3B0108024B01461868FFF790
:10BD20009BBF00BFC00600202DE9F041614D0446D5
:10BD30002F6890460E461D4684B01FB17B6B002BCA
:10BD400000F0A180B8F1020F06D0B8F1010F00F2A7
:10BD50009E80002DC0F29B80636EDB073ED521469E
:10BD6000384604F0D5F8216B41B104F14003994203
:10BD700002D0384600F032FB002323630022B4F9DE
:10BD80000C30A2611906626056D423F44A6323F092
:10BD90000303B8F1020FA38155D003AB2146384607
:10BDA00002AA04F0D1FAA3891843A081EDB1EEB143
:10BDB0007B6B43B3029AB4F90C30AA421CBF43F424
:10BDC0000063A381B8F1010F21D01807C4E904650D
:10BDD000266025D5D9074BD4A56023E0A389980513
:10BDE000BDD4A06D00F054FAB9E7029D2846FEF7D5
:10BDF00091FA064600284DD0A38943F08003A38121
:10BE00007B6B002BD6D13846FFF7C6FED2E7C4E9DC
:10BE1000046543F0010226601E07A28129D413465F
:10BE20000022A260626ED20701D49B0527D50025AF
:10BE3000284604B0BDE8F0813846216900F0CEFA0A
:10BE4000B4F90C30A1E700250020012104F14302E0
:10BE500022602261626E43F00206D207A681A060D2
:10BE60006161E5D49F05E3D4A06D00F013FADFE72C
:10BE70001A4600216D421346A561A160D2E7A06D6C
:10BE800000F008FAD3E73846FFF786FE5AE74FF08E
:10BE9000FF35CDE7029BAB4207D018460193FEF772
:10BEA00039FA019D06460028A6D14FF0FF35B4F9B6
:10BEB0000C30C9E7C006002010B50C46B1F90E10D1
:10BEC00000F060F9002803DB236D0344236510BDF7
:10BED000A38923F48053A38110BD00BF2DE9F04155
:10BEE0001F46B1F90C301646DA050C4605460BD450
:10BEF00023F48051A1813B4632462846B4F90E1006
:10BF0000BDE8F04100F07CB902230022B1F90E1027
:10BF100000F022F9B4F90C30EAE700BF10B50C4686
:10BF2000B1F90E1000F018F9B4F90C30421C0EBF34
:10BF300023F4805343F480532065A38110BD00BFD8
:10BF4000B1F90E1000F0F6B830B584078646034606
:10BF500006D0A2B303F8011B980702F1FF32F8D113
:10BF6000032A26D95FFA81FC0CEB0C2C0F2A0CEB70
:10BF70000C402AD922F00F0C9C44C3E90000C3E90D
:10BF8000020010336345F8D112F00C0F02F00F05D8
:10BF900017D01A464FEA950C0CF1FF3403EB8C0CCA
:10BFA00042F8040B6245FBD1043305F0030203EBB6
:10BFB000840322B11A4403F8011B9A42FBD1704654
:10BFC00030BD2A46002AF5D1F9E71546E1E700BF62
:10BFD0008AB340EA01039B0730B504468E4618D168
:10BFE000032A0BD815E0043A23D01CF0803F20D15F
:10BFF000032A01F1040E00F1040422D92368DEF8BB
:10C000000050A3F10131AB4221EA030C20467146F6
:10C01000E9D003780C78A3420FD1013A024406E03C
:10C020006BB110F8013F11F8014FA34205D19042C6
:10C03000F6D1002030BD10467047181B30BD1846A1
:10C0400030BD20467146E4E7024A012312685032AF
:10C0500000F002B8C006002030B5154620B3864671
:10C060004C1E7246A44612F8010B01E0884214D01F
:10C070001CF8011F0029F9D1E0B11046A44610F8C0
:10C08000011B00E063B11CF8013F9942FAD149B1AC
:10C09000002313702860704630BD73B19646E0E708
:10C0A0000246EAE70846F5E7D2F800E0BEF1000FE5
:10C0B000D6D100E02860002030BD2A6070468EF89E
:10C0C0000030E9E710B5174B1F281C6882B023D851
:10C0D000D4F8F811024671B151F820305BB1012B50
:10C0E00006D0B3F1FF3F12D0002441F8204098471A
:10C0F000002002B010BD2046019200F06DF801460C
:10C100002046019A02B0BDE8104000F051B8162355
:10C110000120236002B010BD16234FF0FF302360D2
:10C12000E7E700BFC0060020014B93F810027047FC
:10C130006C04002038B50023064C054608462360F1
:10C14000FBF738FE431C00D038BD2368002BFBD022
:10C150002B6038BD301800208C461146002238B5BF
:10C16000074C0546226060461A46FBF731FE431C29
:10C1700000D038BD2368002BFBD02B6038BD00BF3A
:10C18000301800208C461146002238B5074C054671
:10C19000226060461A46FBF725FE431C00D038BDDE
:10C1A0002368002BFBD02B6038BD00BF3018002067
:10C1B00038B50023074C0546084611462360F5F7BD
:10C1C0004DFE431C00D038BD2368002BFBD02B60F4
:10C1D00038BD00BF30180020F5F73EBE38B500234B
:10C1E000064C054608462360F5F748FE431C00D080
:10C1F00038BD2368002BFBD02B6038BD30180020E1
:10C200008C461146002238B5074C05462260604630
:10C210001A46FBF7BBFD431C00D038BD2368002B3A
:10C22000FBD02B6038BD00BF30180020014B1868D0
:10C23000704700BFC006002070B50F4B0F4E9E42E6
:10C2400009D01D460024F61AB61055F8043B0134F7
:10C250009847A642F9D806F0FBFF094E094B9E42CB
:10C2600009D01D460024F61AB61055F8043B0134D7
:10C270009847A642F9D870BD88450108884501084D
:10C280009445010888450108704700BF704700BF0A
:10C29000704700BF704700BF082802D14FF480509C
:10C2A000704708B5FFF7C2FF162203464FF0FF3074
:10C2B0001A6008BD20F0030110F00300C0F1000077
:10C2C00051F8043B00F1040C4FEACC0C6FF0000273
:10C2D0001CBF22FA0CF213434FF0010C4CEA0C2C59
:10C2E0004CEA0C4CA3EB0C0222EA030212EACC1239
:10C2F00004BF51F8043B0430F4D0C2F1000102EA5B
:10C300000102B2FA82F2C2F11F0200EBD2007047C2
:10C31000024B13B1024800F005B87047000000005E
:10C3200071060108002301461A46184604F028BA8F
:10C33000F8B5064608200C46FFF7AEFF0746304624
:10C34000FEF7BAFA224A93685D6825F00305A5F165
:10C3500011031C1B3C44B4FBF7F4013C07FB04F441
:10C36000A74208DC00213046FFF738FF184A9368DF
:10C370002B44984204D03046FEF7A4FA0020F8BDC2
:10C3800030466142FFF72AFF0130114A0DD01149B2
:10C3900093682D1B45F001055D600B6830461B1B43
:10C3A0000B60FEF78FFA0120F8BD00213046FFF741
:10C3B00015FF074A9268831A0F2BDCDD43F0010357
:10C3C0005360054B03491B68C01A0860D3E700BFE0
:10C3D00058000020C016002050000020002960D026
:10C3E0002DE9F0410C460746FEF766FA54F804ECD6
:10C3F0007949A4F1080C2EF001030CEB03028D68BF
:10C400005068954220F0030000F0878050601518B6
:10C410006D6805F001060EF001058DBB54F8084C5F
:10C4200001F1080EACEB040C2344DCF80840744521
:10C4300066D0DCF80C50E560AC60002E00F08A801D
:10C4400043F00100CCF804001360B3F5007F32D252
:10C450005809DA08012383404868013203434B60DE
:10C4600051F8320001EBC203083BCCE9020341F86A
:10C4700032C0C0F80CC03846BDE8F041FEF722BA21
:10C4800086B9034401F1080E906843F00104704539
:10C4900079D0D268C2609060CCF804404CF8033088
:10C4A000D3E770474EF00102B3F5007F44F8042C47
:10C4B0004CF80330CCD3B3F5206F4FEA53224BD264
:10C4C0009A0902F1390002F13804C20088188A582A
:10C4D0000838904203D15FE09268904204D05168DE
:10C4E00021F003019942F7D8D068CCE90220C0F8C6
:10C4F00008C03846BDE8F041C2F80CC0FEF7E2B90A
:10C50000AEBB1844D2E90223D3609A6040F0010325
:10C51000CCF804304CF80000ADE718440EF00103ED
:10C5200043B954F8083CACEB030C1844DCE9022393
:10C53000D3609A6040F00103CCF80430274BC1F877
:10C5400008C01B68834296D8254B38461968FFF708
:10C55000EFFE90E7034497E7142A0ED9542A22D815
:10C560001A0B02F16F0002F16E04C200AEE743F055
:10C570000101CCF8041013607DE702F15C0002F1C8
:10C580005B04C200A2E7C1E904CCCCE902EECCF81E
:10C5900004404CF803306EE70123A410A3404C681C
:10C5A00023434B60A1E7B2F5AA7F06D8DA0B02F16C
:10C5B000780002F17704C20088E740F254508242CA
:10C5C00006D89A0C02F17D0002F17C04C2007DE7DE
:10C5D0004FF47E727E2479E758000020540000203A
:10C5E000F01600202DE9F041D0F810E0BEEB611FFD
:10C5F00005DC0023036100234361BDE8F08100F105
:10C6000014044E1111F01F0C04EB8E0504EB86038D
:10C6100027D054F8261004339D4221FA0CF137D963
:10C620002746CCF120081A6802FA08F20A4347F8B4
:10C63000042B53F8041B9D4221FA0CF1F3D8AEEB06
:10C64000060E4FEA8E0EAEF1050E4FEA9E02231D36
:10C650002EF0030E43F822109E4489B10EF1040E11
:10C660000EE09D4288BF00F11002C2D953F8041BAE
:10C670009D4242F8041FF9D8AEEB060E04EB8E0E75
:10C68000AEEB04039B10A6450361B4D0BDE8F08176
:10C6900041610029ADD0A646E0E700BF2DE9F04F8B
:10C6A0008B46096885B002938B789246302B0090B8
:10C6B00040F01C82CA1C13781446302B02F1010290
:10C6C000F9D0A4EB0108A8F10208B04EF35C002BEE
:10C6D00000F0EE80002322781D46B25C002A00F0B4
:10C6E0006E81274617F8012FB25C002AFAD1012289
:10C6F0003846A7490193FFF76BFC019B8146002850
:10C7000050D03A78002D00F0C781A5EB07094FEA19
:10C71000890902F0DF02502A3D4650D0CBF8007064
:10C72000002B74D12A1B013A072A194604DD521046
:10C73000072A01F10101FADC009800F0D3FB8346DF
:10C74000002800F09A8200F11407AC42019780F0B3
:10C750000182CDF80C904FF00008A14600240CE0B7
:10C76000202C19D0214604342A78B25C02F00F0242
:10C770008A4048EA02084D4552D015F8012D2E2A6C
:10C78000EED14D45ECD3012228468149FFF720FC2C
:10C790000028F0D0202CE5D1002147F8048B042498
:10C7A0008846E1E7002D00F094813A78A5EB07096F
:10C7B00002F0DF02502A3D464FEA8909AED16A787D
:10C7C0002B2A00F067812D2A40F0E4800120AA780E
:10C7D000AF1CB15C4A1E182A00F2E4807A78103946
:10C7E000B25C013752B90BE001EB810102EB41026F
:10C7F000A2F1100117F8012FB25C0AB1192AF3DD7A
:10C8000000B149428944CBF80070002B8AD0B8F1BE
:10C81000000F0CBF06240024204605B0BDE8F08FB1
:10C82000DDF80C90019B47F8048BFF1ABB104046C3
:10C83000CBF8103000F02CFCDAF80050C0EBC70049
:10C84000A84255DCC0F22A81DAF808304B45C0F224
:10C850001881DAF80430994580F2A680A3EB090923
:10C86000A94570DA09F1FF34002C40F08681264694
:10C8700001230199621151F8222004F01F04A34002
:10C88000134249465846A5EB090500F08581FFF79C
:10C89000A9FEDAF80C40DAF80490022C00F0398195
:10C8A000032C00F09381012C00F08C8112247CE099
:10C8B000012220463649FFF78BFB0346002840F053
:10C8C00080806278651CB15C00297CD0302A2C46BF
:10C8D00040F07E8114F8013F302BFBD0F25C4FF02A
:10C8E0000108B2FA82F35B09002A7FF4FAAE66E02F
:10C8F000441B2146584601F00BF8064678B1012644
:10C90000621E0199531151F8231002F01F0306FA19
:10C9100003F30B4203D0B24200F3358102262146D5
:10C920005846FFF75FFEDAF80830A1444B45C0F2E5
:10C93000A880DAF804304B4540F3DC80A3EB09090A
:10C940004D4500F30B81DAF80C20022A43D0032A6C
:10C9500000F02C81012A41D1A9453FD1B9F1010F45
:10C9600008D0584609F1FF3100F0D2FF002835D039
:10C97000DAF804300122029962240B60019BCBF8A3
:10C9800010201A600E9BC3F800B045E7484001082C
:10C99000B83B0108B15C00204A1E182A05F10107C6
:10C9A0007FF61CAF2F46B9E6012420460E9BC3F844
:10C9B00000B0029BC3F8009005B0BDE8F08F274699
:10C9C00095E62546227802F0DF02502A00F0EA8040
:10C9D000CBF800501BE70F9A002ACBD050240098C8
:10C9E000594600F0A5FA002320460E9A136005B0C0
:10C9F000BDE8F08FDBF808309E4280F2EC80012227
:10CA0000022C06EB02000BEB8606CBF81000DDF8DB
:10CA10000480726100F0CF80002840F30281DBF8CF
:10CA2000143008EB80000BF1180188424FEA5303E1
:10CA300040F2178144460A6843EAC27344F8043B53
:10CA400051F8043B88424FEA5303F4D8A0EB0B02A1
:10CA5000193A08F10401900822F0030241F820304D
:10CA60000A4403B10432A2EB08039B104245CBF801
:10CA7000103000F0D980DAF8083009F101094B458F
:10CA800066DA5946009800F053FA00230E9AA32460
:10CA90001360C1E600209AE6A9463AE62C1A5946E8
:10CAA0002246009800F0AAFCDAF80830A9EB040945
:10CAB00099458346E5DCDAF804309945BFF674AF52
:10CAC000A3EB090900F11402A9450192BFF63BAF9F
:10CAD000C8E67A787D1CB15C2F4600293FF419AE78
:10CAE00017F8012FB15C0029FAD10EE64FF00008CB
:10CAF0008C1CEAE50124002E3FF457AFDAF80C3025
:10CB0000022B06D0032B08D0012B2ED044F01004AA
:10CB10004BE70F9BC3F101030F930F9B002BF5D045
:10CB2000019BDBF8106098461A46002003EB860153
:10CB300004E042F8040B91427FF65CAF13685F1C7F
:10CB4000F7D00133022C136035D015F01F056FD1DB
:10CB500021242AE74FF00008019F63E609F1FF3422
:10CB6000002E3FF481AE012682E6B207CED5019BAE
:10CB70001B681E43F307D3D4C8E72146584600F08C
:10CB8000C7FE064674E65846A11E00F0C1FE002806
:10CB90003FF4C4AE0326C2E6FFF724FD0224DAF810
:10CBA0000490A8E74FF00009012308E60F9A002A35
:10CBB0007FF4E0AE12E7DAF80030013BAB4244D03C
:10CBC0002224F2E6022446F00206D0E70224A4E77B
:10CBD0004FF0010885E5DBF804100098013100F002
:10CBE00081F90746002842D0DBF810300BF10C0128
:10CBF00002339A000C30F4F701FC5946009800F01B
:10CC000097F901213A69022C02EB010007EB82023D
:10CC10003861BB4607F114085161CCD0864294DAE2
:10CC2000FAE60023CBF810300023CBF8143022E7CB
:10CC300008EB860656F8040C00F02AFAC5F1200528
:10CC4000A84285DADBF81000E6E601236A1158F8FD
:10CC5000222005F01F05AB40134214BF21242224DB
:10CC6000A3E6C8F80030002BDBD04246FAE60246C5
:10CC70008421054B054803F0C5FD0246E421024B23
:10CC8000024803F0BFFD00BF143C0108283C010826
:10CC90000139036811F8012F03F1010CB2B100B59D
:10CCA00002E011F8012F62B11CF8013BA3F1410E23
:10CCB000BEF1190F98BF20339342F2D000231846DB
:10CCC00000BD0123C0F800C0184600BD0123C0F814
:10CCD00000C01846704700BF2DE9F04F15460B689D
:10CCE00082465A1105EB820213F01F0385B00093B0
:10CCF0004FF000000DBF1346131D9646A2F1040E1F
:10CD0000DAF8002043F8040C5178002900F0B480D0
:10CD10001F46CDF804A00B4680467446F446814673
:10CD200082467146634E013210E0202B00F29E8055
:10CD3000504508DDA44502D2B8F1070F69DD65450D
:10CD40005ED34FF0080812F8013FCBB116F803B0DC
:10CD5000BBF1000FE9D008F10108B8F1080F00F1AC
:10CD6000010042DCDCF800304FEA031E0BF00F0B31
:10CD70004BEA0E03CCF8003012F8013F002BE5D14E
:10CD80003B468E46002877D0A44502D2B8F1070F63
:10CD90007ADD65455BD26246291F52F8040B724565
:10CDA00041F8040FF9D9AEEB0C020EF1010122F0AB
:10CDB00003020CF1010C8C4588BF00220020291DC4
:10CDC0000A441146043272450860FAD953F8041C2B
:10CDD00019B106E05EF8043D1BB97545FAD101238F
:10CDE0002B60052005B0BDE8F08F6545ABD24CF84F
:10CDF000049C4FF0000E4FF00108ACF1040CB5E7B5
:10CE0000ACF104044CF8049C8246A4464FF00008A0
:10CE100099E7C8F1080ECDE902C7E046DCF800301A
:10CE200094464FEA8E0ECEF1200BD8F8042002FA79
:10CE30000BF71F4322FA0EF3C8F8007048F8043FBE
:10CE4000A045F2D36246039FDDF808C077E7009A59
:10CE500053F8041C002ABBD04FF0FF30C2F120026F
:10CE600020FA02F2114043F8041CB1E7292B8E4648
:10CE70003B46DDF804A003D0042005B0BDE8F08FE8
:10CE80000132CAF800207DE7DCF80010664608464B
:10CE9000C8F108029200C2F12008776807FA08F189
:10CEA000014327FA02F0316046F8040FA642F4D39A
:10CEB0006FE700BF4840010882B049B15AB16BB179
:10CEC00013780B601278101E18BF012002B0704753
:10CED00001A9002AF3D1104602B070476FF001009B
:10CEE000F4E700BF38B5436C05460C464BB153F828
:10CEF000240080B1026843F824200023C0E90333F2
:10CF000038BD2122042103F09FFC034668640028F9
:10CF1000EDD1002038BD0121284601FA04F56A1D33
:10CF2000920003F091FC0028F3D0C0E90145E4E74A
:10CF300031B1436C4A6853F82200086043F822106C
:10CF4000704700BFF0B517460E4600221C460D691B
:10CF500083B001F1140EDEF8001001328BB207FB32
:10CF60000343090C4FEA134C07FB01CC9BB203EBC4
:10CF70000C4395424EF8043B4FEA1C44EBDC3CB1B9
:10CF8000B368AB4207DD06EB850301355C613561B3
:10CF9000304603B0F0BD716807460131FFF7A2FFCC
:10CFA0000346B0B1326906F10C01023292000C3036
:10CFB0000193F4F723FA7A6C716852F8210030601B
:10CFC00042F82160019E06EB850301355C61356105
:10CFD000DEE70246BA21024B024803F013FC00BF11
:10CFE000143C01088C3C01082DE9F843092B1E462E
:10CFF000054688461746089C3CDD01230021214850
:10D0000006F10802A0FB0202DA405B009A4201F13D
:10D010000101FADC2846FFF765FF014660B30123F2
:10D02000092F4461036113DC092708F10A04BE4299
:10D030000BDDF61B264414F8013B0A222846303B40
:10D04000FFF780FFB4420146F5D10846BDE8F883FA
:10D0500008F10904A146B84414F8013B0A22284605
:10D06000303BFFF76FFF44450146F5D109EB07045C
:10D07000083CDCE70021CDE70246D321024B034800
:10D0800003F0C0FB398EE338143C01088C3C0108E6
:10D09000B0F5803F03463ABF102083400020B3F133
:10D0A000807F3CBF1B020830B3F1805F06D3B3F131
:10D0B000804F0FD29A0012D4033070471A01B2F198
:10D0C000804F00F1040006D29B0108D45B00F3D42A
:10D0D000202070471A46002AFBDB013070470230DF
:10D0E000704700BF036859070AD0DA0721D49907AF
:10D0F0004BBF012202225B089B0803601046704769
:10D100009AB282B91B0CDAB2B2B11022190701D15E
:10D1100004321B09990714D0D90701D401325B08E6
:10D12000036010467047DAB24AB11A0712D10422DE
:10D13000EFE700221046704718221B0AE6E7082294
:10D14000FBE7590702D502329B08E9E7DB0804D167
:10D150002022D3E70322D340E2E70332E0E700BF17
:10D1600038B5436C04460D464BB15868B0B10268FF
:10D170005A60002201234561C0E9032338BD212202
:10D18000042103F061FB034660640028EDD1002216
:10D1900040F24511074B084803F034FB1C220121E3
:10D1A000204603F051FB0028F1D001220223C0E900
:10D1B0000123DEE7143C01088C3C01082DE9F04F07
:10D1C0000F6915690E46AF42904685B005DB2A46C9
:10D1D00043463D46884617461E46D8F80830D8F8DC
:10D1E0000410EC19A342B8BF0131FFF77BFE84465F
:10D1F000002800F09C80143000EB840E704505D2AE
:10D200000346002143F8041B9E45FBD8143606EB69
:10D21000870296427CD208F1140707EB850508F1D6
:10D220001503A5EB0808AB42A8F11508CDE902E407
:10D2300091468CBF00240124E3464FEA980A05E09A
:10D24000090C34D1B14500F104005ED956F8041B35
:10D250008AB2002AF4D0B84686460023CDE9009071
:10D2600058F8041BDEF800001FFA81F94FEA114C50
:10D2700081B202FB0911000C02FB0C00194400EB07
:10D28000114089B241EA004145454EF8041B4FEA7E
:10D290001043E5D8DDE90090002C4FEA8A0208BF70
:10D2A00000220244536056F8041C090CCAD00368DB
:10D2B0008846BC46864600221946CDF80090BCF848
:10D2C00000909BB208FB092909EB114943EA094385
:10D2D0004EF8043B5CF8043BDEF800101B0C8AB2ED
:10D2E00008FB0323654503EB19434FEA1342E6D8D5
:10D2F000002C4FEA8A0208BF0022DDF800900244A9
:10D30000B145536000F10400A0D8DDE902E4DC4639
:10D31000002C02DC05E0013C03D05EF8043D002B4C
:10D32000F9D06046CCF8104005B0BDE8F08F024659
:10D330004FF4B171014B024803F064FA143C010848
:10D340008C3C0108F8B512F00303144607462FD1B0
:10D350000E46A4102AD03D6C002D32D004F00103FB
:10D3600064103BB92868B8B1054604F001036410A5
:10D37000002BF7D02A4631463846FFF71FFF36B15B
:10D380007B6C716853F82120326043F8216074B1DE
:10D39000064628680028E7D12A4629463846FFF77E
:10D3A0000DFF0023286005460360DEE73046F8BD28
:10D3B0000F4A013B52F823200023FFF7C3FD064626
:10D3C000C7E701213846FFF78DFD054640B140F221
:10D3D00071230122C0E90423002338640360BDE700
:10D3E000024640F24511034B034803F00BFA00BF1D
:10D3F00048410108143C01088C3C01082DE9F04724
:10D400000D462E69AB6806EB6216741C9C42914671
:10D41000074649684FEA621804DD5B009C4201F14F
:10D420000101FADC3846FFF75DFD00284ED0B8F167
:10D43000000F00F1140C0BDD6346002208F105011A
:10D4400000EB810143F8042B8B42FBD10CEB880CE1
:10D45000296905F1140319F01F0803EB810E2CD084
:10D4600062464FF0000AC8F12009196801FA08F174
:10D4700041EA0A0142F8041B53F8041B9E4521FAB5
:10D4800009FAF2D8AEEB0503153B23F0030305F1CF
:10D490001502964538BF002304334CF803A0BAF1B7
:10D4A000000F00D134467B6C6A68046153F8221087
:10D4B000296043F82250BDE8F087ACF1040C53F822
:10D4C000042B9E454CF8042FF9D8EBE702464FF4A5
:10D4D000EF71024B024803F095F900BF143C0108BC
:10D4E0008C3C010803690A6900B5B3EB020E12D146
:10D4F00000F1140C14310CEB820301EB820101E00A
:10D500009C4508D253F8040D51F8042D9042F7D0F1
:10D5100003D24FF0FF3E704600BD4FF0010E704643
:10D5200000BD00BF2DE9F04F13690D690C46ED1ADF
:10D53000002D174683B014D101F1140C143202EB04
:10D5400083020CEB830302E09C4580F0878053F854
:10D55000046D52F8041D8E42F6D080F08C800125B7
:10D5600003E0FCDB00250F4614467968FFF7BAFCA0
:10D57000002800F08B803B6900F1140207F11408C9
:10D5800007F11001834627691E46C56008EB830E2C
:10D5900004F1140001944FF0000C9146C2460B4672
:10D5A000144600EB870750F8041B53F8045F8AB257
:10D5B0001FFA85F8A8EB0208090CE044C1EB1541FD
:10D5C00001EB28411FFA88F848EA0142874249F8EE
:10D5D000042B4FEA214CE6D891462246019C334663
:10D5E000381B1538153420F00300A74238BF00203F
:10D5F0000AEB0001043187188E455E460C4698BF41
:10D600003A461ED9A2EB0A020437E14604EB0208AF
:10D6100054F8040B1FFA80FCCC44050C484405EB7D
:10D620002C4580B240EA0540A6454FEA254CC8F893
:10D630000000EAD881460EF1FF32521A22F00302AE
:10D640003A44B9F1000F04D152F8041D013B0029FE
:10D65000FAD03046336103B0BDE8F08F0021FFF708
:10D6600041FC064658B101220023C0E9042330469C
:10D6700003B0BDE8F08F3B4627461C4675E70246DF
:10D6800040F23721054B064803F0BCF8024640F251
:10D690004521024B024803F0B5F800BF143C0108D5
:10D6A0008C3C0108114B0B40A3F15073002B03DDA0
:10D6B00000221946104670475B42B3F1A07F4FEA43
:10D6C000235106DA4FF4002300220B41194610467D
:10D6D000704714391E29D4BF4FF0004201224FF089
:10D6E0000003D8BFCA401046194670470000F07FBB
:10D6F000F8B5056900F1140404EB850555F8047CC0
:10D700002E1F3846FFF7C4FCC0F120030A280B6027
:10D7100034DDB442A0F10B0C1CD255F8083CBCF12E
:10D72000000F24D0CCF1200623FA06F207FA0CF7FA
:10D730001743A5F1080047F07F52844203FA0CF327
:10D7400042F4401217D255F80C0C1146F040034336
:10D750001846F8BD0B2809D0002307FA0CFC4CF042
:10D760007F5242F4401218461146F8BD002347F09C
:10D770007F5242F4401218461146F8BDB4422CBF05
:10D78000002455F8084CC0F10B0327FA03FC38BFFE
:10D79000DC4000F115034CF07F5207FA03F342F42A
:10D7A0004012234318461146F8BD00BF30B5012191
:10D7B00085B0CDE90023FFF795FBDDE900230546A1
:10D7C000002844D0C3F30A54C3F313010CB141F44D
:10D7D0008011002A039114D103A8FFF783FC0121D3
:10D7E000039B20306B6129610CB3089BA4F2334486
:10D7F00004441C60099BC0F135001860284605B040
:10D8000030BD02A80292FFF76DFCDDE9022328B1CA
:10D81000C0F1200103FA01F10A43C340002B0CBF01
:10D82000012102216A61AB612961002CDDD105EB88
:10D830008102A0F232431069089A1360FFF728FCB6
:10D84000099BC0EB41101860284605B030BD024668
:10D8500040F20F31014B024802F0D4FF143C0108A2
:10D860008C3C01082DE9F04983B08B46694680461F
:10D87000FFF73EFF04460D46584601A9FFF738FF63
:10D88000D8F81030DBF81020A3EB020CDDE90032F1
:10D890009B1A03EB4C13002B0BDD05EB03573D46A6
:10D8A00002460B4620462946F2F718FF03B0BDE8B2
:10D8B000F089C3EB033301EB035C6146F0E700BF83
:10D8C00002F1140310B51446126901F1FF3C4FEA4E
:10D8D0006C1C03EB82010CF1010C8B4200EB8C0CF5
:10D8E0000DD2A0F1040E53F8042B99424EF8042FE8
:10D8F000F9D8091B153921F0030104300844844587
:10D9000004D9002340F8043B8445FBD810BD00BF78
:10D9100003694A11934200F1140009DA00EB830312
:10D9200002E053F8042D82B98342FAD800207047F0
:10D9300000EB8203F8DD11F01F01F5D050F822C092
:10D940002CFA01F28A409445EED00120704700BFC6
:10D9500059B1FF2A03D801230A70184670478A225A
:10D960004FF0FF330260184670470B461846704769
:10D970002DE9F04FDDB0164607911C4683460E9305
:10D9800002F04CFE036818461793FEF793FC08223A
:10D99000169000212CA8FEF7D7FABBF1000F04D097
:10D9A000DBF83430002B01F0F181079B5A6EB3F99C
:10D9B0000C30D00740F17585990400F1078707996D
:10D9C00043F4005322F400528B814A66930402F11F
:10D9D000C980079BB3F90C301D0740F13C85079ABD
:10D9E0001269002A00F0378503F01A020A2A00F0B3
:10D9F0004185002300249E46CDE93133002333AA1C
:10DA00009046CDE91234CDE91AEE3092CDF860E0BF
:10DA1000CDF864E0CDF824E0CDF844E03446884BFE
:10DA20002CAFD3F8CC51FEF77FFB2246034626A944
:10DA300058460097A847002800F00B84C0F20084E5
:10DA4000269B252B01D00444E9E7A71B054640F09F
:10DA5000038400224FF0FF33924608930134237869
:10DA60008DF88F200A9299460134A9F120035A2B90
:10DA70005CD8DFE813F0F5025B005B00F1025B00AD
:10DA80005B005B00D4025B005B00280150025B007E
:10DA90004C02B7025B00B302D500D500D500D5001B
:10DAA000D500D500D500D500D5005B005B005B003C
:10DAB0005B005B005B005B00E7005B004B01610308
:10DAC000E700E700E7005B005B005B005B00AF0284
:10DAD0005B005B005F025B005B005B0016025B00AB
:10DAE000B5035B005B0023085B005B005B005B0031
:10DAF0005B005B005B005B00E7005B004B013601F5
:10DB0000E700E700E7005703360132015B004D03F1
:10DB10005B001303FF02220332015B001602300197
:10DB200081035B005B0086085B003001B9F1000FE8
:10DB300000F0A583002301228DF80C910C9243AED6
:10DB40008DF88F300B93CDE90F3306920893149321
:10DB5000329D1AF08403AE4600F0F9809DF88F20C4
:10DB600012B300273198012201300135C8F8042092
:10DB700007280DF18F02CDE93105C8F8002000F328
:10DB80009A8408F108087FB13198022201300235E9
:10DB9000C8F80420072824AACDE93105C8F80020D8
:10DBA00000F3988408F10808802B00F07283089B2A
:10DBB0000C9A9F1A002F00F3DB801AF4807F40F04C
:10DBC00014810C9BC8F800601D44C8F80430319BD8
:10DBD00032950133072B319300F3DB8308F10808FA
:10DBE0001AF0040F05D00A9B069A9E1A002E00F325
:10DBF0008084DDE9093206998A42ACBF9B185B1824
:10DC00000993002D40F08983002331930B9B1BB1B6
:10DC100058460B99FEF7E2FB26460DF1CC08FDE6CF
:10DC20000022A9F1300314F8019B02EB820203EBFE
:10DC30004202A9F13003092BF5D90A9215E700BF7A
:10DC40006C0400200E9B073323F00701F1E8022348
:10DC5000CDE91223139B1E9223F000431F930E91D4
:10DC60004FF0FF32DDE91E01AD4BF2F7A7FE0028B1
:10DC700040F0C986DDE91E014FF0FF32A84BF2F7F4
:10DC80007FFE0546002840F0BE86DDE91201002235
:10DC900000232AF0800AF2F769FE002841F0E883A9
:10DCA0009DF88F30B9F1470FCCBF9E4E9E4E002B92
:10DCB00041F0ED860322CDE90F330B930C920893CC
:10DCC0001493069244E70E9B53F8042B002A0A9201
:10DCD0000E93C0F219812378C5E623784AF0200A12
:10DCE000C1E61AF0200F40F0C2850E9A1AF0100F0C
:10DCF00052F8045B41F09B871AF0400F0E9201F03E
:10DD00001A8145F3C0373B462DB225E2B9F1430FE6
:10DD100000F078871AF0100F40F0748701220E9BF4
:10DD200006921B6843AE8DF80C310C920E9B329D0F
:10DD300004330E930023CDE90F338DF88F300B930E
:10DD4000089314931AF08403AE467FF407AF0A9A3F
:10DD50000698171A002F00F39D849DF88F20002A43
:10DD60007FF4FFAE089B0C9A9F1A002F7FF725AF18
:10DD70006E4B102F319A159325DD29461023254629
:10DD8000079C04E0103F102F08F1080819DD01324C
:10DD900066481031072AC8E90003CDE93121F1DDD9
:10DDA0002146584630AA01F0B1FF002840F0BD825C
:10DDB000DDE93121103F102F4FF010030DF1CC0899
:10DDC000E5DC2C460D460132159B3D44072ACDE982
:10DDD0003125C8F80030C8F8047000F3EA841AF45A
:10DDE000807F08F108083FF4ECAEB9F1650F40F30D
:10DDF000DB82DDE9120100220023F2F7ADFD0028ED
:10DE000000F0C6830123C8F80430319B484A01332F
:10DE10000135072B32953193C8F8002000F3BB87FA
:10DE200008F10808259B119A934280F2D484169B2E
:10DE3000179A1D44C8E90023319B32950133072B03
:10DE4000319300F3B98608F10808119B5E1E002E7D
:10DE50007FF7C6AE102E319B41F3588633492A46D0
:10DE600010270D46DDF81C90159105E008F1080813
:10DE7000103E102E40F3F98701331032072BC8E90A
:10DE80000057CDE93132F1DD4946584630AA01F05C
:10DE90003DFF002840F04982DDE931320DF1CC0828
:10DEA000E6E700230E9F8DF88F3057F8046B002EA5
:10DEB00000F08F86B9F1530F00F07A871AF0100343
:10DEC0000F9340F07587089B002BC1F285811A469D
:10DED00030460F9902F0E0FB9DF88F300B90002840
:10DEE00001F0DC850B9A0E97921B0C9222EAE272EB
:10DEF00006920BB1531C06930F9B4FF073090893C6
:10DF0000149310930B9323E60A9B5B420A932378A6
:10DF10004AF0040AA7E52B238DF88F302378A2E579
:10DF2000FFFFEF7FEC3C0108E83C01084C4301088F
:10DF3000283D01081AF0200F4AF0100000F08F84ED
:10DF40000E9B073323F007031A46596852F8083B23
:10DF50000E9200228DF88F20089A002A18DB53EACF
:10DF6000010220F4906A15D1089A9AB910F00103C1
:10DF70001A46069300F0EA8630238DF86F31089B2D
:10DF80000C92CDE90F3314930B930DF26F16DFE56E
:10DF900020F4806A5CAE03F00702DB0843EA4173B9
:10DFA000C908303253EA0105304606F8012DF2D196
:10DFB0001AF0010F00F03681302A00F0338130234F
:10DFC0000022023806F8013C5CAB1B1A06460B9295
:10DFD0000C932CE123784AF0080A44E523784AF0B0
:10DFE000800A40E5214611F8019BB9F12A0F01F0A2
:10DFF000EA85A9F13003092B98BF002201F2E683DC
:10E0000011F8019B02EB820203EB4202A9F13003FB
:10E01000092BF5D942EAE2730C46089325E55846E8
:10E0200002F0FCFA436818461993FEF743F91B9077
:10E030000546584602F0F2FA816823781A91002DBD
:10E040003FF411AD00293FF40EAD0A78002A3FF4E9
:10E050000AAD4AF4806A06E523784AF0010A02E52F
:10E060009DF88F202378002A7FF4FDAC20228DF8C4
:10E070008F20F8E41AF0200F40F00C840E9A1AF06A
:10E08000100F52F8043B41F0D8851AF0400F50466B
:10E090000E9200F0498700219BB25AE70E9A1AF0BF
:10E0A000200F02F1040300F0E48312680999116063
:10E0B000C917516026460E93B0E4002547F6300399
:10E0C0000E9A089E52F8041BAE42ADF890308DF8BF
:10E0D0008F500B46C0F257852AF0800040F0020AAC
:10E0E000002940F0D786002E00F07F8730238DF87E
:10E0F0006F31012306964FF078098C4610910E92ED
:10E100000F9114910B910C930DF26F1600F021BD3D
:10E1100023786C2B03BF63784AF0200A01344AF05D
:10E12000100AA0E42378682B03BF63784AF4007ACE
:10E1300001344AF0400A96E41AF0200F4AF0100128
:10E1400000F0CA830E9B8A46073323F00702536808
:10E1500052F8085B1F460E92002BC0F2C883089A43
:10E16000002A1EDB55EA07032AF0800A19D1002A8B
:10E1700000F0EC8630251AE01AF0200F00F08D83B5
:10E1800051460E9B073323F0070200238DF88F3092
:10E19000089B576852F8085B002B0E9280F221838F
:10E1A0008A460A2D77F1000380F0B2833035089B50
:10E1B0008DF86F51012BB8BF0123069301230C93F7
:10E1C0009DF88F300DF26F16002B01F0F982069B3F
:10E1D000013306930023CDE90F330B931493B7E477
:10E1E0001AF0200F4AF01001CBD10E9B1A1D002708
:10E1F0000E9B08981B68B8421D468DF88F70C1F2BF
:10E20000728021F0800A002B40F01D850E920028BC
:10E2100040F06083CDE90F000C90149006900B90B5
:10E220005CAE95E400225CAB9B1B0B920C930899AF
:10E23000CDE90F229942B8BF19461492069187E49E
:10E24000082200212CA8FDF77FFE01200444FFF7DF
:10E25000E6BBA71B054612D0319A329B01323B44E4
:10E26000072AC8E900673293319200F3E98008F188
:10E270000808099B3B440993002D7FF4EAAB329BCD
:10E28000002B40F0B8870022079B3192B3F90C3085
:10E2900054E00A9B069A9F1A002F7FF788AC102F34
:10E2A000319A41F3CF82DFF8E0C241462846B046BA
:10E2B00010232646079D6446CDF854C004E0103F65
:10E2C000102F01F1080115DD01321030072AC1E9D4
:10E2D0000043CDE93120F2DD2946584630AA01F04D
:10E2E00015FD10BBDDE93120103F102F4FF010035A
:10E2F00033A9E9DC34460546464688460132159B7B
:10E300003D44072ACDE93125C8F80030C8F804702B
:10E3100000F3458408F1080849E45846079930AAF3
:10E3200001F0F4FC00283FF46FAC0B9B1BB1584686
:10E330000B99FEF753F8079BB3F90C30079A526E0E
:10E34000D00702D49A0540F1F9845B0601F1CE832F
:10E3500009985DB0BDE8F08F169B17985A19C8E967
:10E360000003319B32920133072B319300F34D8729
:10E3700008F108080029C1F23282119901338D1881
:10E38000072BCDE93135C8F80060C8F804107FF7D5
:10E3900025AC5846079930AA01F0B8FC0028C4D132
:10E3A000329D0DF1CC081BE4119B319F012B05F12F
:10E3B000010507F1010708F1080940F3B3810123C2
:10E3C000072FCDE93175C8F80060C8F8043000F3B4
:10E3D0006C84169B0137179A1D44072FC9E9002347
:10E3E000CDE9317500F3538409F10809119B00222E
:10E3F000DDE9120103F1FF380023F2F7ADFA00283E
:10E4000040F0AB81013701364544072FCDE9317526
:10E41000C9F80060C9F8048000F3928109F1080985
:10E42000189B01371D44C9F80430072F28ABCDE9EC
:10E430003175C9F80030ACDC09F10808FFF7D0BB32
:10E440005846079930AA01F061FC00287FF473AFA9
:10E450000DF1CC080DE7079D5846294601F0A6FFAF
:10E46000002841F03B83B5F90C3003F01A020A2A68
:10E470007FF4BFAA0799B1F90E20002AFFF6B9AAC6
:10E480004A6ED20702D49B0540F1CE86234632461F
:10E490005846079901F0FAFB099009985DB0BDE86C
:10E4A000F08F9F0563D59D047FF589AA90047FF5C1
:10E4B00093AA01F059BB5846079930AA159301F069
:10E4C00025FC00287FF431AF329D159B0DF1CC085F
:10E4D000FFF759BB5846079930AA159301F016FC6F
:10E4E00000287FF422AF329D159B0DF1CC08FFF779
:10E4F0005BBB102E319B41F36E81244AA24610274C
:10E500001446DDF81C90159204E0103E102E08F120
:10E51000080816DD01331035072BC8E90047CDE99F
:10E520003135F2DD4946584630AA01F0EFFB0028AC
:10E530007FF4FBAEDDE93135103E102E0DF1CC0835
:10E54000E8DC54460133159A3544072BC8E9002608
:10E55000CDE931357FF74DAB5846079930AA01F028
:10E56000D5FB00287FF4E1AE329DFFF742BB079D4B
:10E57000A86DFDF78DFEB5F90C306A6E99043FF574
:10E5800025AAFFF71CBA00BF4C4301085C430108F1
:10E590002599814240F33B81DDF83C90119B9945E0
:10E5A000A8BF9946B9F1000F0BDD319B4D440133F3
:10E5B000072BC8E900693295319300F3F58708F11C
:10E5C00008080F9FB9F1000FA8BFA7EB0907002F9C
:10E5D00000F374840F9B1AF4806F334440F0A286DA
:10E5E000259A11998A4203DB1AF0010F00F00A857F
:10E5F000169917980D44C8E90001319932950131F7
:10E600000729319101F3708008F1080811997718F2
:10E61000FF1A8E1AB742A8BF3746002F0DDDC8F883
:10E620000030319B3D440133072BC8F8047032950C
:10E63000319301F3B58008F10808002FA8BFF61B3D
:10E64000002E7FF7CDAA102E319B41F35F82B64991
:10E650002A4610270D46DDF81C90159105E008F1BB
:10E660000808103E102E40F3008401331032072BAF
:10E67000C8E90057CDE93132F1DD4946584630AAA4
:10E6800001F044FB00287FF450AEDDE931320DF19A
:10E69000CC08E6E7319A102F714641F37280DFF81B
:10E6A0008CC240462094B04610256446079ECDF8A3
:10E6B00054C0219304E0103F102F00F1080015DD35
:10E6C00001321031072AC0E90045CDE93121F2DDE0
:10E6D0003146584630AA01F019FB00287FF425AED8
:10E6E000DDE93121103F102F33A8E9DC4646DDE992
:10E6F0002043804615987D18C8F80000501C072854
:10E70000CDE93105C8F8047000F329839DF88F2006
:10E7100008F10808002A76D1002B3FF448AA1346D6
:10E72000FFF733BA1AF0010F7FF449AE0123072F28
:10E73000CDE93175C8F80060C8F804307FF770AED5
:10E740005846079930AA01F0E1FA00287FF4EDADB0
:10E75000DDE931750DF1CC0962E6119B012B7FF7E4
:10E760005FAE112B41F33E826F4B2A460894102670
:10E770001D46079C159307E009F10809A8F1100848
:10E78000B8F1100F40F3C18301371032072FC9E9E8
:10E790000056CDE93172EFDD2146584630AA01F02E
:10E7A000B5FA00287FF4C1ADDDE931720DF1CC0975
:10E7B000E4E75846079930AA01F0A8FA00287FF448
:10E7C000B4AD329D0DF1CC08FFF7F7B992047FF597
:10E7D00003A901F08BB91AF0010F3FF401AAFFF76A
:10E7E00026BB55EA070321F0800A7FF4DAAC089BC8
:10E7F000002B6FD1CDE90F330C93149306930B9339
:10E800005CAEFFF7A5B91F460023FFF7ACB90123A3
:10E81000C8F80430319B464A01330135072B329545
:10E820003193C8F8002000F3948608F10808002905
:10E830007FF492AD119A0AF0010313433FF4D0A97B
:10E84000169B17995A19C8E90013319B329201336C
:10E85000072B319300F3D98408F108088DE50E9B4E
:10E860001A1D0E9B00211B680E92FFF772BB5146CA
:10E8700068E41AF0100F40F007831AF0400F40F0E0
:10E88000CD831AF4007F00F0FF820E9A0999126876
:10E8900011700FE45046FFF753BB0E9A1AF01000A8
:10E8A00052F8043B41F0C6811AF0400100F0C081EB
:10E8B0008DF88F009BB2002708991D46B942C0F21F
:10E8C000C2812AF0800A002B40F0BD81089B0E9285
:10E8D000002B8FD0002569E40E9B1A1D0E9B8A46E3
:10E8E0001D680E92EF173B46002BBFF638AC2D2368
:10E8F0008DF88F30089B6D4267EB4707002BFFF6C2
:10E9000050AC0A2D77F100032AF0800AFFF44EACD8
:10E91000CDE90B8906944FF0000EDDF868905CA9F4
:10E920000AF480642CE000BF4C4301085C430108FA
:10E93000283D0108EB19AF4843F10003A0FB032079
:10E9400020F0030202EB90029B1A4FF0CC32A84653
:10E95000BC46EB1A02FB03F2A64867F1000700FB76
:10E960000722A3FB0053B8F10A0F13444FEA5505E1
:10E970007CF1000C314645EAC3754FEA53072DD3AD
:10E98000DFF870C2EB1943F10003ACFB032020F069
:10E99000030202EB90029B1AEB1AA3FB0C3267F105
:10E9A00000000CFB00225B0843EAC27303EB830305
:10E9B000A5EB430330330EF1010E4E1E01F8013C6E
:10E9C000002CB7D099F800307345B3D1BEF1FF0FDA
:10E9D000B0D00A2D77F1000380F07085089A5CAB07
:10E9E0009B1B9A42B8BF1A46069CCDF86890DDF88A
:10E9F0002C80DDF83090CDF844E00C9306929DF821
:10EA00008F30FFF7E1BBDDE9120102460B46F1F75B
:10EA1000D5FF0546002840F0FE87B9F1610F00F0F0
:10EA20003786B9F1410F00F00683089B013300F0EF
:10EA300092874AF48072B9F1670F139B069200F037
:10EA40006A87B9F1470F00F066870B90DDE9121273
:10EA5000002AC0F2588700231593DDE91223CDE97F
:10EA60001C23A9F14103252B00F27782DFE813F084
:10EA70001F07750275027502E1032E047502750207
:10EA800075027502750275027502750275027502CE
:10EA900075027502750275027502750275027502BE
:10EAA00075027502750275027502750275027502AE
:10EAB0001F07750275027502E1032E044E481AF015
:10EAC000200F00F0D7800E9B073323F007031A4670
:10EAD0005D6852F8083B0E921AF0010140F0B680D2
:10EAE000089A8DF88F10002AC0F2F68053EA0502CA
:10EAF0002AF4906A00F0FF8003F00F02825C1B0989
:10EB000043EA05738DF86F212A0953EA15150DF2B2
:10EB10006F160BD003F00F05455D1B0943EA027326
:10EB2000120906F8015D53EA0205F3D1089A5CABBD
:10EB30004FF0000C9B1B9A42B8BF1A46CDE90FCC90
:10EB40000C930692CDF82CC0CDF850C000293EF4AD
:10EB5000FFAFDDE93105069BAE46023306931AF09E
:10EB60008403024604D10A9F06997F1A002F06DC0F
:10EB7000BCF1000F3FF409A80227FEF7F4BF0223FF
:10EB800089E51E489BE70E921C4A03F00F061046CB
:10EB900002214FF07809925D4AF0020AAFE7584629
:10EBA000079930AA01F0B2F800287FF4BEAB329D7D
:10EBB0000DF1CC08FEF7FBBF5846079930AA01F0CB
:10EBC000A5F800287FF4B1AB329D0DF1CC08FFF71A
:10EBD0003CB9089B3246062B28BF062308960B96A5
:10EBE000CDE90F22064E06930E970C931492FEF772
:10EBF000AFBF00BFCDCCCCCC0C3D0108F83C010828
:10EC0000203D0108082200212EA8FDF79DF90E9A4B
:10EC100043AE3146584612682EAB03F0C7F80C904D
:10EC200001307ED00C9B23EAE3730693FFF77EB896
:10EC30001AF4007740F0FB8108991D4600298DF8F1
:10EC40008F70BFF63EAE0E92FFF7ABBA53EA0502E5
:10EC500048D030228DF8902000228DF88F20089A1D
:10EC60008DF89190002A34DB2AF49062022142F060
:10EC7000020A41E70E9A1AF0100F52F8043B0E9266
:10EC800025D11AF0400F1ED000259BB224E758462C
:10EC9000079930AA01F03AF800287FF446ABDDE985
:10ECA00031750DF1CC09FFF7A1BB5846079930AA81
:10ECB00001F02CF800287FF438ABDDE931750DF157
:10ECC000CC09FFF786BB1AF4007F40F0AD81002528
:10ECD00002E702214AF0020A03F00F02825C2AF4E2
:10ECE000806A0CE70021089B8DF88F108B42C0F2E0
:10ECF0000C832AF4906A089A002A00F0D480012A32
:10ED0000B8BF0122037806928DF86F3101220023EB
:10ED10000C92CDE90F330B930DF26F161493FEF79F
:10ED200017BF0798B0F90C30426E43F04001D60788
:10ED3000818100F1DB86990500F1D886079CA06DE2
:10ED4000FDF7A8FAB4F90C30FFF7FFBA089B5CAEE8
:10ED5000CDE90F330C9314930B93FEF7F9BE58468D
:10ED6000079930AA159300F0D1FF00287FF4DDAA9F
:10ED70009DF88F20329D159B002A00F096801F463B
:10ED80000DF1CC0803463198FEF7EDBE5846FCF76E
:10ED900003FFFEF70ABE5846079930AA00F0B6FFF7
:10EDA00000287FF4C2AA329D0DF1CC08FFF73AB8D3
:10EDB000082200212EA82796FDF7C6F8089B002BF5
:10EDC000C0F29582002506940B972C461F460FE053
:10EDD0002EAB584643A902F0E9FF431C05F1040598
:10EDE000204400F0C585B84206DC00F06486044685
:10EDF000279B5A59002AEBD10C940B9F069C0C9B25
:10EE0000002B00F0B483632B40F30C855846591C4B
:10EE1000FBF790FA0646002800F02A870B9008229C
:10EE200000212EA8FDF790F80C9D2EAB00933146E3
:10EE30002B46584627AA02F0E1FF854240F013878F
:10EE400000230C9A0893B35422EAE2719DF88F20B4
:10EE500006910E97002A00F0B484069ACDE90F338C
:10EE6000013206921493FEF773BE1546159A0133CC
:10EE70003544072BC8F80020C8F80460CDE93135C7
:10EE80007EF7ACAEFFF785BA0E9A09991268116049
:10EE9000FFF710B983480E9201F00F024FF0780986
:10EEA0000221825C2BE6089BA4E4002B00F0B280D8
:10EEB000134631980DF1CC08FEF767BE102F319B39
:10EEC00040F39B86784842462946A0464FF01009F9
:10EED0000546079C159004E00832103F102F40F3C0
:10EEE000DA8201331031072BC2E90059CDE9313103
:10EEF000F2DD2146584630AA00F008FF00287FF4D2
:10EF000014AADDE9313133AAE7E71546089C013739
:10EF1000159B4544072FCDE93175C9F80030C9F874
:10EF200004807FF77BAA0BE41AF400711CBF002158
:10EF3000DBB2FFF70EB81AF4007F14BF45F3C01719
:10EF4000EF173B4618BF6DB2FFF706B99DF88F303B
:10EF500006920C925CAEFFF737B9089B58460193B6
:10EF6000022300932EAB049327AB039325AB0293AC
:10EF7000DDE91C2301F040FD06461AF0010F40F0C8
:10EF80000B84259A2E9BD11CA3EB060311930F92A1
:10EF9000C0F2BA8308999142C0F22183934200F3F0
:10EFA00046840F9B0C931AF4806F03D00F9B002BA9
:10EFB00000F306854FF067090C9BDDF818A023EAE3
:10EFC000E3730693002314931093159B0AF0020138
:10EFD000002B00F07F814FF02D0C8DF88FC0069B29
:10EFE0000133069300230893B0E5089B4FF078099E
:10EFF0009C46CDE90F330E9214930C9306935CAEAE
:10F000000B93A6E57718FF1A8E1AB742A8BF3746AA
:10F01000FFF713BB0DF1CC08FEF7C9BD0E9A099995
:10F0200012681180FFF746B80025DBB254E58DF871
:10F030008F10DBB23FE445F63003ADF89030089B0B
:10F040004AF0020A632B00F34F84DDE91212824278
:10F05000C0F22584DDE9120125AA01F05DFB002242
:10F060004FF07F53F1F710FA02460B46CDE90C231F
:10F0700000220023F1F770FC08B10123259300233F
:10F080000A4A1593069243AE0B93CDE90F48DDE98A
:10F090000C45CDF84490089FDDF81890CDF850A0AD
:10F0A00018960DE0F83C01084C4301080C3D01089E
:10F0B00000220023F1F750FC002840F0C784574697
:10F0C0000022964B20462946F1F7DEF90D4604460C
:10F0D000F2F70AFA8046F1F76DF902460B46204630
:10F0E0002946F1F719F819F80830324604460D465A
:10F0F00007F1FF3A06F8013B002FD9D10892884B5F
:10F100000022CDE90C45474635460F9CDDF844907A
:10F11000DDF850A0189EDDF84080F1F745FC40B9BD
:10F12000DDE90C0100227E4BF1F716FCE0B1F80797
:10F130001AD5089B2E93069B15F8012CD97B2B46DC
:10F14000914209D1302003F8010C2E9B5A1E2E92B9
:10F1500013F8012C8A42F6D0392A0BBF069A0132E5
:10F16000927AD2B203F8012C259AAB1B1193B9F114
:10F17000610F02F1FF33259300F00E8550214FF00F
:10F180004109002B8DF8A010C0F2E2842B22092B3C
:10F190008DF8A12000F3C8820DF1A202303302F8ED
:10F1A000013B28ABD31A1893119B189A012B1A44D0
:10F1B0000C9240F3D8830C9B169A13440C932AF4B8
:10F1C000806343F4807A00230C9ACDE90F3322EA5E
:10F1D000E27214930692F8E63046FDF76BF89DF85C
:10F1E0008F3020EAE0720C9006920E97002B3EF4CE
:10F1F00083AEFEF77FBE5846079930AA00F086FD21
:10F2000000283FF440A8FFF796B85846079930AA5F
:10F2100000F07CFD00287FF488A8DDE931322599D3
:10F220000DF1CC08FFF7A6B8886DFDF733F8FFF7AE
:10F230002DB90223089A0132119200932EAB119D31
:10F24000049327AB039325AB019502935846DDE960
:10F250001C2301F0D1FB29F02007462F0646054468
:10F2600000F0DC81DDE91C0100220023F1F774FBD2
:10F27000002840F096832E9BAB4238BF452780F094
:10F280008E8330215A1C2E9219702E9BAB42F9D3DB
:10F290009B1B1193259B472F0F9300F09881462FBE
:10F2A00000F0D4810F9B8DF8A090013B002B25939B
:10F2B000C0F231822B22092B8DF8A12000F3348279
:10F2C00030228DF8A2200DF1A30267E7089B11936D
:10F2D0000323B2E79DF88FC0BCF1000F7FF47FAE2F
:10F2E000159B089332E48A460E92FEF75ABF2EAB66
:10F2F000009300235846194627AA02F07FFD0C9080
:10F30000013000F03583279679E503782AF4806A86
:10F310008DF86F310DF26F1608E400BF0000304029
:10F320000000E03F1F46119A109BB218002B29469F
:10F33000DDF850900892CDF854A04246DDF868A060
:10F340001B9DDDF81C800F9414962EDDB9F1000F83
:10F350007BDD09F1FF393198199B013029440728D9
:10F36000C2E900353291319064DC0832089B9AF88A
:10F370000000DE1B8642A8BF0646002E0BDD31983A
:10F38000314401300728C2E900763291319062DCC5
:10F390009AF800000832002EB4BF0446841B002CEB
:10F3A00016DC0744109B002BD0DCB9F1000FD0DC39
:10F3B0009046149E119A3B46B2189742CDF868A029
:10F3C0000D4628BF13460F9CDDF854A0FFF708B97F
:10F3D000102C3198AB4B1FDD10260C9304E0103C31
:10F3E000102C02F1080216DD0130A64B103107285F
:10F3F000C2E90036CDE93101F1DD4146584630AA77
:10F4000000F084FC00287EF490AFDDE93101103C6F
:10F41000102C33AAE8DC0C9B013021440728CDE9ED
:10F4200031011360546000F3B1809AF80000083293
:10F430000744B7E74146584630AA00F067FC002869
:10F440007EF473AF329933AA90E7109B0AF1FF3A2A
:10F45000013B10937FE74146584630AA00F056FC26
:10F4600000287EF462AF9AF80000329933AA92E73E
:10F470002D238DF88F3003230C930423B9F1470F0C
:10F480000B95069340F38181CDE90F557E4E08958B
:10F490001495FEF75DBB44460D4690460133159A20
:10F4A0003D44072BCDE93135C8F80020C8F8047079
:10F4B00000F3E88108F10808FFF78CB81B9A199946
:10F4C000A6EB0208404601F071F899F801300BB143
:10F4D00009F101094FF0CC314FF0010E6B4AEB19E5
:10F4E00043F10003A2FB030C2CF0030000EB9C0093
:10F4F0001B1AEB1A03FB01F167F10007A3FB0230B3
:10F5000002FB071123FA0EF3014443EAC17521FA05
:10F510000EF7EB1943F10003A2FB031020F00301E7
:10F5200001EB90015B1AEB1AA3FB023167F10000BB
:10F5300002FB001223FA0EF343EAC27303EB8303C8
:10F54000A5EB4303303308F1FF3608F8013CFFF721
:10F5500039BA5846079930AA00F0D8FB00287EF443
:10F56000E4AE2599329D0DF1CC08FFF760B99DF806
:10F570008F300E97003B18BF012306930C9BCDE9FB
:10F580000F33089314930B93FEF7E2BA41465846A3
:10F5900030AA00F0BBFB00287EF4C7AE9AF800004A
:10F5A000329933AA0744FDE65846079930AA00F07D
:10F5B000ADFB00287EF4B9AE329D0DF1CC08FFF70B
:10F5C00000B8259B0F93AB1B472F11933ED10F9B88
:10F5D0000333C0F29980089B0F9A934210DA0F9B75
:10F5E000A9F10209013B002B8DF8A0902593BFF6ED
:10F5F00061AE2D220F9B8DF8A120C3F101035FE6C0
:10F60000119B0F9A934200F312811AF0010F0F9B86
:10F6100000F0B882169A13440C93C4E43378302B6C
:10F6200000F0B081259B1D440022DDE91C01002370
:10F63000F1F792F90028C4D12E9BAB42FFF421AE22
:10F640009B1B1193259B472F0F93C0D00F99089AAE
:10F650000AF00103002943EA020340F3D182002BA0
:10F6600040F00D824FF066090F9B0C931AF4806FE7
:10F6700040F0A8810C9BDDF818A023EAE373069301
:10F68000A0E400BF4C430108EC3C0108CDCCCCCC3D
:10F6900047F63003ADF89030089B4AF0020A632B1E
:10F6A00000F32281DDE91212002AC0F2F880DDE9C0
:10F6B000120125AA01F030F800224FF07F53F0F735
:10F6C000E3FE02460B46CDE90C2300220023F1F7AE
:10F6D00043F9002800F059820123159525930B95D5
:10F6E00043AEB14B0693D0E45846079930AA08932D
:10F6F00000F00CFB00287EF418AE259A329D089B82
:10F700000DF1CC08FEF782BF0F9BA9F10209013B66
:10F710008DF8A09025932D230F9A8DF8A130C2F17A
:10F7200001030832BFF6CCAD0DF1AF073A46DFF862
:10F730007CC21046ACFB0321C90801EB8102A3EB9C
:10F7400042023032632B00F8012C0B4600F1FF32ED
:10F75000EFDC303302F8013C831EBB4280F03E8276
:10F760000DF1A10213F8011BBB4202F8011FF9D1F0
:10F7700003F5B8736B44CC3B1B1A28AA9B1A189349
:10F7800012E58B481590FEF7B5BFCDE90F55894EB0
:10F7900008951495FEF7DCB9089B4727F51843E751
:10F7A0005846079930AA00F0B1FA00287EF4BDADA2
:10F7B000259E119B329D0DF1CC089E1BFEF73DBF8F
:10F7C0000B93CDE90F331493FEF7C2B900230C4617
:10F7D0000893FEF74AB9764A1592FEF7B3BE4F4238
:10F7E000103133DADFF8D0911025CDF8549004E0D1
:10F7F00008F10808103F102F2ADD01331032072BC3
:10F80000C8E90095CDE93132F2DD5846079930AAB2
:10F8100000F07CFA00287EF488ADDDE931320DF18C
:10F82000CC08E7E7002343AE0B93FFF7F8BA119B30
:10F83000169A9A180F9B0C92002B40F342814FF0BE
:10F84000670913E75C4B1593FEF758BD5A491591AC
:10F85000013315993A44072BCDE93132C8F800102D
:10F86000C8F804707EF7F8AF5846079930AA00F040
:10F870004DFA00287EF459ADDDE931320DF1CC08A6
:10F88000FEF77BBD5846079930AA00F03FFA0028E2
:10F890007EF44BAD329D0DF1CC08FEF79BBE1C9162
:10F8A0002D2102F100430B95159143AE1D9325AA1E
:10F8B000DDE91C0100F030FF00224FF07F53F0F72C
:10F8C000E3FD02460B46CDE90C2300220023F1F7AD
:10F8D00043F808B101232593B9F1610F3FF401AF5B
:10F8E000364B0693FFF7D1BB089B5846591CFAF7D5
:10F8F00021FD064600283FF414AA4AF480730B90B9
:10F900000693FFF7A3B81C912D2102F10043159136
:10F910001D93FFF7A6B8089A002A00F00E81002B6D
:10F92000C0F24881DDE91223CDE91C231595089B1F
:10F9300058460193022300932EAB049327AB039305
:10F9400025AB0293DDE91C2301F056F8002306469F
:10F950000B93FFF712BB062308934AF480730B90B6
:10F960000693FFF773B81AF0010F3FF428AC22E4B6
:10F970000022079B0B929B8943F04003079A9381D7
:10F98000FEF7D3BC0022DDE91C010023F0F7E4FF01
:10F99000002800F0F280259B0F931D4413E69B1B6B
:10F9A0001193259B0F937DE4F83C0108CDCCCCCC82
:10F9B0005C430108E83C01084C4301080C3D010888
:10F9C0004FF067091A990B78FF2B00F03981002559
:10F9D0000F9A284603E001300131FF2B08D09342F3
:10F9E00006DAD21A4B78002BF5D10B780135F4E703
:10F9F000CDE90F201A911495109A149B1B9913446A
:10FA00000C9ADDF818A001FB03230C9323EAE3739F
:10FA10000693FFF7DABA139B2AF0800A13F000432B
:10FA20000F9377D02D2303228DF88F300023CDE95B
:10FA30000B320422B9F1470F069240F3D780CDE98B
:10FA40000F338E4E08931493FEF782B808975746EB
:10FA5000DDE90F48002F3546DDF84490DDF850A071
:10FA6000189EFFF681AB2B4630220899294403F8F3
:10FA7000012B8B42FBD12F447D1CFFF775BB169BDE
:10FA800002EB01094B440C934FF06609EEE50322AB
:10FA90000023CDE90B320422FEF755B80E9753B37D
:10FAA000089B4FF073090C93013306930890149050
:10FAB0001090FEF74DB8089B069C0B9F0C93FFF728
:10FAC0009EB9C3F101031A4422EAE273DDF818A0DB
:10FAD0004FF067090C920693FFF774BA079A536EBA
:10FAE000D80703D49389990540F1B9804FF0FF33CB
:10FAF0000993FEF72DBC089B4FF073090C930693F6
:10FB00000B9B149310930893FEF722B85C4A15924E
:10FB1000FFF7ACB99DF88F30B9F1470FCCBF574E06
:10FB2000584E002B40F09080032208930C921493BF
:10FB300010930B930692FEF70BB893422FDB089BB2
:10FB4000159301230893DDE91223CDE91C23EEE68A
:10FB50002D238DF8A130C2F101030832FFF6E4AD88
:10FB6000FFF71ABBD707C1D4079B9B899E05BDD45D
:10FB7000079B986DFCF78EFBB8E7119BC3F101035F
:10FB8000259350E50C93FFF70EBA3F4B1590069363
:10FB900043AE0B90FFF779BA7021FFF7F2BA2D212F
:10FBA000DDE912231591012103F100431C92089114
:10FBB0001D93BCE62D21DDE9122303F100431C92C5
:10FBC00015911D93B3E60E9A63780C4652F8041B08
:10FBD0000E9241EAE1720892FDF745BF02231893A5
:10FBE000FFF7E2BA264B1593FFF791B9CDE90F3332
:10FBF000244E08931493FDF7ABBF214A15924DE4B0
:10FC0000DDF818A033B901234FF0660906930C9371
:10FC1000FFF7D8B9169B03F10109089B4B440C93DD
:10FC200023EAE3734FF066090693FFF7CBB9514619
:10FC3000FEF754BE5146FEF7DABA5046FEF711BE43
:10FC4000002314931093D7E6032200230C9204227E
:10FC500008930692149310930B93FDF779BF906D60
:10FC6000FCF718FB42E7079B9B8943F0400385E6BE
:10FC7000079B0B909B8943F040037FE6F43C01080F
:10FC80004C430108F03C0108F83C0108F0B50D4672
:10FC900016464FF4806100220746ADF2744DCDE95F
:10FCA00007126A6E04911B92EA89A989ADF81620A1
:10FCB000EA691CA809926A6A21F002010290069082
:10FCC00018A80193ADF814100B92FCF7DDFA324638
:10FCD0003846019B02A9FDF74BFE061E07DB38469E
:10FCE00002A900F015F9002818BF4FF0FF36BDF843
:10FCF00014305B0603D5AB8943F04003AB81189801
:10FD0000FCF7C4FA30460DF2744DF0BD936810B59F
:10FD100014461BB918460023636010BD00F030F98B
:10FD20000023A3600023636010BD00BF70B50029ED
:10FD300041D006460C4610B1436B002B3ED0FBF77A
:10FD400049FF636EB4F90C20DD0730D4900538D537
:10FD50002146304600F04CF8E36A054633B13046A0
:10FD6000E16998470028B8BF4FF0FF35A3891A060C
:10FD700039D4216B41B104F14003994202D030469D
:10FD8000FCF72CFB00232363616C21B13046FCF7A8
:10FD900025FB002363640022636EA281DB071ED56E
:10FDA000A06DFCF773FAFBF71BFF284670BD002A15
:10FDB000CED1FBF715FF0025284670BDFBF7ECFE02
:10FDC000BDE7A06DFCF764FAB4F90C30002BBFD18D
:10FDD000636ED907EDD4A06DFCF75CFAE9E7A06D7E
:10FDE000FCF758FADCE730462169FCF7F7FAC0E780
:10FDF000B1F90C20F8B515070C46074649D44968F7
:10FE000042F400630029A3815FDDA66A002E3ED084
:10FE1000002112F480523D68396061D101233846D7
:10FE2000E169B0470246501C67D0B4F90C30A66AAD
:10FE3000590705D56368D21A236B0BB1E36BD21A4D
:10FE400000233846E169B047421CB4F90C3049D16F
:10FE500039681D293ED82D4ACA40D6073AD5002216
:10FE600062602269D904226023F40062A28102D573
:10FE70003B68002B3FD0216B3D6041B104F1400352
:10FE8000994202D03846FCF7A9FA002323630020E8
:10FE9000F8BD0E69002EFAD0920718BF00230D6836
:10FEA00008BF4B690E60AD1B8B600BE02B463246E2
:10FEB0003846E169D4F824C0E0470028A5EB0005E6
:10FEC000064406DD002DF1DCE1E7E16B00299CDC56
:10FED000DDE7A38943F040034FF0FF30A381F8BD75
:10FEE000226DA5E7002262602269226023F400628D
:10FEF000DB04A281BFD52065BDE73B68002B94D011
:10FF00001D2B01D0162BE4D13D60C0E7010040203D
:10FF100000B5034683B008B1426B52B3B1F90C008F
:10FF200098B14A6ED20701D4820512D518460091C5
:10FF3000FFF75EFF009903464A6ED00702D48A8914
:10FF400092050ED5184603B000BD0346184603B00F
:10FF500000BD886D01930091FCF79AF9DDE900136B
:10FF6000E4E7886D0093FCF795F9009B184603B011
:10FF700000BDCDE90001FBF70FFEDDE90031CDE763
:10FF80009368002B00F0AD802DE9F04FB1F90CC063
:10FF90000C461CF0080F8046174683B025D00B692D
:10FFA0001BB31CF002033E682BD04FF0000B5D46E4
:10FFB000DFF8A8A2ADB155452B465A4628BF534697
:10FFC0004046E169D4F824C0E047002840F381802E
:10FFD000BB6883441B1ABB60002B71D02D1A002D07
:10FFE000E9D1D6E900B50836E4E72146404600F0FD
:10FFF000DDF9002872D1B4F90CC03E681CF0020390
:020000040801F1
:10000000D3D11CF0010A6ED155462368002D53D080
:100010001CF4007F1846D4F8089000F0A780A9458A
:10002000CB4600F2E1801CF4906F34D02169626904
:10003000A3EB010902EB420202EBD27209F10103C8
:1000400052102B44934294BF93469B46934288BFE1
:100050001A461CF4806F00F0E58011464046FAF71E
:1000600069F9002800F0F3804A4621690190F1F710
:10007000C5F9A289019B22F4906242F08002A2811C
:1000800003EB09002361C4F814B0ABEB0903A946E4
:10009000AB46A360206051465A4600F0F5F9A268CD
:1000A0002368A2EB0902A260B9685B44491B236084
:1000B000B96029B1B4F90CC0D6E900A50836A5E7A6
:1000C000002003B0BDE8F08F21464046FFF720FF37
:1000D00070B3B4F90C3043F04003A3814FF0FF300C
:1000E000EFE7002070471D46B9469A4618461F465E
:1000F0005DB300282FD0524620682169AA4228BF4C
:100100002A468842636904D9A16803EB010B5A456A
:100110007ADC93426BDC3A464046E169D4F824C06D
:10012000E047B0F1000BD4DDBAEB0B0ACCD00120D4
:10013000D9F80830A3EB0B03C9F80830002BBFD067
:10014000A5EB0B055F44002DD3D175683346083607
:10015000002DFAD01F682A460A21384600F09CFA82
:10016000002871D00130A0EB070AC4E722699A4247
:1001700022D3D4F814C0AC451ED86FF00043AB4274
:1001800028BF2B4693FBFCF352460CFB03F340467F
:10019000E169D4F824C0E047B0F1000999DDBB68FB
:1001A000A5EB0905A3EB0903BB60002B88D0B4F9CC
:1001B0000CC02368CA4429E7A94528BFA9461846A8
:1001C0004A46514600F060F9A2682368A2EB090292
:1001D0004B44A2602360002AE1D121464046FFF74C
:1001E00097FE0028DBD074E7A946AB4653E73946B3
:1001F000019200F049F9019AA36893469B1AA36003
:100200002368134423608FE739465A4600F03CF9CF
:10021000236821465B4440462360FFF779FE0028AF
:1002200082D056E7404601F017FC034600287FF4D1
:1002300027AF40462169FCF7D1F80C22A389C8F802
:10024000002023F0800346E76A1C924654E70C2204
:10025000B4F90C30C8F800203DE700BF00FCFF7F78
:10026000B1F90C20930706D5012201F14303C1E93E
:1002700004320B60704730B50B46B1F90E100446DE
:10028000002999B032DB02AA009300F0CBF90028D4
:10029000009B29DB4FF4806120460093039DFAF711
:1002A00049F8009BB3F90C2000283BD01860186176
:1002B0004FF4806005F4704142F08002B1F5005FB8
:1002C0009A8158613CD1B3F90E102046009300F09A
:1002D000BDF9009BB3F90C2090B322F003024FF458
:1002E000006C42F0010218E0B3F90C2012F0800F0C
:1002F0000CBF4FF480614021204601930091FAF732
:1003000019F8019B0099B3F90C2058B14FF0000C7B
:10031000C3E9040142F08002186042EA0C029A81AB
:1003200019B030BD9105FBD4012022F0030203F186
:10033000430142F00202C3E904109A811960EFE719
:100340004FF4006CE9E700BF30B50C46B1F90E1070
:100350001546002999B016DB02AA019300F062F954
:100360000028019B0FDB039A4FF4806102F4704276
:10037000A2F50052B2FA82F24FF4006052091A60FC
:10038000296019B030BDA28912F0800206D0002287
:10039000402110461A60296019B030BD4FF48061C9
:1003A00010461A60296019B030BD00BF10B5354B3A
:1003B0000446186882B00B4610B1426B002A53D035
:1003C000B3F90C20110711D51869C8B1B3F90C2085
:1003D00012F0010126D04FF0000C5969C3F808C093
:1003E0004942996120B3002002B010BDD00640D52B
:1003F000510723D4186942F008029A810028E5D1F8
:100400009A8902F42072B2F5007FDFD019462046A7
:100410000193FFF725FF019BB3F90C20186912F037
:100420000101D8D1940758BF596999600028DAD1E1
:100430001106D9D542F040029A811FE0196B61B1D3
:1004400003F14000814206D020460193FBF7C6FF2E
:10045000019BB3F90C20002119630021186922F0D7
:100460002402C3E90001C6E70191FBF795FB019B5C
:10047000A6E7092142F0400221609A814FF0FF3047
:10048000B2E700BFC0060020884270B531D98B1892
:1004900083422ED9032A00EB02011DD941EA030C45
:1004A0001CF0030F1D4618D18C464FEA920E0EF138
:1004B000FF36A1EB8E0453F804ED4CF804EDA4458F
:1004C000F9D1C6EB867301EB830105EB830CACF12C
:1004D0000403043902F0030252B102F1FF3C6FEA57
:1004E0000C0C9C4413F8012D634501F8012DF9D142
:1004F00070BD032A4FD941EA00039B074DD10F2A53
:1005000050D901F1100C664622F00F032031103B48
:1005100000F1100E19445CF8104C0CF1100C4EF860
:10052000104C5CF81C4C0EF1100E4EF81C4C5CF894
:10053000184C4EF8184C5CF8144C8C454EF8144C82
:10054000E9D1F11812F00C0F034402F00F0503F18A
:10055000100325D08C4625F0030EAEF10404264688
:100560001A1F1C195CF804EB42F804EFA242F9D1FF
:10057000043104333144334405F00302002AB7D078
:10058000013A0132013B0A4411F801CB914203F8D0
:1005900001CFF9D170BD0346F0E70346013AF0E719
:1005A0002A46EBE703461546D4E700BF10B50446DC
:1005B0000843830724D1032A22D90B46A44618688E
:1005C0001946A0F1013323EA000313F0803F18D14C
:1005D000043A032A4CF8040B01F10403EFD819463E
:1005E00001F1FF3E52B163461EF8011F501E03F891
:1005F000011B49B102469C46002AF4D1204610BD99
:10060000A44601F1FF3EEDE794440028F6D003F83C
:10061000011B6345FBD1204610BD00BF0048704759
:100620004406002038B50023074C0546084611460D
:100630002360F7F7EFFB431C00D038BD2368002B85
:10064000FBD02B6038BD00BF3018002038B5002328
:10065000064C054608462360F7F78CFB431C00D088
:1006600038BD2368002BFBD02B6038BD301800202C
:1006700038B5074D074C2C1BA41005D0013C55F88C
:10068000043D9847002CF9D1BDE8384002F0E6BDA2
:1006900098450108944501088307C9B20DD0034667
:1006A000BAB193F800C018468C4503F1010302F17A
:1006B000FF320DD09807F3D11846032A0BD842B168
:1006C000024402E00130824203D003788B42F9D128
:1006D00070470020704700B501EB012E0EEB0E4E67
:1006E00003688EEA0303A3F1013C2CEA030313F031
:1006F000803F05D1043A032A00F10400F0D842B14A
:10070000024402E00130824203D003788B42F9D1E7
:1007100000BD002000BD00BF2DE97848154600242B
:10072000144E21F0004CB44502460B462C601DD8F7
:100730005CEA00061AD02E460F4D8E460D404DB98C
:1007400000220E4BEFF7A0FE6FF0350402468E46F6
:1007500021F0004C4FEA2C516FF31E5EA1F2FE31E6
:1007600021444EF07F53316043F400131046194684
:10077000BDE87888FFFFEF7F0000F07F0000504366
:10078000F0B51D4C83B00546206816461F46019102
:10079000FBF77EFD194A0199136823B35A68206854
:1007A0001F2A23DC4DB9541C02325C6043F822102E
:1007B000FBF770FD002003B0F0BD012403EB820EB7
:1007C000CEF88860D3F888C194404CEA040C022D1E
:1007D000C3F888C1CEF80871E5D1D3F88C51254310
:1007E000C3F88C51DFE7064B1360D7E7FBF752FDE8
:1007F0004FF0FF30DFE700BFC8080020401800209E
:100800004418002000B5DFF830C00446DCF80000D2
:100810009E468C46C06885B05AB10849234602926C
:10082000019172460649CDF800C001F0F5FAF9F7DA
:1008300065FD04490A46F1E7C00600202C3D010889
:100840003C3D01085C3B010810B5A1FB021482B0DD
:1008500074BBF9F76FFD034670B350F8042C22F017
:100860000302043A242A10D8132A16D91B2AC0E9F5
:1008700000441AD9242AC0E902440ABFC0E904444A
:1008800000F1100100F1180108E021460190FBF78A
:100890005BFB019B184602B010BD014600221846C2
:1008A000C1E900228A6002B010BD00F10801F5E73D
:1008B000FBF7BCFC0C2303600023184602B010BDFC
:1008C0002DE9F04F03690C6985B0A342C0F28F8017
:1008D000013C01F1140500F1140855F82430864656
:1008E00058F8240001339842B0FBF3F605EB840777
:1008F00008EB840A42D3A9460195CDF808E003919C
:10090000002349460025A646C1464FEA840B51F80C
:10091000040BD9F8004082B206FB0255000C4FEAE6
:10092000154C06FB00CCADB2A2B2521B1A441FFA02
:100930008CF3C3EB224303EB144392B242EA03422B
:100940008F4249F8042B4FEA1C454FEA2343DED27D
:1009500058F80B307446DDE902E1019D73B9AAF144
:100960000403984504D307E0984504F1FF3403D20B
:100970001A68043B002AF7D0CEF810407046F146C2
:10098000FCF7B0FD00282EDB41460022013655F869
:10099000040BD1F800C01FFA80FE1FFA8CF3A3EB02
:1009A0000E031344020CC2EB234202EB1C429BB227
:1009B00043EA0243AF4241F8043B4FEA2242E6D207
:1009C00058F8242008EB84036AB9043B984504D303
:1009D00007E0984504F1FF3403D21A68043B002A6B
:1009E000F7D0C9F81040304605B0BDE8F08F0020C0
:1009F00005B0BDE8F08F00BF2DE9F04F16461F4649
:100A0000816BA1B00446CDE904672D9D41B101235E
:100A1000C26B93408B604A60FCF78AFA0023A363A1
:100A2000B7F10009B4BF012300232B60B64BBCBF54
:100A300029F00049CDF8149033EA090300F0A580AD
:100A4000DDE904231046194600220023CDE9020106
:100A5000EFF782FF054668B101232C9A13602E9BA5
:100A600013B1AA4B2E9A1360A94B0793079821B094
:100A7000BDE8F08F1EAB01931FAB00932046DDE96C
:100A80000223FCF793FE5FEA19538346DDF8788072
:100A900040F091801F9D454405F23243202B40F3E6
:100AA0003182C3F1400309FA03F905F2124326FA31
:100AB00003F349EA0300EFF76DFC0123013D1093B6
:100AC000A1F1F87319460022924BEFF725FB88A39A
:100AD000D3E90023EFF7D8FC87A3D3E90023EFF78E
:100AE0001DFB064628460F46EFF764FC84A3D3E9B6
:100AF0000023EFF7C9FC02460B4630463946EFF7B4
:100B00000DFB06460F46F0F7EFFC002281460A90E7
:100B1000002330463946EFF729FF002840F01981BD
:100B20000A9EA8EB050808F1FF35162E089500F27D
:100B3000FB80DDE90201784A02EBC603D3E900231A
:100B4000EFF714FF002840F0D78180450E9040F366
:100B50009A85354408950D960B9000230C932A9B9B
:100B6000092B3BD8052BC4BF043B2A932A9BC8BF43
:100B70000025A3F10203D8BF0125032B30D8DFE8FD
:100B800013F0370234022902CA0142F20F732C9A81
:100B9000C9F3130959EA0609136018D12E9B002BDB
:100BA00000F03D875D4B079308332E9A079813603A
:100BB00021B0BDE8F08F1095DDE90201A3F2FF3509
:100BC000C1F3130343F07F5343F440137AE72E9BA2
:100BD000002B40F09C81524B079347E700232A9358
:100BE000002520462946E563FCF77CF9079000289C
:100BF00000F0B686079BA3631F9B002BC0F2B78053
:100C00000A9A0E2A00F3B380DDE90289424B40467E
:100C100003EBC203D3E9002316461F464946CDE93C
:100C20000867EFF75BFDF0F75FFC0546EFF7C2FBE7
:100C300032463B46EFF728FC4FF0FF3A0B460246A0
:100C400049464046EFF768FA05F13003079D05F87D
:100C5000013BCDF808B004944FF001095446DDE99A
:100C600008AB1DE052465B4630463946EFF736FD8D
:100C7000F0F73AFC8046EFF79DFB52465B46EFF7F4
:100C800003FC09F101090B46024639463046EFF7ED
:100C900043FA08F13003A14505F8013B00F06285F5
:100CA0000022204BEFF7F0FB0022002306460F4600
:100CB000EFF752FE0028D5D0A9460A9BDDF808B010
:100CC0000133049C049359462046FCF731F9002374
:100CD000049A89F800302C9B1A602E9B002B3FF45D
:100CE000C5AE0798C3F8009021B0BDE8F08F00BFF3
:100CF00061436F63A787D23FB3C8608B288AC63F22
:100D0000FB799F501344D33F0000F07F293D010839
:100D1000283D01080000F83F804101086C3D0108B2
:100D2000783D01080000244001230E93089B002B0E
:100D3000C0F2DC8000230B930A9B002B80F2D18051
:100D4000DDE90A32D21A0B9200225B420D920C931B
:100D500005E74846EFF72EFB32463B46EFF7FCFD32
:100D600000287FF4DDAE09F1FF330A93D8E64FF097
:100D7000FF3A2B95CDF83CA0109A002A40F03B8119
:100D80001E9BDDF83080C3F13603089A0B9F1A448E
:100D9000012120460892FD18FCF7E2F90646002FD3
:100DA00040F0C0820C9B002B00F0F783B8F1000FDD
:100DB00040F0DC83594620460C9AFCF7C3FA012325
:100DC00083460C9301212046FCF7CAF90D9B029043
:100DD000002B40F060822A9B012B40F3CA82012045
:100DE000089B184410F01F0000F00A811B2800F334
:100DF000DA820B9AC0F11C000244034405440B92B2
:100E00000893002D05DD59462A462046FCF7F6FAE0
:100E10008346089B002B05DD1A4620460299FCF705
:100E2000EDFA02900E9B002B40F01782BAF1000FF2
:100E300040F3ED810C9B002B40F031810A9B013384
:100E400004930125079FDDF8089007E05946002329
:100E50000A222046FCF776F8834601354946584673
:100E6000FFF72EFD554500F1300807F8018BEDDB4B
:100E7000BAF1000F0AF1FF35D8BF0025079B5A1CB5
:100E800005EB020A0025594601222046FCF7B6FA76
:100E900002998346FCF726FB002840F38183079ADA
:100EA00002E0924500F0B9831AF8013CD146392B93
:100EB0000AF1FF3AF5D001338AF800302046029952
:100EC000FCF736F8002E3FF4FEAE2DB1B54203D04C
:100ED00029462046FCF72CF831462046FCF728F836
:100EE000F1E6089A0D931A44089236E6C8F1010318
:100EF0000B93002308931FE70A9B013B0A930023EF
:100F00000E9313E7C3F1200306FA03F0D3E5AD4BCC
:100F10000793033349E6012312932B9B0A9A134448
:100F200003F1010A5646012EB8BF01260F93172E72
:100F300040F36685012204235B0003F11400B042F4
:100F4000114602F10102F7D9E1632046FBF7CAFF1F
:100F50000790002800F00485BAF10E0FA06358D85E
:100F6000002D56D00A9A002A40F35E83964902F07B
:100F70000F0301EBC303D6054FEA2215D3E900891D
:100F800040F11184DDE90201904B0327D3E90823E6
:100F9000EFF7A4FBCDE9140105F00F05002D00F0DB
:100FA00024828A4E01E06D100836E80703D46D10E4
:100FB0000836E907F7D5D6E9002340464946EFF75A
:100FC00063FA6D108046894607F1010700F00D8233
:100FD0000836EEE7012312932B9B002B40F3B281DE
:100FE0002B9B9A461E460F93A1E70023129394E78A
:100FF00000231293F0E7DDF8308003F23343C4E6B8
:101000001C200B9B054403440B93089B034408934B
:10101000F7E61F9B002BC0F254810A9A0E2A00F3B8
:101020005081694B1C930A9A1C9B03EBC203D3E9C2
:101030000023CDE908232B9B002B80F2BB83BAF160
:10104000000F00F3B78340F0DD82DDE908010022E4
:101050005F4BEFF719FA02460B46DDE90201EFF7A5
:101060008FFC5146002840F0CE823123DDF81C90E1
:1010700009F8013B2046FBF75BFF0A9B0233049310
:1010800021E6314600230A222046FBF75BFF0F9B37
:101090000646002B40F3AD84DDF83CA00A950B9B7F
:1010A000002B05DD31461A462046FCF7A7F9064617
:1010B0000D9B002B40F03F833746079B1D46013BAD
:1010C00053440C93049B03F001030D93029958467B
:1010D000FFF7F6FB314682465846FCF703FA0299C1
:1010E00081463A462046FCF71DFAC36801460AF1DC
:1010F0003008002B36D10B905846FCF7F3F90B99CA
:1011000008902046FBF714FF089A002A62D12A9B18
:101110001BB90D9B002B00F05484B9F1000F42DB8A
:10112000AA460C9B0AF8018B9D4200F06683594643
:1011300000230A222046FBF705FFBE4283463146C4
:101140004FF000034FF00A02204635D0FBF7FAFEBD
:10115000394600230A2206462046FBF7F3FE554691
:101160000746B3E72046FBF7E3FEB9F1000F08DBC3
:10117000049B03F001022A9B49EA030952EA09028F
:1011800036D1594601222046FCF738F902998346A8
:10119000FCF7A8F9002840F3EE83B8F1390F00F00E
:1011A000CB830AF13108A9460A9B354601333E46F6
:1011B000049309F8018B81E6FBF7C4FE5546064609
:1011C000074683E7783D010880410108584101083E
:1011D00000001440B9F1000FC0F225842A9B49EAAF
:1011E00003090D9B53EA090900F01D84002A97DDCD
:1011F000B8F1390F00F0A083A9460A9A08F101035B
:101200000132354604923E4609F8013B56E62A9BD8
:10121000022B7FF70FAEBAF1000F40F05F8253460A
:10122000052202992046FBF78DFE014602905846A2
:10123000FCF758F9504540F351823123DDF81C90FA
:10124000204609F8013B0299FBF772FE0A9B023324
:101250000493002E7FF440AE35E558460299FCF722
:1012600041F90028BFF6E2AD594600230A22204684
:101270000A9DFBF767FE0C9B8346013D002B7FF424
:1012800000AF0F9B002B40F3A7830A9BDDF83CA027
:1012900004930A95D5E51A4601462046FCF752F814
:1012A0002A9B0290012B40F3398200230D93029A6E
:1012B000136902EB83031869FBF7EAFEC0F1200013
:1012C0008EE5129AAAB90B9B002B72D10C9B002BB6
:1012D00040F081801D461E4674E51F9BDDF858B026
:1012E000002BDDF860A0149C03DB0A9A0E2A7FF71E
:1012F0009AAE2A9A012A7FF73FAD0C9B0AF1FF377D
:10130000BB42C0F2C881BAF1000FA3EB070880F21C
:101310006083012120460B9DFBF722FF0646A5EBCB
:101320000A070B97089B002B7FF73CAD0B99089899
:101330000B468142A8BF0346CA1AED1AC31A0B9284
:1013400008932FE500212046E163FBF7CBFD0790D2
:10135000002800F00583079BA363002D40F0CC819B
:101360001F9BAB42C0F22683012292460F922B9222
:1013700053E6049B002B7FF432AD059BC3F31303AC
:10138000002B7FF42CAD059B23F000431B0D1B05A8
:10139000002B3FF424AD089B013501330893012352
:1013A00018460D931CE51C283FF42BADC0F13C0002
:1013B00027E6089B002B00F090820B9908980B46BB
:1013C0008142A8BF03460C9ECD1AC31A08930B9501
:1013D000002E3FF4F7AC594620460C9AFBF7B2FFBB
:1013E000002683460C960B9DECE44246DDE9140191
:1013F0004B46EFF773F9804689460E9B43B10022B6
:1014000040464946BE4BEFF7B1FA002840F06E82E5
:101410003846EEF7CFFF42464B46EFF735F800224D
:10142000B84BEEF77BFE0546A1F15076BAF1000FFE
:1014300000F0CF800A9BCDF850A01D93B24B1499B9
:101440001C9303EBC10353E902124046CDE91A1283
:101450004946CDE91856F0F747F800F13006EEF7A7
:10146000A9FF02460B4640464946EEF755FE89461F
:101470008046079B12995D1C2F46DDE91A23CDE9B2
:101480001689002900F0C0810020A049EFF726F955
:10149000DDE91823EEF740FE02460B46DDF81CC0DE
:1014A000CDE912238CF8006042464B46EFF77CFAF8
:1014B000002840F0A982DDE91667A846CDF860A0B3
:1014C0008146DDF850A0CDF858B01494DDE91245FE
:1014D0002BE009F10109D145BFF6FFAE20462946B0
:1014E00000228B4BEEF7D0FF0022894B04460D46BD
:1014F00030463946EEF7C8FF0F460646EFF7F4FFD1
:1015000000F1300BEEF756FF02460B4630463946E7
:10151000EEF702FE22462B4608F801BB06460F46B0
:10152000EFF724FA002840F03C8232463B46002088
:101530007349EEF7F1FD22462B46EFF717FA002824
:10154000C7D01D9E4546DDF858B0149C079A013659
:1015500002E0954200F0ED81A94615F8013D392BD6
:10156000F7D001332B700496FFF7ADBB31464246EE
:101570002046FBF7E7FE06465A4631462046FBF773
:101580001DFE074659462046FBF7D2FC0C9BBB4686
:10159000B3EB08030C937FF40DAC01230C9311E41F
:1015A00003D118F0010F7FF47AACD1461AF8013D4F
:1015B000302BFAD082E43846EEF7FCFE42464B462A
:1015C000EEF762FF00224F4BEEF7A8FD0546A1F1B2
:1015D00050764046494600224E4BEEF79DFD2A4686
:1015E000334680468946EFF7DFF9002840F0B081A6
:1015F000404649462A4606F10043EFF7B7F900286E
:101600003FF407AD00212046FBF792FC2B9BDDF851
:101610001C905B420493FFF756BB0A9B079A023368
:1016200004933123137049E400F05C81DDE9020189
:101630000A9B354A5D4205F00F0302EBC303D3E971
:101640000023EEF721FF2D11804689464FF0020757
:101650003FF4D3AE304E01E06D100836EA0703D4F4
:101660006D100836EB07F7D5D6E90023404649460A
:10167000EEF70AFF6D108046894607F101073FF437
:10168000BCAE0836EEE7C8F101030B930A9B089342
:101690000D93FFF762BA0C9B0D9AFB1A1A44089B34
:1016A000012153442046DDF82C800D920893FBF76E
:1016B00057FD08EB0A0506460C97B8F1000F3FF4FA
:1016C00079AB0B9908980B468142A8BF0346CA1A0A
:1016D000ED1AC31A0B920893FFF76CBB20460299D0
:1016E000FBF726FC2B9BDDF81C905B420493002E3D
:1016F0007FF4F2ABFFF7E7BAAA460F952B9531E4DA
:101700000000F03F00001C40804101080000E03F65
:10171000000024400000144058410108049B002BA5
:101720007FF4C3ADDDE90412C2F31303002B00F014
:1017300029810D91BBE520467168FBF7D3FB054677
:10174000002800F07581336906F10C0102339A001C
:101750000C30EFF753FE012229462046FBF74EFEE0
:101760000746AAE4DDF808B0049C02460B46EEF7F3
:10177000D5FC0A9B814601331E460493DDE908230C
:101780008A46EFF711F948B9DDE908234846514682
:10179000EFF7E2F820B118F0010F01D0079ADBE66D
:1017A000A946FFF790BADDE902230227CDE9142309
:1017B000FFF7F4BB079B5F1CDDE90256DDE9082358
:1017C00028463146EEF78AFFEFF78EFE8046EEF7A9
:1017D000F1FDDDE90823EEF757FE02460B462846E9
:1017E0003146EEF799FC079A08F13003BAF1010F80
:1017F0003D4613707FF42DAAB7E70A9B35460133A7
:101800003E460493FFF73FBBDDE91801EEF73CFECF
:10181000079BCDE910011E70149B012B27D0DDE939
:101820001601CDF848B0A846AB46079B149A03EBC7
:1018300002090022824BEEF727FE0F460646EFF71D
:1018400053FE00F13005EEF7B5FD02460B4630467B
:101850003946EEF761FC08F8015BC845E9D15F46FF
:10186000149BCDE916017D1EDDF848B01D44002211
:10187000DDE91001734BEEF751FCDDE916894246B4
:101880004B46EFF773F8002871D1DDE910230020F3
:101890006C49EEF741FC42464B46EFF785F880B9BC
:1018A0001F9B8342FFF60FAD0A9B0E2B3FF70BAD3C
:1018B0001C9B0A9A03EBC206D6E90023CDE9082354
:1018C0007AE715F8013CA946302B05F1FF35F8D031
:1018D0001D9B01330493FFF7F6B90C9E002E7FF495
:1018E0007AAD80E50227DDE9028986E5BAF1000FCD
:1018F0003FF461AE0F9D002D7FF78BAB0A9B00225A
:10190000013B404649461D934D4BEEF7BDFD8046D9
:101910008946781CEEF74EFD42464B46EEF7B4FD85
:101920000022494BEEF7FAFB1495A1F150760546DB
:1019300084E53123013615E6AA4639230AF8013B2E
:101940000A9B354601333E46079A0493FFF7ACBA2B
:101950003123DDF81C90002109F8013BFFF78ABB19
:10196000002240F2AF11394B3948FEF74BFF1D9E64
:10197000079A0136F0E57FF416AC18F0010F7FF4FA
:101980000CAC10E4059B23F000431B0D1B05002B42
:101990003FF48CAC089B01350133089301230D9370
:1019A00085E41D9BC1460133DDF858B0149C0493B7
:1019B000FFF789B9129B6BBB01239A460F932B93B8
:1019C00081E4B8F1390FB7D091453FF7EAABFFF7A3
:1019D000EABB5346FFF7D9B92A9A022A05DC0A9ACC
:1019E0009A4604920A95FFF72CBA0A95DDF83CA0B6
:1019F00011E42A9A0A95022AF8DC9A46FFF74FBBAF
:101A00000021E163FFF7A1BA1D9BA94601330493AE
:101A1000FFF759B9129B9A462B930F936DE40D4B28
:101A20000793FFF723B8002A3FF7ABABFFF7BBBB29
:101A3000024640F2EF21054B0548FEF7E3FE00BFEA
:101A4000000024400000E03F00001C40143C01085E
:101A50007C3D01086C3D0108002900F09E802DE9C5
:101A6000F04383B00C4607460092F8F725FF009933
:101A700001F10B03162B60D81023994260D854F85B
:101A800004ECA4F108052EF003029A4264DABA4885
:101A900005EB020C8068DCF80460604500F08F8084
:101AA00026F0010060444068C0076BD426F00306AE
:101AB000901983424BDD1EF0010F0FD154F8080C32
:101AC000281A8046406820F0030006441644B342BA
:101AD00040F3F7801618B34240F3CE803846CDE984
:101AE0000023F8F727FCDDE900230646002800F074
:101AF000228154F8041CA0F1080C21F001012944B2
:101B0000614500F0B380043A242A00F2D680132AFB
:101B100000F2A1800346224611681960516859609D
:101B200092689A6021463846FAF758FC3846F8F72A
:101B3000C9FE304603B0BDE8F08333F007039CD5FF
:101B40000C233B600026304603B0BDE8F08302461C
:101B5000DCE90201C16088606968D01A0F2801F0D1
:101B6000010105EB02061BD811436960736843F05D
:101B7000010373603846F8F7A5FE2646304603B0E9
:101B8000BDE8F0831EF0010FA8D154F8080C281A04
:101B90008046406820F003009CE71146F8F7CABB76
:101BA0001943696040F00100E918486073683846DD
:101BB00043F0010308317360FAF710FCDAE726F00E
:101BC0000306B01803F1100C604580F295801EF0FA
:101BD000010F83D154F8080C281A8046406820F081
:101BE000030006441644B445B1463FF773AF46467A
:101BF000D8F80C1056F8080F043A242AC1608860FF
:101C000000F2B380132A40F2AE8021681B2AC8F884
:101C100008106168C8F80C1000F2B080083408F1B0
:101C200010022168116061685160A1689160A9EBA0
:101C30000302514D08EB030142F00102A9604A6022
:101C4000D8F80420384602F001021343C8F80430E3
:101C5000F8F738FE92E723681B2A03606368436045
:101C60003FD804F1080200F1080355E750F8041CBE
:101C700021F003010A446FE74546043AD8F80C10F6
:101C800055F8080F242AC160886023D8132A1FD969
:101C900021681B2AC8F808106168C8F80C103ED8E3
:101CA000083408F110022168116061685160A16870
:101CB00091602C46324645464EE72146FEF7E4FB4E
:101CC00030E7DCE902014546C160043A8860D5E7A7
:101CD0002A46E8E7214628460093FEF7D5FB009BFD
:101CE000E7E7A368242A8360E368C36027D004F190
:101CF000100200F110030FE7C21A1F491D4442F001
:101D000001028D606A6054F8042C384602F001022A
:101D1000134344F8043CF8F7D5FD26462EE7A168A6
:101D2000242AC8F81010E168C8F8141010D0103434
:101D300008F11802B7E73846F8F7C4FD02E723694F
:101D400004F1180203616369436100F11803E3E6DB
:101D500022691834C8F8182054F8042CC8F81C203C
:101D600008F120029FE732465BE7214630460093A8
:101D7000FEF78AFB009B5AE758000020A168242A3E
:101D8000C8F81010E168C8F8141003D0103408F136
:101D9000180246E722691834C8F8182054F8042CB1
:101DA000C8F81C2008F120023BE700BF30B504460C
:101DB00087B05BB110480193D0F8C85171B120468B
:101DC000A847421C019B10D007B030BD00F58273BC
:101DD00009480193D0F8C8510029F0D10A4620469D
:101DE00003A9A847421C019BEED100218A22196059
:101DF000226007B030BD00BF6C0400209C4600B5D7
:101E000083B0049BCDF800C001934FF0FF3301F085
:101E1000D5F903B000BD00BF0EB400B5074A82B0CB
:101E200003AB0146106853F8042B019300F008F847
:101E300002B05DF804EB03B0704700BFC00600209D
:101E40002DE9F04F8346C3B012AF924602910822AB
:101E5000002138461C460993FAF776F8BBF1000FCB
:101E600004D0DBF83430002B00F01587029B5A6E4B
:101E7000B3F90C30D60740F145819D0400F1BF85D0
:101E8000029943F4005322F400528B814A66910474
:101E900001F18B80029BB3F90C301E0740F1BE802C
:101EA000029A1269002A00F0B98003F01A020A2A85
:101EB00000F0C380002319AA9146CDE91733CDE97C
:101EC0000B3316920D9305935546944BD3F8CC41A2
:101ED000FAF72AF92A46034610A958460097A04760
:101EE000002800F0C980C0F2BF80109B252B01D0D4
:101EF0000544EAE7B5EB0A06044640F0C18000223B
:101F00004FF0FF33904603936B7805F1010A8DF88B
:101F10003B20069219460AF1010AA1F120035A2B2F
:101F200000F2FE80DFE813F0FB03FC00FC00F50389
:101F3000FC00FC00FC00D703FC00FC006A00570218
:101F4000FC001A021204FC000C045B005B005B0046
:101F50005B005B005B005B005B005B00FC00FC0067
:101F6000FC00FC00FC00FC00FC00FC00FC00E801A4
:101F7000B903FC00FC00FC00FC00FC00FC00FC00C1
:101F8000FC00FC00FC001F02FC00FC00FC00BB018C
:101F9000FC006E03FC00FC00BB05FC00FC00FC0028
:101FA000FC00FC00FC00FC00FC00FC00FC00E80164
:101FB0007C01FC00FC00FC00AC037C017500FC0013
:101FC0006103FC0053033F03F7027500FC00BB01F3
:101FD00072005D02FC00FC00F705FC0072000022AC
:101FE000A1F130031AF8011B02EB820203EB42025B
:101FF000A1F13003092BF5D906928EE7099B53F81E
:10200000042B002A06920993C0F2A5819AF80030A9
:1020100080E79AF8003048F020087BE7029D584698
:102020002946FEF7C3F9002840F0D287B5F90C30F5
:1020300003F01A020A2A7FF43DAF0299B1F90E208B
:10204000002AFFF637AF4A6ED00702D49A0540F156
:102050006A87234652465846029900F0F9FF0590D8
:10206000059843B0BDE8F08F082200213846F9F703
:102070006BFF0120054428E7B5EB0A06044611D0A2
:10208000189BC9E900A633441893179B0133072B0B
:10209000179311DC09F10809059B33440593002CC3
:1020A0007FF42DAF189B002B40F04B870022029B42
:1020B0001792B3F90C3019E05846029916AAFDF7A9
:1020C00025FE80B90DF16409E6E75846029916AA83
:1020D000FDF71CFE002800F08E80079B1BB15846C0
:1020E0000799FAF77BF9029BB3F90C30029A526E0A
:1020F000D00740F18B805B0600F13F87059843B025
:10210000BDE8F08F990540F11B819E047FF5B8AEC4
:1021100095047FF5C2AE00F04ABF00BF6C040020FA
:102120000029BFD000230122CDE903328DF8A4108D
:10213000089229AD8DF83B30079318F08406DDE94D
:1021400017C0014662462BD1069B049C1C1B002C29
:1021500000F3FD839DF83B302BB300260A96012344
:1021600001320131C9F80430072A0DF13B03CDE9F2
:102170001721C9F8003000F3948309F108090A9B7C
:1021800073B1022301320231C9F80430072A0FABC0
:10219000CDE91721C9F8003000F3768309F1080969
:1021A000802E00F0F082039B08981C1A002C00F38C
:1021B0002D83089B01321944072ACDE91721C9F85C
:1021C0000050C9F8043000F3538309F1080918F0EE
:1021D000040F05D0069B049A9C1A002C00F36E8312
:1021E000DDE9053204988242ACBF9B181B180593A9
:1021F00000297FF46AAF00231793079B1BB1584651
:102200000799FAF7EBF80DF164095DE69A053FF5D9
:1022100072AF029CA06DFAF73DF8B4F90C306AE792
:1022200018F0200F00F00884099B073323F0070201
:10223000536852F8084B1E460992002BC0F23E82AA
:10224000039A002A05DB54EA060328F0800800F010
:1022500075840A2C76F1000380F0E5803034039A0F
:102260009DF83B30012AB8BF01228DF80741049246
:10227000002B00F0BD83049B002401330493012351
:10228000CDE907430DF2071518F08406DDE91721A3
:10229000084694463FF458AF00230A935FE70023B3
:1022A000099E8DF83B3056F8043B0793002B00F055
:1022B0002985532900F0488418F0100440F0448424
:1022C000039A002AC0F2EC8421460798FEF7E4F94D
:1022D0009DF83B30079D002800F05D86421B089268
:1022E00022EAE2720492002B00F0E784531C03946C
:1022F000099604930794C7E7432903D018F0100FF9
:1023000000F012840822002114A8F9F71DFE099A92
:1023100029AD29465846126814ABFFF747FD0890CF
:10232000013000F02186089B23EAE3730493099BA4
:102330000433099300238DF83B3007930393FCE6A5
:10234000029DA86DF9F7A4FFB5F90C306A6E9804E8
:102350003FF59DAD94E5069B5B4206939AF80030ED
:1023600048F00408D6E518F0200F48F0100000F0FF
:102370007583099B073323F007031A46596852F8FF
:10238000083B099200228DF83B20039A002AC0F2F4
:102390002C8353EA010220F4906800F0348342ADAC
:1023A00003F00702DB0843EA4173C908303253EAFD
:1023B0000104284605F8012DF2D118F0010340F080
:1023C000B582039A079342AB5B1B9A42B8BF1A4689
:1023D00008930492B1E62B238DF83B309AF8003035
:1023E00098E518F0200F40F02C81099A18F01000A1
:1023F00052F8043B40F0288618F0400100F0A68413
:102400008DF83B009BB2002603991C46B14204DBC9
:1024100028F08008002B00F063850A2C76F1000379
:102420000992FFF41BAFCDE9078A0020DDF82CA04C
:1024300042A908F48065CDF8109025E0A319BE4AA2
:1024400043F10003A2FB032C2CF0030202EB9C02DD
:102450004FF0CC3CA146B6469B1AE31A0CFB03F2A4
:10246000B54C66F1000604FB0622A3FB0443B9F158
:102470000A0F13444FEA54047EF1000E414644EA29
:10248000C3744FEA53062CD3DFF8ACE2A31943F12F
:102490000003AEFB032C2CF0030202EB9C029B1A00
:1024A000E31AA3FB0E3266F1000C0EFB0C225B0854
:1024B00043EAC27303EB8303A4EB430330330130DD
:1024C00001F1FF3801F8013C002DB7D09AF8003037
:1024D0008342B3D1FF28B1D00A2C76F1000380F0FB
:1024E00056844546039942AA521B9142B8BF1146F1
:1024F0009DF83B30DDF81090CDF82CA00491DDE97B
:10250000078A0892002B00F0DB83049B01330493BD
:1025100000230793B8E6002147F63003039C099A8D
:102520008C42ADF83C308DF83B1052F8043BC0F2C1
:10253000F88228F0800040F00208002B00F0EE83C3
:102540007E4803F00F04045D1B098DF807410992D2
:1025500000F06285022204920DF2071503F00F02CB
:10256000825C1B0943EA0173090905F8012D53EA4E
:102570000102F3D1039A42AB5B1B9A42B8BF1A46E1
:1025800008931346049A002A00F05085DDE91721CC
:10259000023318F0840608469446049300F0FD8246
:1025A00000230793EDE518F0200F40F07682099A9A
:1025B00018F0100F52F8043B40F03A8518F0400F25
:1025C0004046099200F0CB8300219BB2DAE6099ADB
:1025D00018F0200F02F1040300F04E8212680599F2
:1025E0001160C917516009936EE49AF800306C2BA2
:1025F00003BF9AF8013048F020080AF1010A48F0B8
:10260000100887E418F0200F48F010011AD1099B38
:102610001A1D0026099B03981B68B0421C468DF8C2
:102620003B60C0F27A8221F08008002B7FF4F5AE87
:102630000992002840F0598408900490079042AD18
:102640007BE54146099B073323F0070200238DF801
:102650003B30039B566852F8084B002B0992C0F29E
:102660005D8254EA060321F080087FF4F2AD039BFB
:10267000002B40F03A8408930493079342AD5CE545
:102680009AF80030682B03BF9AF8013048F40078BC
:102690000AF1010A48F040083CE418F0200F48F025
:1026A000100340F0E281099A0432099998460C68B7
:1026B0000992E6173346002BBFF6C2AD2D238DF8E5
:1026C0003B30039B644266EB4606002BFFF6C1AD30
:1026D00028F08008BDE55846FDF7A0FF436818467E
:1026E0000D93F9F7E7FD0C9004465846FDF796FF69
:1026F00081689AF800300B91002C3FF40BAC002954
:102700003FF408AC0A78002A3FF404AC48F480682F
:1027100000E49AF8003048F00108FFF7FBBB9DF891
:102720003B209AF80030002A7FF4F4AB20228DF889
:102730003B20FFF7EFBB00BFCDCCCCCCF83C010871
:102740009AF8003048F08008FFF7E4BB504610F8D4
:10275000011B2A2900F04784A1F13003092B98BFFF
:10276000002200F2E78310F8011B02EB820203EB68
:102770004202A1F13003092BF5D942EAE273824605
:102780000393FFF7CABB069B04981C1A002C7FF723
:102790000AAD102C40F3F68348460A95C146102630
:1027A000B34DDDF8088004E0103C102C00F1080067
:1027B00015DD01321031072AC0E90056CDE9172195
:1027C000F2DD4146584616AAFDF7A0FA00287FF42C
:1027D00084ACDDE91721103C102C19A8E9DCC846AF
:1027E00081462B460A9D01322144072ACDE9172153
:1027F000C9F80030C9F8044000F37182039B0898BF
:1028000009F108091C1A002C7FF7D3AC102C40F3F7
:10281000B7821026484604E0103C102C00F1080056
:1028200016DD0132924B1031072AC0E90036CDE99E
:102830001721F1DD5846029916AAFDF767FA00281C
:102840007FF44BACDDE91721103C102C19A8E8DC13
:102850008146874B01322144072ACDE91721C9F867
:102860000030C9F8044000F3B28009F10809A0E47F
:102870005846029916AAFDF749FA00287FF42DACB4
:1028800018990DF16409A2E45846029916AAFDF7B9
:102890003DFA00287FF421ACDDE917210DF1640930
:1028A0007EE45846029916AAFDF730FA00287FF414
:1028B00014ACDDE917210DF1640960E4102C179BBD
:1028C00040F33D8310256B4EDDF8088004E0103C9A
:1028D000102C09F1080916DD01331031072BC9E965
:1028E0000065CDE91731F2DD4146584616AAFDF7DD
:1028F0000DFA00287FF4F1ABDDE91731103C102C04
:102900000DF16409E8DC01332144072BC9E90064B7
:10291000CDE917317FF764AC5846029916AAFDF746
:10292000F5F900287FF4D9AB189959E4302A00F062
:10293000CA813023039A023805F8013C42AB1B1AC6
:102940009A42B8BF1A46054608930492D1E0002384
:102950000A93102C624640F3EB8249461023C1468D
:10296000444EA846029D04E0103C102C01F10801E1
:1029700017DD01321030072AC1E90063CDE91720C5
:10298000F2DD2946584616AAFDF7C0F900287FF463
:10299000A4ABDDE91720103C102C4FF0100319A94F
:1029A000E7DC4546C846894601322118072ACDE9A9
:1029B0001721C9F80060C9F8044000F33F819DF871
:1029C0003B6009F108098EB30026FFF7C8BB5846E3
:1029D000029916AAFDF79AF900287FF47EABDDE98B
:1029E00017210DF16409FFF7E4BB20F48068D6E4F9
:1029F000079301230DF207150893FFF79EBB900480
:102A00007FF54BAAB9E2039A002A7FF4C8AC10F014
:102A10000102049200F00C8130238DF80731039BF2
:102A2000089207930DF20715FFF787BB0A9B002B4F
:102A30007FF4A7ABFFF7B7BB099A18F0100F52F855
:102A4000044B40F0F78218F0400F099200F07381B8
:102A500044F3C036334624B2FFF7EFBB099B1A1D7F
:102A6000099B00211B6809928CE49846FFF7DCBBA8
:102A70006C4301087C43010818F0100F40F03D81C1
:102A800018F0400F40F0458218F4007F00F03581C7
:102A9000099A059912681170A5E5404669E4B548A0
:102AA00018F0200F00F09B80099B073323F00703E9
:102AB0001C465A6854F8083B099418F00104049421
:102AC00075D103998DF83B400029C0F29F8053EAED
:102AD000020128F4906840F0DA80039A002A00F09E
:102AE0005181037804928DF8073101230DF2071507
:102AF000089318F08406DDE917210846944600F093
:102B000085829DF83B30002B00F0838200230793E1
:102B10000A93FFF724BB9848C2E709928846FFF75B
:102B200098BB48F002080BE50122099B04921B6840
:102B300029AD8DF8A4300892FFF7F9BB002A00F008
:102B4000C1813024FFF78BBB079B0822002114A80A
:102B50001193F9F7F9F9039B002BC0F2618100246E
:102B6000CDF81090254699460FE014AB584629A998
:102B7000FFF71CF9431C04F10404284400F0F4811D
:102B8000484506DC00F000820546119B1A59002AD0
:102B9000EBD1DDF81090039550E1069C049B07965D
:102BA000E41A002C7FF7EDAA02230A93D1E653EA38
:102BB00002045BD100238DF83B30039B002BC0F255
:102BC0006C8128F4906800F0888103780DF2071575
:102BD0008DF80731049B0893039B049389E7099AB6
:102BE00018F0100F52F8043B099209D118F0400F69
:102BF00002D000229BB260E718F4007F40F07D8194
:102C000000225AE7022148F00208049103F00F0164
:102C1000415C28F480681B0943EA02738DF80711B0
:102C2000110953EA12127FF497AC0DF20715A1E4D3
:102C3000039B42ADCDE90733FFF77FBA58460299AF
:102C400016AAFDF763F8064600287FF446AADDE9D8
:102C500017219DF83B30002B40F088800A9B0DF136
:102C60006409002B7FF48DAAFFF79DBA8DF83D1003
:102C700030218DF83C1000218DF83B10039900297C
:102C8000C0DB28F4906141F002080221049103F0B6
:102C90000F01415CBFE75846F8F77EFFFFF7E6B843
:102CA000079D2846F9F706FB9DF83B3020EAE072C5
:102CB00008900492002B7FF419AB079D03930996AB
:102CC0000793FFF73ABA039A42AB5B1B9A42B8BF2D
:102CD0001A460893002304920793FFF72EBA58462A
:102CE000029916AAFDF712F800287FF4F6A9DDE98B
:102CF00017210DF16409FFF756BA099A0599126870
:102D0000116070E4039B079A062B28BF06231B4D16
:102D10000493099603920893FFF70FBA0992002CC7
:102D200000F0E680302301228DF807310892234617
:102D30000DF207152AE418F4007F14BF44F3C016FF
:102D4000E617334618BF64B2FFF777BA18F4007677
:102D500000F0D6808DF83B10DBB2FFF754BB18F4BF
:102D600000711CBF0021DBB2FFF70CBB0DF1640941
:102D7000FFF7F5B90C3D0108F83C0108203D0108BA
:102D8000AE4B67E5039B42A805460893B1E60C9A53
:102D90000D99A8EB02094846FDF708FC9AF80130A6
:102DA0000BB10AF1010A4FF0CC310120A44AA3195A
:102DB00043F10003A2FB03CE2EF0030C0CEB9E0CA0
:102DC000A3EB0C03E31A03FB01F166F10006A3FB7E
:102DD000023402FB0611C340214443EAC17421FAC4
:102DE00000F6A31943F10003A2FB031C2CF003011E
:102DF00001EB9C015B1AE31AA3FB023166F1000CA4
:102E000002FB0C12C34043EAC27303EB8303A4EB3F
:102E10004303303309F1FF3809F8013CFFF756BB93
:102E200014AB009300235846194611AAFEF7E6FF9B
:102E30000390013000F09880079B1193039B002BB7
:102E400035D0632B6BDD5846591CF7F773FA0546EE
:102E5000002800F0898007900822002114A8F9F7C3
:102E600073F8039C14AB009329462346584611AAD5
:102E7000FEF7C4FF844240F0C2800023039A22EA96
:102E8000E271AB54049111469DF83B20002A62D1B7
:102E9000CDE908160392FFF750B9037828F480684B
:102EA0008DF80731049B0DF20715089321E69DF874
:102EB0003B30079D003B18BF01230493039B0996F9
:102EC000089316E69DF83B303BB1039B42ADCDE93C
:102ED000073301230493FFF7D7B9039BFFF7CBBB5D
:102EE000039B0992002B3FF4C6AB0024FFF7B6B951
:102EF000039B42AD0893FFF749BB0022DBB2DCE540
:102F000003991C4600298DF83B60BFF681AAFFF7A4
:102F100084BA099A059912681180FFF764BB0023EF
:102F200029AD079398E7886DF9F7B4F9FFF791B8E1
:102F3000444E39E5002382460393FEF7EEBF414E2F
:102F4000E1E45846029916AAFCF7E0FE00283FF497
:102F5000ADA8FFF7C8B8039A0393049BCDE90826F0
:102F600001330493FFF790B90298B0F90C30426E28
:102F700043F04001D507818109D54FF0FF33059318
:102F8000FFF7BCB82D4B2EE4DDF8109056E79905FD
:102F9000F3D4FFF73EB99BB1039B09960893013325
:102FA000CDE903030790FFF76FB9D307E5D4029B80
:102FB0009B899F05E1D4029B986DF9F76BF9DCE7DB
:102FC000039A0793CDE9033209960892FFF7B5B843
:102FD000029A536EDD07D0D493899C05CDD4906DB1
:102FE000F9F758F9C9E7099A9AF8013052F8041B21
:102FF0008246099241EAE1720392FEF78BBF029A80
:10300000938943F040039381FFF767B80796FFF772
:103010009BB80793FFF7C4B80122039B0892012BCA
:10302000B8BF01230DF20715FFF7B0BA049360E5AE
:10303000404615E54346FFF738BB00BF6C43010827
:10304000CDCCCCCC7C4301084146FFF7E2BA00BFAF
:10305000F0B50D4616464FF4806100220746ADF2EA
:10306000744DCDE907126A6E04911B92EA89A98911
:10307000ADF81620EA691CA809926A6A21F00201DB
:103080000290069018A80193ADF814100B92F9F76E
:10309000FBF832463846019B02A9FEF7D1FE061E18
:1030A00007DB384602A9FCF733FF002818BF4FF0B2
:1030B000FF36BDF814305B0603D5AB8943F04003FF
:1030C000AB811898F9F7E2F830460DF2744DF0BD77
:1030D0002DE9F04F89B01C46DDE91278DDF85090FB
:1030E0000090B8F1000F4FD00029C34608BF4FF041
:1030F000FF370025884692461668019104E056F88D
:10310000040B002832D06546AF4239D9002C37D0A5
:10311000DBF8003000980293DBF804303268039348
:10312000D9F8C8C15B4604A9E047431C2FD000EB87
:10313000050CBC4536D8019B013C002BDFD0002894
:103140000BDD08F1FF3204A900EB020E11F8013B80
:1031500002F8013F7245F9D18044DAF8002056F8B0
:10316000040B0432CAF800200028CCD10199D846BB
:1031700009B1CAF8000000220CF1FF35C8F80020A0
:10318000284609B0BDE8F08F00F58678ACE7054623
:103190008A2100222846009B1960CBF8002009B044
:1031A000BDE8F08FD8462846DDF808A0DDF80CB061
:1031B000C8E900AB09B0BDE8F08F00BF00B585B02D
:1031C0000698DFF818C0009007980190044800683E
:1031D000CDF808C0FFF77CFF05B000BD6C040020EF
:1031E000C006002038B50022002304460D46EDF746
:1031F000BDFB28B920462946BDE8384000F00AB892
:10320000204605F1004100F005F8404261EB410124
:1032100038BD00BF70B500220B4B04460D46EDF7DC
:1032200033F9EEF789F90646EDF7B4F80022074BBB
:10323000EDF72AF902460B4620462946ECF76CFFCB
:10324000EEF77AF9314670BD0000F03D0000F04124
:10325000F8B500BFF8BC08BC9E467047F8B500BF83
:08326000F8BC08BC9E46704753
:10326800000000000102030400000000000000004C
:103278000102030406070809313044726976657251
:103288004261736500000000503F01088032010868
:103298003132544236374834353042617365000064
:1032A800B03F010898320108903201080000190067
:1032B80032004B0065007E009700B000C900E200B4
:1032C800FB0014012D0146015F0178019101AA015B
:1032D800C301DC01F5010E02270240025902720205
:1032E8008B02A302BC02D502EE0206031F033803B9
:1032F8005003690381039A03B203CB03E303FC037E
:1033080014042C0444045D0475048D04A504BD0450
:10331800D504ED0405051D0534054C0564057C053B
:103328009305AB05C205DA05F10508061F06370641
:103338004E0665067C069306AA06C106D706EE0663
:1033480005071B07320748075E0775078B07A107A4
:10335800B707CD07E307F9070E0824083A084F080E
:1033680065087A088F08A508BA08CF08E408F8089D
:103378000D09220937094B095F09740988099C0955
:10338800B009C409D809EC09FF09130A260A3A0A40
:103398004D0A600A730A860A990AAC0ABF0AD10A5A
:1033A800E40AF60A080B1B0B2D0B3E0B500B620BA5
:1033B800740B850B970BA80BB90BCA0BDB0BEC0B2B
:1033C800FC0B0D0C1E0C2E0C3E0C4E0C5E0C6E0CE9
:1033D8007E0C8E0C9D0CAC0CBC0CCB0CDA0CE90CE6
:1033E800F80C060D150D230D320D400D4E0D5C0D1C
:1033F800690D770D850D920D9F0DAC0DB90DC60D9C
:10340800D30DDF0DEC0DF80D040E100E1C0E280E5A
:10341800340E3F0E4B0E560E610E6C0E770E810E5B
:103428008C0E960EA10EAB0EB50EBF0EC80ED20EA8
:10343800DB0EE40EEE0EF70EFF0E080F110F190F3C
:10344800210F290F310F390F410F480F500F570F18
:103458005E0F650F6C0F720F790F7F0F850F8B0F43
:10346800910F970F9C0FA20FA70FAC0FB10FB60FBC
:10347800BB0FBF0FC40FC80FCC0FD00FD40FD70F7F
:10348800DB0FDE0FE10FE40FE70FEA0FEC0FEF0F92
:10349800F10FF30FF50FF70FF80FFA0FFB0FFC0FF3
:1034A800FD0FFE0FFF0FFF0F00100010001000109F
:1034B8000010FF0FFF0FFE0FFD0FFC0FFB0FFA0FA1
:1034C800F80FF70FF50FF30FF10FEF0FEC0FEA0FEF
:1034D800E70FE40FE10FDE0FDB0FD70FD40FD00F8C
:1034E800CC0FC80FC40FBF0FBB0FB60FB10FAC0F77
:1034F800A70FA20F9C0F970F910F8B0F850F7F0FB0
:10350800790F720F6C0F650F5E0F570F500F480F32
:10351800410F390F310F290F210F190F110F080F04
:10352800FF0EF70EEE0EE40EDB0ED20EC80EBF0E27
:10353800B50EAB0EA10E960E8C0E810E770E6C0E8C
:10354800610E560E4B0E3F0E340E280E1C0E100E3A
:10355800040EF80DEC0DDF0DD30DC60DB90DAC0D35
:103568009F0D920D850D770D690D5C0D4E0D400D6B
:10357800320D230D150D060DF80CE90CDA0CCB0CE9
:10358800BC0CAC0C9D0C8E0C7E0C6E0C5E0C4E0CA8
:103598003E0C2E0C1E0C0D0CFC0BEC0BDB0BCA0BA3
:1035A800B90BA80B970B850B740B620B500B3E0BDA
:1035B8002D0B1B0B080BF60AE40AD10ABF0AAC0A4A
:1035C800990A860A730A600A4D0A3A0A260A130AF1
:1035D800FF09EC09D809C409B0099C0988097409CC
:1035E8005F094B09370922090D09F808E408CF08D3
:1035F800BA08A5088F087A0865084F083A08240809
:103608000E08F907E307CD07B707A1078B0775076A
:103618005E07480732071B070507EE06D706C106EF
:10362800AA0693067C0665064E0637061F06080698
:10363800F105DA05C205AB0593057C0564054C0563
:1036480034051D050505ED04D504BD04A5048D0448
:1036580075045D0444042C041404FC03E303CB0345
:10366800B2039A0381036903500338031F03060357
:10367800EE02D502BC02A3028B027202590240027A
:1036880027020E02F501DC01C301AA0191017801AC
:103698005F0146012D011401FB00E200C900B000E2
:1036A80097007E0065004B00320019000000E7FF1C
:1036B800CEFFB5FF9BFF82FF69FF50FF37FF1EFF5C
:1036C80005FFECFED3FEBAFEA1FE88FE6FFE56FE95
:1036D8003DFE24FE0BFEF2FDD9FDC0FDA7FD8EFDCB
:1036E80075FD5DFD44FD2BFD12FDFAFCE1FCC8FCF7
:1036F800B0FC97FC7FFC66FC4EFC35FC1DFC04FC12
:10370800ECFBD4FBBCFBA3FB8BFB73FB5BFB43FB1E
:103718002BFB13FBFBFAE3FACCFAB4FA9CFA84FA13
:103728006DFA55FA3EFA26FA0FFAF8F9E1F9C9F9ED
:10373800B2F99BF984F96DF956F93FF929F912F9AB
:10374800FBF8E5F8CEF8B8F8A2F88BF875F85FF84A
:1037580049F833F81DF807F8F2F7DCF7C6F7B1F7C0
:103768009BF786F771F75BF746F731F71CF708F711
:10377800F3F6DEF6C9F6B5F6A1F68CF678F664F639
:1037880050F63CF628F614F601F6EDF5DAF5C6F52E
:10379800B3F5A0F58DF57AF567F554F541F52FF5F4
:1037A8001CF50AF5F8F4E5F4D3F4C2F4B0F49EF489
:1037B8008CF47BF469F458F447F436F425F414F4E3
:1037C80004F4F3F3E2F3D2F3C2F3B2F3A2F392F305
:1037D80082F372F363F354F344F335F326F317F3E8
:1037E80008F3FAF2EBF2DDF2CEF2C0F2B2F2A4F292
:1037F80097F289F27BF26EF261F254F247F23AF2F2
:103808002DF221F214F208F2FCF1F0F1E4F1D8F112
:10381800CCF1C1F1B5F1AAF19FF194F189F17FF1F1
:1038280074F16AF15FF155F14BF141F138F12EF184
:1038380025F11CF112F109F101F1F8F0EFF0E7F0D0
:10384800DFF0D7F0CFF0C7F0BFF0B8F0B0F0A9F0D4
:10385800A2F09BF094F08EF087F081F07BF075F089
:103868006FF069F064F05EF059F054F04FF04AF0F0
:1038780045F041F03CF038F034F030F02CF029F00D
:1038880025F022F01FF01CF019F016F014F011F0DA
:103898000FF00DF00BF009F008F006F005F004F059
:1038A80003F002F001F001F000F000F000F000F089
:1038B80000F001F001F002F003F004F005F006F06A
:1038C80008F009F00BF00DF00FF011F014F016F0FD
:1038D80019F01CF01FF022F025F029F02CF030F040
:1038E80034F038F03CF041F045F04AF04FF054F035
:1038F80059F05EF064F069F06FF075F07BF081F0DC
:1039080087F08EF094F09BF0A2F0A9F0B0F0B8F038
:10391800BFF0C7F0CFF0D7F0DFF0E7F0EFF0F8F046
:1039280001F109F112F11CF125F12EF138F141F103
:103938004BF155F15FF16AF174F17FF189F194F17E
:103948009FF1AAF1B5F1C1F1CCF1D8F1E4F1F0F1B0
:10395800FCF108F214F221F22DF23AF247F254F295
:1039680061F26EF27BF289F297F2A4F2B2F2C0F23F
:10397800CEF2DDF2EBF2FAF208F317F326F335F3A1
:1039880044F354F363F372F382F392F3A2F3B2F3C2
:10399800C2F3D2F3E2F3F3F304F414F425F436F4A7
:1039A80047F458F469F47BF48CF49EF4B0F4C2F450
:1039B800D3F4E5F4F8F40AF51CF52FF541F554F5C0
:1039C80067F57AF58DF5A0F5B3F5C6F5DAF5EDF5F9
:1039D80001F614F628F63CF650F664F678F68CF6FE
:1039E800A1F6B5F6C9F6DEF6F3F608F71CF731F7D7
:1039F80046F75BF771F786F79BF7B1F7C6F7DCF781
:103A0800F2F707F81DF833F849F85FF875F88BF8FE
:103A1800A2F8B8F8CEF8E5F8FBF812F929F93FF959
:103A280056F96DF984F99BF9B2F9C9F9E1F9F8F990
:103A38000FFA26FA3EFA55FA6DFA84FA9CFAB4FAA5
:103A4800CCFAE3FAFBFA13FB2BFB43FB5BFB73FBA0
:103A58008BFBA3FBBCFBD4FBECFB04FC1DFC35FC83
:103A68004EFC66FC7FFC97FCB0FCC8FCE1FCFAFC51
:103A780012FD2BFD44FD5DFD75FD8EFDA7FDC0FD0E
:103A8800D9FDF2FD0BFE24FE3DFE56FE6FFE88FEBC
:103A9800A1FEBAFED3FEECFE05FF1EFF37FF50FF66
:103AA80069FF82FF9BFFB5FFCEFFE7FF0000000024
:103AB8003131456E636F6465724261736500000061
:103AC800503F0108B83A010831304D543638313684
:103AD8004261736500000000B03F0108D03A010858
:103AE800C83A010802030405060708090A0B0C0D69
:103AF8000E0F1010000000004B4559310D0000005A
:103B08004B4559320D000000534554204D4F544F3A
:103B1800525B307830355D20504F534954494F4EF1
:103B28005B5D0D005B43414E5D204552524F523A5A
:103B38002043757272656E7420256C64206D412077
:103B480065786365656473206D6178202564206DF0
:103B580041210D0A000000005B43414E2042524FB4
:103B68004144434153545D20456D657267656E63FA
:103B7800792053746F702052656365697665642196
:103B88000D00000076000000700000004F6E6C7998
:103B980020737570706F7274205B635D205B765D57
:103BA800205B705D20636F6D6D616E6473210D0025
:103BB8002E0000006E660000696E697479000000CE
:103BC800616E00000A0000004C435F434F4C4C41BB
:103BD800544500004C435F435459504500000000D1
:103BE8004C435F4D4F4E4554415259004C435F4E34
:103BF800554D4552494300004C435F54494D4500DB
:103C08004C435F4D455353414745530042616C6CEB
:103C18006F63207375636365656465640000000005
:103C28002F646174612F6A656E6B696E732F776F8D
:103C3800726B73706163652F474E552D746F6F6C8F
:103C4800636861696E2F61726D2D31352F737263F0
:103C58002F6E65776C69622D63796777696E2F6E51
:103C680065776C69622F6C6962632F7374646C6921
:103C7800622F6764746F612D6765746865782E6359
:103C8800000000002F646174612F6A656E6B696EB5
:103C9800732F776F726B73706163652F474E552D65
:103CA800746F6F6C636861696E2F61726D2D313549
:103CB8002F7372632F6E65776C69622D63796777EE
:103CC800696E2F6E65776C69622F6C6962632F73FA
:103CD80074646C69622F6D707265632E63000000F6
:103CE800494E4600696E66004E414E006E616E0098
:103CF800303132333435363738396162636465665A
:103D0800000000003031323334353637383941421B
:103D18004344454600000000286E756C6C2900007D
:103D2800300000002C2066756E6374696F6E3A204F
:103D380000000000617373657274696F6E2022253C
:103D48007322206661696C65643A2066696C652037
:103D5800222573222C206C696E6520256425732525
:103D6800730A0000496E66696E6974790000000084
:103D78004E614E002F646174612F6A656E6B696EC7
:103D8800732F776F726B73706163652F474E552D74
:103D9800746F6F6C636861696E2F61726D2D313558
:103DA8002F7372632F6E65776C69622D63796777FD
:103DB800696E2F6E65776C69622F6C6962632F7309
:103DC80074646C69622F64746F612E630000000074
:103DD8003130427574746F6E426173650000000083
:103DE800503F0108D83D010836427574746F6E0063
:103DF800B03F0108F03D0108E83D0108000000005F
:103E0800F83D0108317E00083231456E636F646504
:103E18007243616C69627261746F724261736500AA
:103E2800503F0108103E01083137456E636F6465E5
:103E38007243616C69627261746F7200B03F01080D
:103E4800303E0108283E010800000000443E0108F9
:103E5800AD7E0008B97E0008C57E0008D17E000846
:103E6800374C65644261736500000000503F0108EB
:103E7800683E0108334C656400000000B03F01084B
:103E88007C3E0108743E010800000000843E0108E1
:103E9800ED7E0008364D543638313600B03F010803
:103EA8009C3E0108E03A010800000000A43E010819
:103EB80079400008693F000875400008613F000824
:103EC800157F0008197F00083854423637483435C2
:103ED80030000000B03F0108D03E0108A8320108B8
:103EE80000000000DC3E01082D24000849250008D8
:103EF800DD2400087124000819240008B97F00088F
:103F08002D800008557F0008697F0008917F000810
:103F18004E31305F5F637878616269763131375F3F
:103F28005F636C6173735F747970655F696E666FE8
:103F380045000000B03F0108183F0108E43F0108B0
:103F4800000000003C3F0108BD8D0008D18D00082D
:103F5800A58F0008A58F0008518E00087D8D0008E8
:103F6800318E0008ED8D0008B18D00084E31305FAC
:103F78005F637878616269763132305F5F73695F59
:103F8800636C6173735F747970655F696E666F45A2
:103F980000000000B03F0108743F01083C3F0108E1
:103FA800000000009C3F0108818E0008958E0008E3
:103FB800A58F0008A58F0008518E00087D8D000888
:103FC800718F0008F18E0008B18E0008537439749F
:103FD8007970655F696E666F00000000503F0108E8
:103FE800D43F01086042A20D0000803F3400000069
:103FF800CEFBFFFFCB030000010000000000000023
:1040080035000000CEFBFFFFCB03000001000000DD
:104018000000000000000000BC89D897B2D29C3C88
:1040280033A7A8D523F649393DA7F444FD0FA53297
:104038009D978CCF08BA5B25436FAC64280668113E
:104048000000000000000000000000000000000068
:104058000000000000000000000000000000000058
:104068000000000000000000000000000000000048
:10407800101112131415161718190000000000006B
:10408800001A1B1C1D1E1F0000000000000000007D
:104098000000000000000000000000000000000018
:1040A800001A1B1C1D1E1F0000000000000000005D
:1040B80000000000000000000000000000000000F8
:1040C80000000000000000000000000000000000E8
:1040D80000000000000000000000000000000000D8
:1040E80000000000000000000000000000000000C8
:1040F80000000000000000000000000000000000B8
:1041080000000000000000000000000000000000A7
:104118000000000000000000000000000000000097
:104128000000000000000000000000000000000087
:104138000000000000000000000000000000000077
:1041480005000000190000007D00000000000000CC
:104158000080E03779C34143176E05B5B5B893467B
:10416800F5F93FE9034F384D321D30F94877825A47
:104178003CBF737FDD4F1575000000000000F03F65
:10418800000000000000244000000000000059402A
:104198000000000000408F40000000000088C3407D
:1041A80000000000006AF8400000000080842E41F2
:1041B80000000000D01263410000000084D797413E
:1041C8000000000065CDCD41000000205FA0024244
:1041D800000000E876483742000000A2941A6D42B9
:1041E800000040E59C30A2420000901EC4BCD642AC
:1041F80000003426F56B0C430080E03779C3414357
:1042080000A0D8855734764300C84E676DC1AB43CC
:10421800003D9160E458E143408CB5781DAF1544EA
:1042280050EFE2D6E41A4B4492D54D06CFF08044C5
:10423800F64AE1C7022DB544B49DD9794378EA44DA
:10424800002020202020202020202828282828205E
:104258002020202020202020202020202020202056
:1042680020881010101010101010101010101010BE
:1042780010040404040404040404041010101010AE
:104288001010414141414141010101010101010178
:1042980001010101010101010101010110101010CA
:1042A800101042424242424202020202020202024A
:1042B800020202020202020202020202101010109E
:1042C80020000000000000000000000000000000C6
:1042D80000000000000000000000000000000000D6
:1042E80000000000000000000000000000000000C6
:1042F80000000000000000000000000000000000B6
:1043080000000000000000000000000000000000A5
:104318000000000000000000000000000000000095
:104328000000000000000000000000000000000085
:104338000000000000000000000000000000000075
:104348000000000030303030303030303030303025
:104358003030303020202020202020202020202015
:104368002020202030303030303030303030303085
:1043780030303030202020202020202020202020F5
:0443880020202020B1
:10438C0008B10181B0B000840000000008B10181C7
:10439C00B0B000840000000008B10181B0B000840E
:1043AC000000000008B10181B0B0008400000000E2
:0C43BC0008B10181B0B0008400000000D6
:1043C80078CEFE7F010000005CE0FE7F0084028062
:1043D80098E0FE7FB0B0AA8090E2FE7F0100000066
:1043E8000CECFE7FB0AA0980C8F0FE7FB0B0A880B0
:1043F80020F1FE7F0100000044F3FE7FB0AF008093
:1044080048F8FE7FB0B0AC8050FBFE7F0100000092
:1044180050FBFE7FB0B0AA8054FCFE7F0100000074
:1044280050FCFE7FB0B0A88094FCFE7FA908B18044
:10443800E8FCFE7F01000000E8FCFE7FB0A80180D8
:10444800A0FEFE7F01000000CC37FF7FB0AA0580E8
:104458003038FF7F01000000D039FF7F28FFFF7F41
:10446800F439FF7F2CFFFF7F3C3AFF7F01000000FB
:10447800583AFF7F008402806C3AFF7F01000000F9
:10448800903AFF7FB0A90680C43AFF7F0100000080
:10449800203BFF7F008406808C3BFF7F01000000EB
:1044A800883BFF7FF8FEFF7FD43BFF7FFCFEFF7F4A
:1044B800343CFF7FAD08B180003EFF7FF8FEFF7FF0
:1044C800843EFF7F01000000B440FF7FB0A9048054
:1044D8004047FF7FB0A801805048FF7F01000000DF
:1044E8009448FF7FB0AA0380C048FF7F0100000006
:1044F800784AFF7FB0B0AC80A04AFF7F010000007F
:10450800E450FF7FB0A803807851FF7FB0B0A88047
:10451800C851FF7F01000000D051FF7FB0B0AA80D2
:104528000852FF7FAF76B280D852FF7FAB3F3A8008
:104538004053FF7F010000005053FF7FB0B0AA80B6
:104548008C53FF7F010000003854FF7FAC0FB2800E
:10455800B854FF7FB0AF08804857FF7F01000000C4
:104568005857FF7FAD3F04804C5AFF7F0100000081
:104578007C5AFF7FB0AC05807C5DFF7F01000000A6
:0C45880011C30008E1150008758300084D
:04459400B91500084D
:104598000024F4000101000010000000007C010864
:1045A800008000002000000000000000983E010884
:1045B80000000000000000000000010000000000F2
:1045C80000000000010000000000000000000000E2
:1045D80000000000000000000800000000000000CB
:1045E800FFFFFFFF000002000000000000000000C5
:1045F80058000020580000206000002060000020C3
:104608006800002068000020700000207000002072
:104618007800002078000020800000208000002022
:1046280088000020880000209000002090000020D2
:104638009800002098000020A0000020A000002082
:10464800A8000020A8000020B0000020B000002032
:10465800B8000020B8000020C0000020C0000020E2
:10466800C8000020C8000020D0000020D000002092
:10467800D8000020D8000020E0000020E000002042
:10468800E8000020E8000020F0000020F0000020F2
:10469800F8000020F80000200001002000010020A0
:1046A800080100200801002010010020100100204E
:1046B80018010020180100202001002020010020FE
:1046C80028010020280100203001002030010020AE
:1046D800380100203801002040010020400100205E
:1046E800480100204801002050010020500100200E
:1046F80058010020580100206001002060010020BE
:10470800680100206801002070010020700100206D
:10471800780100207801002080010020800100201D
:1047280088010020880100209001002090010020CD
:104738009801002098010020A0010020A00100207D
:10474800A8010020A8010020B0010020B00100202D
:10475800B8010020B8010020C0010020C0010020DD
:10476800C8010020C8010020D0010020D00100208D
:10477800D8010020D8010020E0010020E00100203D
:10478800E8010020E8010020F0010020F0010020ED
:10479800F8010020F801002000020020000200209B
:1047A8000802002008020020100200201002002049
:1047B80018020020180200202002002020020020F9
:1047C80028020020280200203002002030020020A9
:1047D8003802002038020020400200204002002059
:1047E8004802002048020020500200205002002009
:1047F80058020020580200206002002060020020B9
:104808006802002068020020700200207002002068
:104818007802002078020020800200208002002018
:1048280088020020880200209002002090020020C8
:104838009802002098020020A0020020A002002078
:10484800A8020020A8020020B0020020B002002028
:10485800B8020020B8020020C0020020C0020020D8
:10486800C8020020C8020020D0020020D002002088
:10487800D8020020D8020020E0020020E002002038
:10488800E8020020E8020020F0020020F0020020E8
:10489800F8020020F8020020000300200003002096
:1048A8000803002008030020100300201003002044
:1048B80018030020180300202003002020030020F4
:1048C80028030020280300203003002030030020A4
:1048D8003803002038030020400300204003002054
:1048E8004803002048030020500300205003002004
:1048F80058030020580300206003002060030020B4
:104908006803002068030020700300207003002063
:104918007803002078030020800300208003002013
:1049280088030020880300209003002090030020C3
:104938009803002098030020A0030020A003002073
:10494800A8030020A8030020B0030020B003002023
:10495800B8030020B8030020C0030020C0030020D3
:10496800C8030020C8030020D0030020D003002083
:10497800D8030020D8030020E0030020E003002033
:10498800E8030020E8030020F0030020F0030020E3
:10499800F8030020F8030020000400200004002091
:1049A800080400200804002010040020100400203F
:1049B80018040020180400202004002020040020EF
:1049C800280400202804002030040020300400209F
:1049D800380400203804002040040020400400204F
:1049E80048040020480400205004002050040020FF
:1049F8000000000003000000F4160020430000003F
:104A0800000000000000000000000000000000009E
:104A1800000000000000000000000000430000004B
:104A2800000000000000000000000000000000007E
:104A3800000000000000000000000000430000002B
:104A4800000000000000000000000000000000005E
:104A5800000000000000000000000000430000000B
:104A6800000000000000000000000000000000003E
:104A780000000000000000000000000043000000EB
:104A8800000000000000000000000000000000001E
:104A980000000000000000000000000043000000CB
:104AA80000000000000000000000000000000000FE
:104AB80000000000000000000000000043000000AB
:104AC80000000000000000000000000000000000DE
:104AD800000000000000000000000000430000008B
:104AE80000000000000000000000000000000000BE
:104AF80000000000000000000000000000000000AE
:104B0800000000000000000000000000000000009D
:104B1800000000000000000000000000000000008D
:104B2800000000000000000000000000000000007D
:104B3800000000000000000000000000000000006D
:104B4800000000000000000000000000000000005D
:104B5800000000000000000000000000000000004D
:104B6800000000000000000000000000000000003D
:104B7800000000000000000000000000000000002D
:104B8800000000000000000000000000000000001D
:104B9800000000000000000000000000000000000D
:104BA80000000000000000000000000000000000FD
:104BB80000000000000000000000000000000000ED
:104BC8000000000051D90008B9CE0008000000001C
:104BD80048420108B83B01085C3B01085C3B0108FE
:104BE8005C3B01085C3B01085C3B01085C3B01083D
:104BF8005C3B01085C3B01085C3B0108FFFFFFFFD1
:104C0800FFFFFFFFFFFFFFFFFFFF00000100415311
:104C180043494900000000000000000000000000B7
:104C280000000000000000000000000000004153E8
:104C38004349490000000000000000000000000097
:104C4800000000000000000000000000000000005C
:104C5800C80600200000000000000000F416002034
:104C68005C170020C41700200000000000000000AE
:104C7800000000000000000000000000000000002C
:104C8800000000000000000000000000000000001C
:104C9800000000000000000000000000000000000C
:104CA80000000000000000000000000000000000FC
:104CB80000000000000000000000000000000000EC
:104CC80000000000000000000000000000000000DC
:104CD80000000000000000000000000000000000CC
:104CE80000000000000000000000000000000000BC
:104CF80001000000000000000E33CDAB34126DE659
:104D0800ECDE05000B0000000000000000000000C1
:104D1800000000000000000000000000000000008B
:104D2800000000000000000000000000000000007B
:104D3800000000000000000000000000000000006B
:104D4800000000000000000000000000000000005B
:104D5800000000000000000000000000000000004B
:104D6800000000000000000000000000000000003B
:104D7800000000000000000000000000000000002B
:104D8800000000000000000000000000000000001B
:104D9800000000000000000000000000000000000B
:104DA80000000000000000000000000000000000FB
:104DB80000000000000000000000000000000000EB
:104DC80000000000000000000000000000000000DB
:104DD80000000000000000000000000000000000CB
:104DE80000000000000000000000000000000000BB
:104DF80000000000000000000000000000000000AB
:104E0800000000000000000000000000000000009A
:104E1800000000000000000000000000000000008A
:104E2800000000000000000000000000000000007A
:104E3800000000000000000000000000000000006A
:104E4800000000000000000000000000000000005A
:0C4E5800000000000000000038180020DE
:0400000508008D3131
:00000001FF
