:020000040800F2
:10000000005000205D8D0008551D0008591D000896
:100010005D1D0008611D0008651D0008000000004E
:10002000000000000000000000000000691D000842
:100030006D1D000800000000711D0008751D0008FE
:10004000A58D0008A58D0008A58D0008A58D0008C8
:10005000A58D0008A58D0008A58D0008A58D0008B8
:10006000A58D0008A58D0008A58D0008791D000844
:10007000A58D0008A58D0008851D0008911D0008AC
:10008000A58D0008A58D0008A58D00089D1D000800
:10009000A91D0008B51D0008C11D0008CD1D0008E0
:1000A000A58D0008D11D0008A58D0008A58D0008AC
:1000B000A58D0008D51D0008D91D0008A58D0008D4
:1000C000A58D0008A58D0008A58D0008A58D000848
:1000D000A58D0008DD1D0008A58D0008A58D000870
:1000E000A58D0008A58D0008A58D00080000000062
:1000F0000000000000000000000000000000000000
:0C01000000000000000000005FF808F1A3
:1001100081F0004102E000BF83F0004330B54FEAB8
:1001200041044FEA430594EA050F08BF90EA020F25
:100130001FBF54EA000C55EA020C7FEA645C7FEAB8
:10014000655C00F0E2804FEA5454D4EB5555B8BFDB
:100150006D420CDD2C4480EA020281EA030382EA4C
:10016000000083EA010180EA020281EA0303362DDE
:1001700088BF30BD11F0004F4FEA01314FF4801CB1
:100180004CEA113102D0404261EB410113F0004FC3
:100190004FEA03334CEA133302D0524263EB43037A
:1001A00094EA050F00F0A780A4F10104D5F1200E18
:1001B0000DDB02FA0EFC22FA05F2801841F1000173
:1001C00003FA0EF2801843FA05F359410EE0A5F147
:1001D00020050EF1200E012A03FA0EFC28BF4CF078
:1001E000020C43FA05F3C01851EBE37101F000452E
:1001F00007D54FF0000EDCF1000C7EEB00006EEB3B
:100200000101B1F5801F1BD3B1F5001F0CD34908C4
:100210005FEA30004FEA3C0C04F101044FEA44521B
:1002200012F5800F80F09A80BCF1004F08BF5FEAA2
:10023000500C50F1000041EB045141EA050130BD82
:100240005FEA4C0C404141EB0101013C28BFB1F594
:10025000801FE9D291F0000F04BF01460020B1FADF
:1002600081F308BF2033A3F10B03B3F120020CDAB2
:100270000C3208DD02F1140CC2F10C0201FA0CF090
:1002800021FA02F10CE002F11402D8BFC2F1200CF5
:1002900001FA02F120FA0CFCDCBF41EA0C019040AB
:1002A000E41AA2BF01EB0451294330BD6FEA0404F4
:1002B0001F3C1CDA0C340EDC04F11404C4F12002DF
:1002C00020FA04F001FA02F340EA030021FA04F3F1
:1002D00045EA030130BDC4F10C04C4F1200220FA48
:1002E00002F001FA04F340EA0300294630BD21FA86
:1002F00004F0294630BD94F0000F83F4801306BF4C
:1003000081F480110134013D4EE77FEA645C18BF3F
:100310007FEA655C29D094EA050F08BF90EA020FD6
:1003200005D054EA000C04BF1946104630BD91EACE
:10033000030F1EBF0021002030BD5FEA545C05D1D1
:100340004000494128BF41F0004130BD14F5800410
:100350003CBF01F5801130BD01F0004545F0FE4184
:1003600041F470014FF0000030BD7FEA645C1ABFB9
:10037000194610467FEA655C1CBF0B46024650EAF0
:10038000013406BF52EA033591EA030F41F400211C
:1003900030BD00BF90F0000F04BF0021704730B5A2
:1003A0004FF4806404F132044FF000054FF0000177
:1003B00050E700BF90F0000F04BF0021704730B538
:1003C0004FF4806404F1320410F0004548BF40420D
:1003D0004FF000013EE700BF42004FEAE2014FEA62
:1003E00031014FEA02701FBF12F07F4393F07F4F3D
:1003F00081F06051704732F07F4208BF704793F040
:100400007F4F04BF41F40021704730B54FF4607452
:1004100001F0004521F000411CE700BF50EA010255
:1004200008BF704730B54FF000050AE050EA0102FE
:1004300008BF704730B511F0004502D5404261EB6E
:1004400041014FF4806404F132045FEA915C3FF4AF
:10045000D8AE4FF003025FEADC0C18BF03325FEA4C
:10046000DC0C18BF033202EBDC02C2F1200300FAFD
:1004700003FC20FA02F001FA03FE40EA0E0021FA22
:1004800002F11444BDE600BF70B54FF0FF0C4CF410
:10049000E06C1CEA11541DBF1CEA135594EA0C0FC2
:1004A00095EA0C0F00F0DEF82C4481EA030621EAFD
:1004B0004C5123EA4C5350EA013518BF52EA033538
:1004C00041F4801143F4801338D0A0FB02CE4FF0EA
:1004D0000005E1FB02E506F00042E0FB03E54FF01A
:1004E0000006E1FB03569CF0000F18BF4EF0010E12
:1004F000A4F1FF04B6F5007F64F5407404D25FEA0E
:100500004E0E6D4146EB060642EAC62141EA5551C0
:100510004FEAC52040EA5E504FEACE2EB4F1FD0C02
:1005200088BFBCF5E06F1ED8BEF1004F08BF5FEA80
:10053000500E50F1000041EB045170BD06F0004632
:1005400046EA010140EA020081EA0301B4EB5C04DF
:10055000C2BFD4EB0C0541EA045170BD41F48011D7
:100560004FF0000E013C00F3AB8014F1360FDEBFFC
:10057000002001F0004170BDC4F10004203C35DAD8
:100580000C341BDC04F11404C4F1200500FA05F35B
:1005900020FA04F001FA05F240EA020001F00042FC
:1005A00021F0004110EBD37021FA04F642EB060172
:1005B0005EEA430E08BF20EAD37070BDC4F10C049C
:1005C000C4F1200500FA04F320FA05F001FA04F260
:1005D00040EA020001F0004110EBD37041F100014C
:1005E0005EEA430E08BF20EAD37070BDC4F1200557
:1005F00000FA05F24EEA020E20FA04F301FA05F2BF
:1006000043EA020321FA04F001F0004121FA04F266
:1006100020EA020000EBD3705EEA430E08BF20EA36
:10062000D37070BD94F0000F0FD101F00046400070
:1006300041EB010111F4801F08BF013CF7D041EAF2
:10064000060195F0000F18BF704703F000465200F6
:1006500043EB030313F4801F08BF013DF7D043EAC7
:100660000603704794EA0C0F0CEA135518BF95EA7D
:100670000C0F0CD050EA410618BF52EA4306D1D104
:1006800081EA030101F000414FF0000070BD50EA23
:10069000410606BF1046194652EA430619D094EAAD
:1006A0000C0F02D150EA013613D195EA0C0F05D197
:1006B00052EA03361CBF104619460AD181EA0301EB
:1006C00001F0004141F0FE4141F470014FF00000A3
:1006D00070BD41F0FE4141F4780170BD70B54FF03E
:1006E000FF0C4CF4E06C1CEA11541DBF1CEA1355BE
:1006F00094EA0C0F95EA0C0F00F0A7F8A4EB0504A0
:1007000081EA030E52EA03354FEA013100F0888096
:100710004FEA03334FF0805545EA131343EA12635F
:100720004FEA022245EA111545EA10654FEA002614
:100730000EF000419D4208BF964244F1FD0404F5CD
:10074000407402D25B084FEA3202B61A65EB030529
:100750005B084FEA32024FF480104FF4002CB6EBE6
:10076000020E75EB030E22BFB61A754640EA0C0066
:100770005B084FEA3202B6EB020E75EB030E22BFA6
:10078000B61A754640EA5C005B084FEA3202B6EBE7
:10079000020E75EB030E22BFB61A754640EA9C00A6
:1007A0005B084FEA3202B6EB020E75EB030E22BF76
:1007B000B61A754640EADC0055EA060E18D04FEA34
:1007C000051545EA16754FEA06164FEAC30343EAD4
:1007D00052734FEAC2025FEA1C1CC0D111F4801FA1
:1007E0000BD141EA00014FF000004FF0004CB6E79A
:1007F00011F4801F04BF01430020B4F1FD0C88BF39
:10080000BCF5E06F3FF6AFAEB5EB030C04BFB6EB43
:10081000020C5FEA500C50F1000041EB045170BD36
:100820000EF0004E4EEA113114EB5C04C2BFD4EB63
:100830000C0541EA045170BD41F480114FF0000EE7
:10084000013C90E645EA060E8DE60CEA135594EA63
:100850000C0F08BF95EA0C0F3FF43BAF94EA0C0F66
:100860000AD150EA01347FF434AF95EA0C0F7FF4DB
:1008700025AF104619462CE795EA0C0F06D152EA2F
:1008800003353FF4FDAE1046194622E750EA410613
:1008900018BF52EA43067FF4C5AE50EA41047FF424
:1008A0000DAF52EA43057FF4EBAE12E74FF0FF3C89
:1008B00006E000BF4FF0010C02E000BF4FF0010C5A
:1008C0004DF804CD4FEA410C7FEA6C5C4FEA430CD3
:1008D00018BF7FEA6C5C1BD001B050EA410C0CBF22
:1008E00052EA430C91EA030F02BF90EA020F002084
:1008F000704710F1000F91EA030F58BF994208BFEB
:1009000090422CBFD8176FEAE37040F001007047A7
:100910004FEA410C7FEA6C5C02D150EA013C07D1FE
:100920004FEA430C7FEA6C5CD6D152EA033CD3D049
:100930005DF8040B704700BF8446104662468C4643
:100940001946634600E000BF01B5FFF7B7FF002876
:1009500048BF10F1000F01BD4DF808EDFFF7F4FF9F
:100960000CBF012000205DF808FB00BF4DF808ED2A
:10097000FFF7EAFF34BF012000205DF808FB00BF4D
:100980004DF808EDFFF7E0FF94BF012000205DF86F
:1009900008FB00BF4DF808EDFFF7CEFF94BF012024
:1009A00000205DF808FB00BF4DF808EDFFF7C4FF1D
:1009B00034BF012000205DF808FB00BF4FEA410C66
:1009C0007FEA6C5C02D150EA013C0AD14FEA430C49
:1009D0007FEA6C5C02D152EA033C02D14FF0000086
:1009E00070474FF0010070474FEA4102B2F1E04317
:1009F00024BFB3F5001CDCF1FE5C0DD901F0004C06
:100A00004FEAC0024CEA5070B2F1004F40EB830055
:100A100008BF20F00100704711F0804F21D113F181
:100A20003872BCBF01F00040704741F480114FEABA
:100A30005252C2F11802C2F1200C10FA0CF320FA43
:100A400002F018BF40F001004FEAC1234FEAD32360
:100A500003FA0CFC40EA0C0023FA02F34FEA4303CA
:100A6000CCE77FEA625307D150EA01331EBF4FF053
:100A7000FE4040F44000704701F0004040F0FE406E
:100A800040F40000704700BF80F0004002E000BF6B
:100A900081F0004142001FBF5FEA410392EA030F69
:100AA0007FEA226C7FEA236C6AD04FEA1262D2EBB3
:100AB0001363C1BFD218414048404140B8BF5B42B8
:100AC000192B88BF704710F0004F40F4000020F051
:100AD0007F4018BF404211F0004F41F4000121F067
:100AE0007F4118BF494292EA030F3FD0A2F10102B1
:100AF00041FA03FC10EB0C00C3F1200301FA03F1EF
:100B000000F0004302D5494260EB4000B0F5000F11
:100B100013D3B0F1807F06D340084FEA310102F1D0
:100B20000102FE2A51D2B1F1004F40EBC25008BF82
:100B300020F0010040EA03007047490040EB00004C
:100B4000013A28BFB0F5000FEDD2B0FA80FCACF14D
:100B5000080CB2EB0C0200FA0CF0AABF00EBC2507A
:100B600052421843BCBFD0401843704792F0000F68
:100B700081F4000106BF80F400000132013BB5E7BB
:100B80004FEA41037FEA226C18BF7FEA236C21D031
:100B900092EA030F04D092F0000F08BF0846704796
:100BA00090EA010F1CBF0020704712F07F4F04D164
:100BB000400028BF40F00040704712F100723CBF77
:100BC00000F50000704700F0004343F0FE4040F4A1
:100BD000000070477FEA226216BF08467FEA23635F
:100BE0000146420206BF5FEA412390EA010F40F44A
:100BF000800070474FF0000304E000BF10F0004396
:100C000048BF40425FEA000C08BF704743F096437C
:100C100001464FF000001CE050EA010208BF704797
:100C20004FF000030AE000BF50EA010208BF70471E
:100C300011F0004302D5404261EB41015FEA010C33
:100C400002BF84460146002043F0B64308BFA3F12B
:100C50008053A3F50003BCFA8CF2083AA3EBC2530D
:100C600010DB01FA02FC634400FA02FCC2F120022C
:100C7000BCF1004F20FA02F243EB020008BF20F063
:100C80000100704702F1200201FA02FCC2F12002C9
:100C900050EA4C0021FA02F243EB020008BF20EABE
:100CA000DC7070474FF0FF0C1CEAD0521EBF1CEAEC
:100CB000D15392EA0C0F93EA0C0F6FD01A4480EADA
:100CC000010C400218BF5FEA41211ED04FF00063C3
:100CD00043EA501043EA5111A0FB01310CF00040EF
:100CE000B1F5000F3EBF490041EAD3715B0040EA15
:100CF000010062F17F02FD2A1DD8B3F1004F40EBE5
:100D0000C25008BF20F00100704790F0000F0CF0B7
:100D1000004C08BF49024CEA502040EA51207F3A7B
:100D2000C2BFD2F1FF0340EAC250704740F4000056
:100D30004FF00003013A5DDC12F1190FDCBF00F047
:100D400000407047C2F10002410021FA02F1C2F1F5
:100D5000200200FA02FC5FEA310040F1000053EA91
:100D60004C0308BF20EADC70704792F0000F00F0DF
:100D7000004C02BF400010F4000F013AF9D040EAE5
:100D80000C0093F0000F01F0004C02BF490011F479
:100D9000000F013BF9D041EA0C018FE70CEAD15377
:100DA00092EA0C0F18BF93EA0C0F0AD030F0004CF7
:100DB00018BF31F0004CD8D180EA010000F00040AB
:100DC000704790F0000F17BF90F0004F084691F069
:100DD000000F91F0004F14D092EA0C0F01D14202A3
:100DE0000FD193EA0C0F03D14B0218BF084608D16C
:100DF00080EA010000F0004040F0FE4040F40000B6
:100E0000704740F0FE4040F4400070474FF0FF0C48
:100E10001CEAD0521EBF1CEAD15392EA0C0F93EA8F
:100E20000C0F69D0A2EB030280EA010C49024FEAE1
:100E3000402037D04FF0805343EA111143EA10139A
:100E40000CF000408B4238BF5B0042F17D024FF452
:100E5000000C8B4224BF5B1A40EA0C00B3EB510F2D
:100E600024BFA3EB510340EA5C00B3EB910F24BF16
:100E7000A3EB910340EA9C00B3EBD10F24BFA3EB9B
:100E8000D10340EADC001B0118BF5FEA1C1CE0D163
:100E9000FD2A3FF650AF8B4240EBC25008BF20F016
:100EA000010070470CF0004C4CEA50207F32C2BF6A
:100EB000D2F1FF0340EAC250704740F400004FF007
:100EC0000003013A37E792F0000F00F0004C02BF38
:100ED000400010F4000F013AF9D040EA0C0093F002
:100EE000000F01F0004C02BF490011F4000F013B5C
:100EF000F9D041EA0C0195E70CEAD15392EA0C0FC4
:100F000008D142027FF47DAF93EA0C0F7FF470AFFB
:100F1000084676E793EA0C0F04D14B023FF44CAF3E
:100F200008466EE730F0004C18BF31F0004CCAD1D3
:100F300030F000427FF45CAF31F000437FF43CAF0F
:100F40005FE700BF4FF0FF3C06E000BF4FF0010C31
:100F500002E000BF4FF0010C4DF804CD4FEA400213
:100F60004FEA41037FEA226C18BF7FEA236C11D05D
:100F700001B052EA530C18BF90EA010F58BFB2EB10
:100F8000030088BFC81738BF6FEAE17018BF40F090
:100F9000010070477FEA226C02D15FEA402C05D144
:100FA0007FEA236CE4D15FEA412CE1D05DF8040BC9
:100FB000704700BF844608466146FFE70FB5FFF75C
:100FC000C9FF002848BF10F1000F0FBD4DF808ED14
:100FD000FFF7F4FF0CBF012000205DF808FB00BF05
:100FE0004DF808EDFFF7EAFF34BF012000205DF85F
:100FF00008FB00BF4DF808EDFFF7E0FF94BF0120AC
:1010000000205DF808FB00BF4DF808EDFFF7D2FFA8
:1010100094BF012000205DF808FB00BF4DF808EDEB
:10102000FFF7C8FF34BF012000205DF808FB00BFB8
:101030004FEA40024FEA41037FEA226C02D15FEAA5
:10104000402C08D17FEA236C02D15FEA412C02D107
:101050004FF0000070474FF0010070474FEA400228
:10106000B2F1FE4F0FD34FF09E03B3EB12620DD9D6
:101070004FEA002343F0004310F0004F23FA02F040
:1010800018BF404270474FF00000704712F1610FE7
:1010900001D1420205D110F0004008BF6FF00040BE
:1010A00070474FF00000704700F1340191E83800BC
:1010B0009C46A6464CF8045D90E8FF0FE54600BD4F
:1010C00090EC210B704700BF80EC210B704700BFF4
:1010D00090EC200B704700BF80EC200B704700BFE6
:1010E000D0EC200B704700BFC0EC200B704700BF56
:1010F000F0EC0201F0EC0211F0EC0221F0EC023114
:10110000F0EC0241F0EC0251F0EC0261F0EC027103
:10111000F0EC0281F0EC0291F0EC02A1F0EC02B1F3
:10112000F0EC02C1F0EC02D1F0EC02E1F0EC02F1E3
:10113000704700BFE0EC0201E0EC0211E0EC02219C
:10114000E0EC0231E0EC0241E0EC0251E0EC026143
:10115000E0EC0271E0EC0281E0EC0291E0EC02A133
:10116000E0EC02B1E0EC02C1E0EC02D1E0EC02E123
:10117000E0EC02F1704700BFB0FC0181B0FC0191CE
:10118000B0FC01A1B0FC01B1704700BFA0FC01811F
:10119000A0FC0191A0FC01A1A0FC01B1704700BF1F
:1011A000EC4600B52DE900502DE9FF1F4FF000037C
:1011B0000CB401A908F040FBDDF840E012B0704724
:1011C000EC4600B52DE900502DE9FF1F4FF000035C
:1011D0000CB401A908F074FBDDF840E012B07047D0
:1011E000EC4600B52DE900502DE9FF1F4FF000033C
:1011F0000CB401A908F086FBDDF840E012B070479E
:10120000EC4600B52DE900502DE9FF1F4FF000031B
:101210000CB401AB08F048FBDDF840E012B07047B9
:10122000EC4600B52DE900502DE9FF1F4FF00003FB
:101230000CB401AA08F0C0FBDDF840E012B0704722
:1012400080EA010C1CF0030F37D110F0030C20F0E2
:10125000030021F0030150F8042B08BF51F8043BB0
:101260000ED08CF0030C6FF07F434FEACC0C23FAC6
:101270000CFC51F8043B42EA0C0243EA0C0300BFA9
:10128000A2F1013C9A4201BF2CEA020C1CF0803F03
:1012900050F8042B51F8043BF2D04FEA02604FEAB9
:1012A0001222012828BFB0EB036F08BF1B0AF4D03D
:1012B00003F0FF03000EC01A704710F0030F0AD0AE
:1012C00010F8012B11F8013B012A28BF9A42F4D0F3
:1012D000A2EB0300704720B450F8042B01F0030583
:1012E00021F0030151F8043B022D27D04ED800BF56
:1012F00022F07F45B5EB132FA2F1013C2CEA020C42
:101300000DD11CF0803C08BF51F8043B0AD185EA9E
:101310000205B5EB036F0CD150F8042BE8E74FEA58
:1013200013235BE03CF07F4C54D10B784FEA1265FD
:1013300054E04FEA126503F0FF034FE04FEA024525
:10134000A2F1013C4FEA15452CEA020CB5EB134F14
:1013500018D11CF0803C08BF51F8043B07D185EA46
:101360000205B5EB034F09D150F8042BE6E75FEA1D
:101370000C4C2FD10B884FEA12452FE04FEA034364
:101380004FEA12454FEA134328E000BF02F0FF0581
:10139000B5EB136FA2F1013C2CEA020C0DD11CF04D
:1013A000803C08BF51F8043B0AD185EA0205B5EB41
:1013B000032F0AD150F8042BE8E74FEA13630DE03E
:1013C00012F0FF0F06D051F8043B4FEA122523F02C
:1013D0007F4303E04FF0000020BC704705F0FF02A0
:1013E00003F0FF00012828BF904204BF2D0A1B0A0A
:1013F000F4D0A2EB000020BC704700BF844641EA55
:10140000000313F0030349D1403A23D30B68036070
:101410004B6843608B688360CB68C3600B69036172
:101420004B6943618B698361CB69C3610B6A03625A
:101430004B6A43628B6A8362CB6AC3620B6B036342
:101440004B6B43638B6B8363CB6BC3634030403127
:10145000403ADBD230320BD30B6803604B684360F9
:101460008B688360CB68C36010301031103AF3D2C0
:101470000C3205D351F8043B40F8043B043AF9D24E
:10148000043208D0D2071CBF11F8013B00F8013B21
:1014900001D30B8803806046704700BF082A13D32E
:1014A0008B07B1D010F00303AED0C3F10403D21AFE
:1014B000DB071CBF11F8013B00F8013BA4D331F856
:1014C000023B20F8023B9FE7043AD9D3013A11F8D6
:1014D000013B00F8013BF9D20B7803704B78437065
:1014E0008B788370604670474FEA410212F5001214
:1014F00015D211D56FF47873B3EB625212D94FEA5B
:10150000C12343F0004343EA505311F0004F23FA44
:1015100002F018BF404270474FF00000704750EA99
:10152000013005D111F0004008BF6FF00040704756
:101530004FF00000704700BF4A0011D212F50012B0
:1015400011D20DD56FF47873B3EB62520ED44FEA1B
:10155000C12343F0004343EA505323FA02F070479B
:101560004FF00000704750EA013002D14FF0FF30D9
:1015700070474FF0000070470348044B834202D08D
:10158000034B03B118477047CC080020CC0800205B
:10159000000000000548064B1B1AD90F01EBA30100
:1015A000491002D0034B03B118477047CC08002004
:1015B000CC0800200000000010B5064C237843B989
:1015C000FFF7DAFF044B13B10448AFF300800123A7
:1015D000237010BDD00800200000000080320108F8
:1015E00008B5054B1BB105490548AFF30080BDE8C0
:1015F0000840FFF7CFBF00BF00000000D408002064
:101600008032010800234FF480714FF460204FF0C6
:10161000010C02222DE90048DFF888E084B0CDE912
:101620000133CEE9013100938EF814301E4BCEF811
:101630001C0070468EF80CC0CEF81020CEF800309A
:1016400002F0AAFE20BB4FF0000B4FF0010C072365
:1016500069461448CDE900BC029302F09DFFE8B949
:101660004FF0010B4FF0020C072369460D48CDE9FE
:1016700000BC029302F090FF68B90A4803F032F907
:1016800002220A49074803F071F804B0BDE8008857
:1016900000F0CCFAD7E700F0C9FAEEE700F0C6FA9E
:1016A000DEE700BF3809002000240140680900205F
:1016B000002300B50168294A89B09142CDE904337D
:1016C000CDE9063301D009B000BD03220323019008
:1016D000234804A9D0F818C04CF4007CC0F818C006
:1016E000D0F818C00CF4007CCDF808C0DDF808C0B4
:1016F000D0F818C04CF0040CC0F818C08069CDE9CF
:10170000042300F0040003900398164804F0D0F876
:101710004FF4807C00234FF4806013494FF0800E1B
:10172000C1E90133C1F810C04FF440534FF0200C11
:1017300048610E48C1E906C308600846C1F80CE0DC
:1017400003F06AFD0849019A18B911624A6209B0AA
:1017500000BD00F06BFA019A0349F6E7002401404E
:101760000010024000080140F0080020080002407C
:1017700008B5214B5888FFF73DFA01461F48FFF78F
:1017800045FB4FF07E51FFF783F91D49FFF78AFAB9
:10179000FEF722FE07F036FC0FA3D3E90023FEF785
:1017A00073FE0FA3D3E90023FEF7B8FC02460B46F5
:1017B0000DA1D1E90001FEF791FFFFF715F9FEF742
:1017C0000BFE0BA3D3E90023FEF7A6FCFFF70CF9F1
:1017D00008BD00BFAFF300800000006066A2724049
:1017E0000000000000FEAA4000000080B86F2F41FA
:1017F00066666666661271406809002000F07F45E3
:10180000C2F5A83E00234FF480204FF0040C4FF4A3
:1018100000114FF4803200B5DFF87CE08BB0CEE9E8
:101820000330CEE901C3AEF81C301C4B7046CEE944
:101830000512CEF8003003F0D1F830BB00230122AE
:101840004FF00E0C69461448CDE90533CDE900335D
:10185000CDE90233CDE9082C0792049303F040F957
:10186000B0B90D4803F0BEF90D490B4803F0D4FAA6
:10187000002208210B480C4B4068C3E90222C3E94F
:10188000000219611A750BB000BD00F0CFF9D5E761
:1018900000F0CCF9E5E700BF9809002000640040A3
:1018A0007F8F030088160020E8090020002200B581
:1018B00001682E4B87B09942CDE90222CDE904227E
:1018C00001D007B000BD4FF4807C03F5D633D96951
:1018D000274841F00071D961D96901F00071009188
:1018E0000099996941F0080199619B6902A903F087
:1018F00008030193CDF808C0019B03F0D9FF4FF412
:1019000000720223CDE90223032302A9184805939C
:1019100003F0CEFF174900224B68132023F4C04385
:1019200043F0E06343F480434B60032103F00CFC7D
:10193000132003F03BFC00220321142003F004FCDD
:10194000142003F033FC00220321152003F0FCFBDC
:10195000152003F02BFC00220321162003F0F4FBDA
:10196000162003F023FC07B000BD00BF0064004058
:10197000000C01400000014008B50A46054B014635
:10198000054803F05DF900B908BDBDE8084000F066
:101990004DB900BFC00900209809002008B50021FA
:1019A0000C4B0D4A03F0ACF940B90B4B0B4A1868CD
:1019B0005268C0F3C711914203D008BD00F036F958
:1019C000F3E71A69034900F07F00BDE8084006F01C
:1019D000EFBD00BFC4090020CC09002088160020FC
:1019E000002200B5124B83B059690B2041F0010170
:1019F00059615B69114603F001030193019B03F0F8
:101A0000A3FB0B2003F0D2FB002203210E2003F0E6
:101A10009BFB0E2003F0CAFB002203210F2003F0E2
:101A200093FB0F2003B05DF804EB03F0BFBB00BFD6
:101A30000010024070B5002488B0CDE90444CDE91F
:101A40000644454B4FF4C0419A69444842F01002A5
:101A50009A619A69012502F010020092009A9A692F
:101A6000022642F020029A619A6902F02002019255
:101A7000019A9A6942F004029A619A6902F004029A
:101A80000292029A9A6942F008029A619B69224680
:101A900003F008030393039B04F022F922463C2140
:101AA0002F4804F01DF9224602212E4804F018F9AF
:101AB00001224FF400412A4804F012F94FF4C043C8
:101AC00004A92648049306940595079603F0F0FEB2
:101AD0003C23CDE90435032304A921480793069448
:101AE00003F0E6FE8022204B04A91D48CDE9042323
:101AF000069403F0DDFE0122002304A91948CDE974
:101B00000423069403F0D4FE04A91648CDE9046525
:101B1000CDE9064603F0CCFE41F20402002304A9FD
:101B20001048CDE90423069503F0C2FE4FF40043AC
:101B300004A90B48049306940595079603F0B8FE94
:101B40004FF4E0620023064804A9CDE9042306957A
:101B500003F0AEFE08B070BD00100240001001405E
:101B600000080140000C01400000311000232DE965
:101B7000104895B04FF0010B4FF4803C0121022436
:101B80004FF48032CDE90C33CDE90F33CDE9063384
:101B9000CDE90833CDE902330593019304934FF463
:101BA00080130AA8CDE90ABC0E91119412921393E6
:101BB00004F09AF808B172B6FEE703460F22CDE9A9
:101BC000064309934FF48063214605A808930592C4
:101BD00004F080FA08B172B6FEE74FF4004301A8A2
:101BE0000194039304F068FB08B172B6FEE715B0E8
:101BF000BDE8108808B502F099FBFFF7B7FFFFF7C3
:101C000019FFFFF7EDFEFFF7FDFC00F03DFBFFF7CE
:101C1000F9FD00F00DF800F08FF900F013FA00F074
:101C200079FA00F049F906F05BFAFEE772B6FEE7D2
:101C300008B54FF4827C002302210122DFF840E046
:101C40004FF40060CEE901C3CEE904124FF4007CEA
:101C500010210A22CEE90833CEF82830094BCEF8FD
:101C60000C007046CEE906C1CEF80030CEF82C202C
:101C700004F072FC00B908BDBDE80840FFF7D6BF0C
:101C8000000A002000300140002310B501681D4A01
:101C900086B09142CDE90233CDE9043301D006B0DC
:101CA00010BD02F560429169282341F48051916191
:101CB0009169022401F480510091009991691248C0
:101CC00041F0080191619269CDE9023402F0080205
:101CD00001920322019902A90592002403F0E8FD74
:101CE0001023CDE902340023074802A9049303F02E
:101CF000DFFD064A536843F0E06343F0010353609D
:101D000006B010BD00300140000C01400000014051
:101D10000E4B82B09A690E4942F001029A619A69AB
:101D200002F001020092009ADA6942F08052DA6110
:101D3000DB6903F080530193019B4B6823F0E06360
:101D400043F000734B6002B0704700BF00100240C8
:101D500000000140FEE700BFFEE700BFFEE700BF56
:101D6000FEE700BFFEE700BF704700BF704700BF3F
:101D7000704700BF02F0ECBA014803F035BB00BF6A
:101D8000F0080020014803F02FBB00BF800B0020AB
:101D9000014803F029BB00BFC80B0020014803F035
:101DA00065B800BF98090020014803F05FB800BF84
:101DB00098090020014803F059B800BF9809002095
:101DC000014803F053B800BF98090020704700BFD6
:101DD00006F08EBA704700BF06F0D0BA194B1A68E9
:101DE0001168C90602D4174805F078BD18460023CB
:101DF00010B582B001931168134C019152680192A1
:101E0000019A05F043FC6FF07F0210491048096801
:101E1000036849680F48521A22702178984722783F
:101E200000210C480AF0A8F84FF00003802209496D
:101E30000448237005F0D6FB024802B0BDE810400C
:101E400005F04CBD100C0020D80C0020C80B002061
:101E5000540C0020580C00200120704708B50AF0EF
:101E6000FDF9162203464FF0FF301A6008BD00BF8F
:101E700008B50AF0F3F916230360FEE708B50B4A2C
:101E80000B491368002B08BF0B466946184488426B
:101E9000136002D81060184608BD0AF0DFF90C2262
:101EA0004FF0FF330260184608BD00BF580A0020FB
:101EB000D8190020704700BF002342F20F7147205D
:101EC000802200B5DFF868C087B0CDE90333CCE9E4
:101ED0000231CCE904330293009305930193154B2F
:101EE000CCF804006046CCF81820CCF8003004F0A0
:101EF000E7FC90B94FF480530D4802A9029305F016
:101F000071F888B90022002369460948CDE9002309
:101F100005F096F920B907B000BDFFF787FEE9E7A5
:101F2000FFF784FE07B000BDFFF780FEEAE700BFC1
:101F3000380B0020002C014000234FF0804140F27C
:101F4000FF322DE910483C4C91B02046C4E90133E2
:101F5000CDE90933CDE90B33CDE90D33216002938F
:101F60000893E2602361A361039304F041FD00281C
:101F700031D100220023304802A9CDE9022305F027
:101F80005FF988BB00234FF0600B4FF0000C082274
:101F9000294808A9CDE908BC0A930C9304F00CFF6A
:101FA000F8B90C22244808A904F006FFB0B90821AA
:101FB000214804F08BFD0C211F4804F087FD00230D
:101FC0002268CDE90433B2F1804FCDE906330ED05B
:101FD00011B0BDE81088FFF729FECAE7FFF726FE1B
:101FE000E5E7FFF723FEDCE7FFF720FECAE74FF047
:101FF000020C4FF4406B032403F1804303F50433D8
:102000009A690E4842F008029A619B6904A903F09C
:1020100008030193019BCDE904BC079403F048FC3D
:10202000074A536823F4407343F0E06343F40073BA
:10203000536011B0BDE81088EC0A0020000C01408C
:1020400000000140002347214FF6FF722DE90048B0
:10205000DFF8B8C02E488CB0CCF800006046CDE95F
:102060000733CDE90933CDE90333CCF80410CCF8BC
:102070000C20069300930293CCF80830CCF8103073
:10208000CCF818300193059304F01AFC40BB1F48AC
:1020900004F072FD58BB00234FF0040B4FF0500CBE
:1020A0001A4806A9CDE906BC08930A9305F04CF836
:1020B00040BB0022002369461448CDE9002305F007
:1020C000BFF8E0B900220123104802A9CDE902239C
:1020D000CDE9042204F0BEFD60B90CB0BDE8008873
:1020E000FFF7A4FD094804F047FD0028D3D0FFF70F
:1020F0009DFDD0E7FFF79AFD0CB0BDE80088FFF723
:1021000095FDDFE7FFF792FDD3E700BFA40A0020AB
:1021100000040040002331214720802200B5DFF871
:1021200068C087B0CDE90333CCE902310293009354
:10213000CCF8103005930193144BCCF804006046A2
:10214000CCF81820CCF8003004F0BAFB90B94FF46A
:1021500080530D4802A9029304F044FF88B900227D
:10216000002369460848CDE9002305F069F820B945
:1021700007B000BDFFF75AFDE9E7FFF757FD07B0CD
:1021800000BDFFF753FDEAE75C0A002000080040AD
:10219000002200B503682D4989B08B42CDE90422A5
:1021A000CDE9062207D02A498B4217D029498B4214
:1021B00039D009B000BD284B0521986940F4006072
:1021C00098619B69192003F400630093009B02F05F
:1021D000BBFF192002F0EAFF09B000BD4FF0400C30
:1021E0001D4B04A9D86940F00200D861D86900F0FD
:1021F000020001900198986940F0040098619B6981
:10220000164803F004030293029BCDF810C003F0BC
:102210004FFB00221D20114602F096FF1D2002F008
:10222000C5FF09B000BD0C4B1146D86940F0040051
:10223000D861DB691E2003F004030393039B02F0C3
:1022400083FF1E2002F0B2FF09B000BD002C014048
:102250000004004000080040001002400008014057
:102260000368B3F1804F00D0704703F50433DA6997
:1022700082B042F00102DA61DB6903F001030193ED
:10228000019B02B0704700BF00234FF4E1310C22E4
:1022900010B51148114C20602046C4E90113C4E96F
:1022A0000333C4E90523E36104F0FEFF88B9226823
:1022B0000A48D3680A4C43F01003D36005F044FD8C
:1022C000084B80221C6008490448BDE8104005F016
:1022D00089B9FFF7ABFCEAE700380140100C002099
:1022E000458C0008540C0020580C0020002310B529
:1022F00001683E4A86B09142CDE90233CDE904330C
:1023000001D006B010BD02F558429169044641F46F
:10231000804191619169402001F4804100910099D0
:10232000916941F0080191619269022102F008026D
:102330000192019A0322CDE902012D4802A90592DA
:1023400003F0B6FA80220023CDE9022300232848B7
:1023500002A9049303F0ACFA2648002341684FF029
:10236000800C41F0E06141F0040141604FF4805184
:10237000214A00F58030583010601046C2E9013320
:10238000C2E904339361C2F80CC0D16102F044FF8A
:10239000194A18BB002180204FF0100CA263546230
:1023A0004FF48052154BC3E90210C3E9041199613F
:1023B00013491846C3F804C01960DA6102F02CFF13
:1023C0000E4B78B900220321636325205C6202F082
:1023D000BBFE252002F0EAFE06B010BDFFF726FC8A
:1023E000054AD7E7FFF722FC044BEBE70038014032
:1023F000000C014000000140C80B0020800B0020B1
:1024000044000240704700BF704700BF704700BFE4
:10241000704700BF704700BF0368DFF80CC0DB697E
:10242000634500D1704718470D2400080368DFF8A2
:1024300038C05969614504D19B690C498B420CD164
:10244000704700B583B001908847019A0749136827
:102450009B698B4202D103B000BD1847104603B000
:102460005DF804EB184700BF0524000809240008A4
:102470000022036870B515491D6904468D42C2816A
:1024800002810CD1DD6912498D4208D11D6A114AC1
:1024900095420BD15B6A104A934210D170BD114630
:1024A000A84723680B4A1D6A9542F3D001222046B3
:1024B0001146A8472368084A5B6A9342EED001227E
:1024C0002046BDE870401146184700BF1924000897
:1024D0000D240008112400081524000800220368B8
:1024E00070B515491D6904468D42C28102810CD127
:1024F000DD6912498D4208D11D6A114A95420BD1FE
:102500005B6A104A934210D170BD1146A8472368F8
:102510000B4A1D6A9542F3D0002220461146A84777
:102520002368084A5B6A9342EED000222046BDE849
:1025300070401146184700BF192400080D240008F8
:10254000112400081524000870B541F2DB36434D14
:10255000C1F3090182EAE27C35F91130ACEBE27C8F
:1025600001F58072C2F3090235F91250428183EA03
:10257000E372A2EBE372C38006FB0CF3818085EA71
:10258000E571A1EBE571C3F30B3392B289B203FBA2
:1025900002F203FB01F1D0F800C0DFF8C4E0DCF880
:1025A0001060C2F30F32C1F30F31764504468581C6
:1025B0000281C18139D1DCF81C302A4EB34247D1A7
:1025C000002DDCF82030284A14DD934239D1B4F9CB
:1025D0000620DCF82430002A244A02DD93422AD166
:1025E00070BD11D09342FBD02046BDE8704001225F
:1025F0000021184710D09342E9D001220021204643
:102600009847D4F800C0E2E79342E9D0012220467F
:10261000BDE87040114618479342D8D001222046A9
:1026200011469847D4F800C0D1E7B047B4F90C5030
:10263000D4F800C0C4E72046BDE870400022012164
:1026400018470022012120469847D4F800C0BEE771
:102650009847B4F90C50D4F800C0B1E7E43201084F
:10266000192400080D24000811240008152400086E
:102670000023C0E903317047D0F810C0A1EB0C0370
:10268000002B02D101610160704700B5D0E9023230
:10269000D0F804E0DEF800E011DD134493FBFEF215
:1026A0000EFB1233BCF1000F6244C0E9033215DBAC
:1026B00091421BDC00230160C0E9033100BDD21A46
:1026C00092FBFEF30EFB1322BCF1000F6344C0E942
:1026D00003230DDD002B03DD194605E0002A05DB91
:1026E00000231946C0E90333016000BD1146FBE732
:1026F0009942DFDAF0E700BF816070470023C0E94C
:1027000003317047D0F810C0A1EB0C03002B02D1AD
:1027100001610160704700B5D0E90232D0F804E0F1
:10272000DEF800E011DD134493FBFEF20EFB1233E2
:10273000BCF1000F6244C0E9033215DB91421BDC9F
:1027400000230160C0E9033100BDD21A92FBFEF301
:102750000EFB1322BCF1000F6344C0E903230DDD1F
:10276000002B03DD194605E0002A05DB002319468E
:10277000C0E90333016000BD1146FBE79942DFDA8F
:10278000F0E700BF10B504460846C4E90311FEF7A0
:1027900035FA01464FF07C50FEF738FB606110BD02
:1027A00000238162C0E90823C36170472DE9F0432B
:1027B000866A03468A1B056A876883B016D18169D9
:1027C0004842A8422DDD002D5C6A7DDD1969D8697B
:1027D000401A396890FBF1FC6544002D1D627EDDD6
:1027E00001FB1C002A46D8612C440EE005BB002AE0
:1027F000C0683968DD695C6A4BDD284490FBF1F202
:1028000001FB1200C3E9070214445A6094FBF1F281
:1028100001FB124432449A621A605C6203B0BDE864
:10282000F083A942CFDBC3E9072214463968ECE7FD
:10283000002A37DD002D57DDD7F8B410D1F80C8011
:10284000A84564DB009028460192FEF7D7F9009B6B
:1028500001465C6AFEF726FA009B5969FEF722FAE8
:10286000FEF7FCFB019A009B824240F39480A8454E
:1028700039687ADDDA69D868104490FBF1F77A1983
:1028800090451A6240F3978001FB17001444D86109
:10289000BBE72D1A95FBF1F201FB12551444C3E975
:1028A0000752B2E7002D42DBC0691A693968801A05
:1028B00090FBF1F201FB12002A44002AC3E907024F
:1028C0005C6A1FDD1444A0E71FD0D9691869084469
:1028D000396890FBF1FC6544002D1D6280DB00210E
:1028E000C3E90711396890E7DA6918693968104453
:1028F00090FBF1F201FB12002A44002AC3E907020F
:102900005C6ADFDB0022C3E9072239687DE7C06922
:102910001A693968801A90FBF1F201FB12002A440F
:10292000002AC3E9070230DD5C6A14446DE7D7F87A
:10293000B420D268C2F10008A8459146D4DC0090CA
:1029400028460C46FEF75AF90146FEF7ABF9009B04
:10295000341B5969FEF7A6F9FEF780FBA042009BE5
:1029600006DAA8452EDB5C6A39682A462C444CE717
:10297000DA6918693968104490FBF1F201FB120022
:102980002A44002AC3E90702CEDB0022C3E907225A
:102990005C6A396839E71A69D8693968801A90FB26
:1029A000F1FC0CEB0502002A1A62ABDD01FB1C00F6
:1029B0001444D86129E700204246C3F820804444EB
:1029C000D86122E7D869DA683968801A90FBF1F299
:1029D00001FB12002A449045C3E907025C6AFFF636
:1029E00071AF00204246A4EB0904C3F82080D861EF
:1029F0000BE700BFC0E903114161C261704700BF2E
:102A0000D0F808C0C268C369DCF800C0C3EB831308
:102A100002618A1A0CFB02338269C16013449A1165
:102A200003F03F03C0E90632C0E90012416170477C
:102A30000023C0E90A32C0E90C31436103777047D3
:102A40002DE9F0430E46016A03469142456B8768C3
:102A5000C46A83B03AD04FF00008C3E90826C3F82F
:102A60001480101900930192FEF7C8F8019A81466C
:102A7000101BFEF7C3F801464846FEF713F98146DE
:102A8000701B4000FEF7BAF801464846FEF7BEF953
:102A9000FEF7E4FA009B83F81C8018619A6A396893
:102AA000104490FBF1F201FB12001444C3E90A0444
:102AB0001A6B5C60144494FBF1F201FB12442A444B
:102AC0005A631A601C6303B0BDE8F083416AB142E7
:102AD000C1D141694FF47A709A6900FB02F29142C8
:102AE00007DB01221A77002C0BD19C620024396885
:102AF000DEE77A680A445A611A7F002AF3D118691E
:102B0000CCE7D8689A6A39680DDD121A92FBF1F0A9
:102B100001FB10220444002CC3E90A24C8DC002273
:102B2000C3E90A22E2E7104490FBF1F201FB120034
:102B30001444002CC3E90A04F1DAB9E738B50446B5
:102B4000C268036A806BC4F8B410D0F8B410D2F82D
:102B5000B420D3F8B4300D6952691B69284622614C
:102B60006362C4E90F55FEF749F801464FF07C5007
:102B7000FEF74CF9C822094B606483FB0513ED177F
:102B8000C5EBA315D4F88430D3F8B430A5641B6921
:102B9000C4F89420C4F8883038BD00BFD34D62100B
:102BA00000207047C0F84411704700BFC0F84811BA
:102BB000704700BF0368C26970B5891A1E69B1F514
:102BC000801F84465E6146DC284A9142B8BF1146A8
:102BD0005A6A9C68196104FB012E5868DCF80840A9
:102BE0004FEAAE25CEF3090E626901FB00F0C3F88F
:102BF00024E0D3F81CE09D62AE44BEEB822F9861C6
:102C0000C3F81CE04FEA822502DC6D42AE4527DAAC
:102C1000DD612844DD68891B05FB01F10844B2EB46
:102C2000A02F4FEAA02502DB5242954216DA154644
:102C3000002A1962DD62DCF82810CCF8302011DDA2
:102C400063681944D4F84801BDE8704003685B68C4
:102C5000CCF8541018474FF48011B9E72A46E7E73B
:102C60007546D6E71CBF6368C91AEBE70000F0FFA2
:102C700084460846DCF8281070B5401AB0F5486F55
:102C8000DCF800E062DC3A4B9842B8BF1846CEF858
:102C90004000DCF81C30D21AD211B2F57A6F52DC47
:102CA000344B9A42B8BF1A46DEF83430DEF838406A
:102CB00002FB03F304FB0033DEF83040CEF844207F
:102CC00004FB00F0DEF85440DCF808502344DEF842
:102CD0004C40DE1103F07F03CEF8543033196C6999
:102CE000CEF85860B3EB842FCEF84800CEF84C30C5
:102CF0004FEA842602DC7642B34237DACEF84C60E3
:102D0000DEF83C30304402FB03F31844B4EBA02F50
:102D10004FEAA02202DB6442A2421ADA2246002CC9
:102D2000CEF85030CEF85C20CCF830401ADD6B681D
:102D30001944D5F848012246BDE8704003685B6835
:102D4000CCF8541018474FF47A62ADE74FF448605E
:102D50009DE71446002CCEF85030CEF85C20CCF81D
:102D60003040E4DC1CBF6B68C91AE2E71E46C7E7C7
:102D700080F3FFFF60F0FFFF017170478368DB683D
:102D80000B444363704700BF2DE9F84FD0F808901B
:102D900016460546D9F81C000C46FDF72FFF3146B4
:102DA0008346FDF77FFF6B69D9F80C70E31A3B444B
:102DB000804683EAE370A0EBE370FDF71FFF4FF05E
:102DC0007A5182463046FDF76DFF4146FDF76AFFB6
:102DD000014650463C44FEF721F938B11B4B002018
:102DE0005B69C9F818306C63BDE8F88F314630462E
:102DF000FDF758FF4FF0814106465046FDF752FF60
:102E00005946FEF703F801463046FDF741FE002122
:102E10000646FEF7F9F8B8B1304606F029F9014642
:102E20005846FDF73FFF01464046FDF731FE4FF0A3
:102E30007C51FDF737FFFEF711F903460120C9F871
:102E400018306C63BDE8F88F0026E5E7881600208F
:102E500083689B695A428A4202DC8B42A8BF816325
:102E6000704700BF70B5836882B00446D3E902059D
:102E70000191FDF7C3FE0199064641B1E068401B90
:102E8000FDF7BCFE3146FDF7C1FF02B070BD6069C1
:102E9000401BFDF7B3FE3146FDF7B8FF02B070BD31
:102EA00038B50446C069FDF7A9FEA36805469868D1
:102EB000FDF7A4FE01462846FDF7A8FF38BD00BF78
:102EC00008B5006BFDF79AFE0149FDF7EBFE08BD62
:102ED0006F12833A83685B695A428A42B8BF0A46D6
:102EE0008B42A8BF1346C363704700BF80F84110F0
:102EF000704700BF00238365C371704700281BDB48
:102F0000344B984201DC00207047334B98422FDB52
:102F1000324B984247DAA0F59E10A0F5B150C0EBB5
:102F2000C000C0EB0010001500F59670B0F5D77F1B
:102F3000A8BF4FF4D7707047294B9842E3DAA3F546
:102F40009213A3F57863984220DA264B984235DB3A
:102F500000F59E1000F5B150C0EBC000C0EB0010B2
:102F60000015A0F59670204B9842B8BF18467047E0
:102F70004FF48373A0F5C330A03803FB00F00015B5
:102F8000B0F5D77FA8BF4FF4D77070474FF4837365
:102F900000F5C330A03003FB00F0134B001598423E
:102FA000B8BF184670473423A0F50610A0F58E5020
:102FB00003FB00F0001500F5C370B7E7342300F5FC
:102FC000061000F58E5003FB00F00015A0F5C3704D
:102FD000C9E700BF9F86010020D61300C0912100E1
:102FE0006179FEFF416EDEFF52FEFFFF70B5D0E952
:102FF00050250446EB88D0688AB01061D360181A57
:10300000A368B0EB630F40F30981C01AD369D4F809
:1030100088C0C3EB43130CFB003351699161014439
:10302000106A51610344581103F01F03C2E90703FA
:10303000FFF764FF536C01445B1A916292F85010E1
:103040005062D36201BB2B6828469B689847C8B181
:10305000D4F84401A14A0368DB6893420FD1D4F845
:103060004031DA79002A00F07681002019685A7917
:10307000C1E90900C1E91500C861C86416E09847B4
:103080000028ECD0D4F840210023D4F8480111687E
:103090000568AD68C1E90933C1E91533CB61CB647B
:1030A00053651363A847D4F840315A79197991428E
:1030B00003D00122597183F85220986BA269904283
:1030C0003DDC524290423ADBD86B626990423BDD74
:1030D000DA6393F85000D8B193F84000C0B90020EB
:1030E0001D6883F85200C5E90900C5E91500E861CB
:1030F000E8649865D871481E072836D8DFE810F0D4
:103100000D010401E5004D010D010401E50041013F
:1031100093F85100002840F0878093F8520000286F
:10312000DDD14A1E072A00F2ED80DFE812F096009A
:10313000A400120000019600A4001200DF00D86B6A
:103140009A6362699042C3DC5542A842B8BFDD630E
:10315000BFE7D96B04F19000FFF78EFAD4F8403145
:10316000D4F8900059796269D864B3F8400002EB52
:10317000420CA3F850005A48C2EB4C1280FB02C02C
:10318000D217C2EB601218681D6B90F8600085EAD8
:10319000E57601F0FB01A6EBE576D8B1032977D0FF
:1031A000964224DBD869DFF83CC180EAE075A5EBE4
:1031B000E075A0688CFB00ECC017C0EB6C0085428A
:1031C00008DA9D6D4848854200F2F180D4F88C0001
:1031D0002844986503290CD096420ADBDA6D4249EF
:1031E0008A4240F2B380012283F8602005E0002289
:1031F0009A650022DA6583F86020D4F844010368F8
:103200009B689847D4F8403120B15A7992B99A71A5
:103210000AB070BD05229A710AB070BD5942B0EB78
:10322000610FB8BFC018F1E693F8410000283FF4E1
:1032300056AF72E7D979002943D193F8601000297D
:1032400040F0DD80012A00F0E780022A00F01681BC
:10325000032A00F019810122D9E7596B04F1B80063
:10326000FFF7A4FAD4E92E12D4F84031C3E91112C1
:103270005979626979E7996B04F1A400FFF742FA82
:10328000D4F84031D4F8A4006269597998646CE7A5
:10329000002D85D0D969134D81EAE170A0EBE17072
:1032A000A16885FB01C5C917C1EB65018842A0DA99
:1032B000996D0D4881427AD8D4F88C200A449A65D9
:1032C00097E704229A710AB070BD196B04F190005F
:1032D000FFF7CEF9D4F84031597922E7A12B000845
:1032E0001F85EB51676666663F420F00596B04F11C
:1032F000E400FFF785FBD4E93912D4F84031C3E983
:1033000011125979626930E7D96904F1A400FFF715
:10331000F5F9D4F84031597903E7996ADA6904F18B
:10332000B800FFF73DFAD4F840315979F9E6D3E90E
:103330000D1204F58270FFF783FBD4E94112D4F833
:103340004031C3E91112597962690EE7D4F88C1043
:103350001144D96551E793F85110002951D0D4F8A0
:1033600048011968C1E90922C1E91522CA61CA6484
:103370000168C9685A651A638847D4F840315A7998
:1033800094E6DA69996A04F1E400FFF733FBD4F8B4
:1033900040319A6A59795A63C3E6996ADA6904F541
:1033A0008270FFF745FBD4F840315979B9E64FF008
:1033B000010C4FF0080E00253B4904A8496883F82A
:1033C00007C08DF80810C90141F07C0104910DEB94
:1033D0000E010192CDE905558DF809C0CDF820E028
:1033E00007950995CDF80A50ADF80E50FEF7C4FACE
:1033F000D4F84031019A597901F0FB01EAE6032241
:1034000005E75A79082A3FF651AEDFE802F02E0BA5
:1034100026140B0B26140B00586C596B88423AD0BB
:103420000222F4E6D3E911121846FFF721FCD4F882
:1034300040315A793AE6DA6C9868002A996A1A6338
:103440002EDD45682944D0F84801596503685B685A
:103450009847D4F840315A7928E61846996CFFF716
:10346000A9FBD4F840315A7920E6D4F84801036822
:103470009B689847D4F840315A7917E6986C996B55
:10348000884208BF0122C2E6DA6CD96B8A420CBFBF
:1034900001220222BBE6996C002918BF0222B6E67F
:1034A0001CBF4568491BCEE78816002010B50446AE
:1034B000D0F8440103685B689847134A137823B92E
:1034C0002046BDE81040FFF791BDA068E168D4F840
:1034D000443100EBD07CB1EB6C0FDB8805DA01EBFB
:1034E0006C01994206DA1B1A04E0A1EB6C019942C7
:1034F000C8BF1B180020D4F840111070C1E9033375
:10350000C1E9053310BD00BF040000201D4A92F838
:10351000341001B1D1680023D0F808C00268DCF88B
:103520000CC0C0E90333C0E90533C0E90733C0E983
:103530000933C0E90E33C0E91133C0F834C001715A
:10354000C362A0F84030C364A0F8503080F8523015
:103550004365036383654371C380C36580F860304E
:10356000C2E90433C2E90633C2E90833C2E90A33C7
:10357000C2E91033C2E91233C2E91433C2E9163387
:10358000704700BF8816002082684369916893FBEA
:10359000F1F001FB1033D360704700BF016070474A
:1035A00083682DE9F043D3F844310446DD6800F127
:1035B00036024FEA650E00F5E47032F8023FB2F8C9
:1035C00092C1A3EB0C010029B8BF494263448E4568
:1035D0004FEA630304DA9E45D4BFA3EB0E037344A2
:1035E00082421380E9D1228FB4F8C6316942D31ADE
:1035F0009E45B8BF5B1BB3EB610FB8BF5B19002BD7
:103600004FEA610833D0CCBF012300232375494B17
:103610004FEAE57983FB0513C9EBA31606EB4606D3
:1036200006EBD676C9EBE3194FEA660664DD114670
:1036300004F1380004F5E37705E0CC4513DB002BFB
:1036400015DD874217D00B4630F8021FCB1A9E4576
:10365000B8BF5B1B9845C8BF5B1983EAE37CACEB42
:10366000E37CB445E9DD02232373BDE8F083012345
:103670002373BDE8F0834FF0000CC82761462D4E40
:10368000013D104601F1C903A6FB03E2920907FBC5
:1036900012331C3334F81320824204DA281AC4E9A6
:1036A000D7100CF1010C0131C829EAD1BCF1010F8E
:1036B00020D00323DCE700264FF0C80C31461D4F15
:1036C000013D104601F1C903A7FB03E292090CFB7F
:1036D00012331C3334F813208242A5EB0203C8BF17
:1036E000C4E9D71301F10101C8BF0136C829E8D1E7
:1036F000012EDED10023BBE7104604F1380104F5AA
:10370000E37C05E0B945AEDC002BB0DA8C45D2D0C5
:10371000034631F8020FC31A9E45B8BF5B1B98459C
:10372000C8BF5B1983EAE377A7EBE377BE42E9DA28
:1037300099E700BF1F85EB512DE9F04F04468368E0
:1037400081B0D3F8440103685B689847637B062B1C
:1037500017D8DFE803F02404385E778B1900A368DC
:103760002169D3F8480102310268526815461A6986
:103770002161A847A36822699B68B2EB430F00F060
:10378000A18001B0BDE8F08F00221146A368D3F8F4
:10379000480103685B6801B0BDE8F04F1847237922
:1037A000002BEED0A3682169D3F848011A69036899
:1037B0005B68984700214FF48073A2689268E182A9
:1037C0002261A381DDE7A2682169D2F804E0B1FBA0
:1037D000FEF30EFB1313002B71D1E08AD2F844C123
:1037E000431CBCF804509BB20C30102BE38224F82D
:1037F00010506BD0D2F84801126903685B68984793
:10380000A26823699268B3EB420FBAD903236373AA
:10381000B7E7A3682169D3F848010131026852680B
:1038200015461A692161A847A2682169D2E90132C7
:1038300003EB830302EB4303B1EB430FA1D104235A
:1038400063739EE7A3682169D3F8480101390268D0
:10385000526815461A692161A847A26823699268CF
:10386000B3EB420F8DD1052363738AE7A268216908
:10387000D2F804E0B1FBFEF30EFB1313E3B9E08AC8
:10388000D2F844C1431CBCF804509BB20C30102B3E
:10389000E38224F8105000F0F580D2F84801126954
:1038A00003685B689847A36822699B689A42BFF4E3
:1038B00068AF0623637364E701392161EDE70131E5
:1038C000216197E70222236162735AE7DCF80CC09A
:1038D000208B658BCCF100035F102B1AB3EB6C0FC0
:1038E000D4BF2E46A5EB0C069F42A38BA9464FEAF8
:1038F0006C08C8BF05EB0C061D1AA845ACBF99465D
:10390000A3EB0C09AF42C8BF0CEB0309E38B06EB3A
:10391000000A1D1AA845CA44ACBF9946A3EB0C097E
:10392000AF42C8BF0CEB0309238CCA441D1AA8453B
:10393000ACBF9946A3EB0C09AF42C8BF0CEB03091F
:10394000638CCA441D1AA845ACBF9946A3EB0C0969
:10395000AF42C8BF0CEB0309A38CCA441D1AA8458B
:10396000ACBF9946A3EB0C09AF42C8BF0CEB0309EF
:10397000E38CCA441D1AA845ACBF9946A3EB0C09B9
:10398000AF42C8BF0CEB0309238DCA441D1AA845DA
:10399000ACBF9946A3EB0C09AF42C8BF0CEB0309BF
:1039A000638DCA441D1AA845ACBF9946A3EB0C0908
:1039B000AF42C8BF0CEB0309A38DCA441D1AA8452A
:1039C000ACBF9946A3EB0C09AF42C8BF0CEB03098F
:1039D000E38DCA441D1AA845ACBF9946A3EB0C0958
:1039E000AF42C8BF0CEB0309238ECA441D1AA84579
:1039F000ACBF9946A3EB0C09AF42C8BF0CEB03095F
:103A0000638ECA441D1AA845ACBF9946A3EB0C09A6
:103A1000AF42C8BF0CEB0309A38ECA441D1AA845C8
:103A2000ACBF9946A3EB0C09AF42C8BF0CEB03092E
:103A3000E38ED144181A8045ACBF1E46A3EB0C069A
:103A40008742C8BF0CEB030606EB09031846002BA0
:103A5000B8BF03F10F000F334FEA2010C0F2EE8021
:103A60008445B8BFA0EB0C0093684FF0000CCB1A54
:103A7000B3FBFEF301311C3324F81300A4F816C085
:103A80002161B7E6DCF80CC0208B658BCCF100031C
:103A90005F102B1AB3EB6C0FD4BF2E46A5EB0C06B0
:103AA0009F42A38BA9464FEA6C08C8BF05EB0C06E2
:103AB0001D1AA845ACBF9946A3EB0C09AF42C8BF7D
:103AC0000CEB0309E38B06EB000A1D1AA845CA4458
:103AD000ACBF9946A3EB0C09AF42C8BF0CEB03097E
:103AE000238CCA441D1AA845ACBF9946A3EB0C0908
:103AF000AF42C8BF0CEB0309638CCA441D1AA8452A
:103B0000ACBF9946A3EB0C09AF42C8BF0CEB03094D
:103B1000A38CCA441D1AA845ACBF9946A3EB0C0957
:103B2000AF42C8BF0CEB0309E38CCA441D1AA84579
:103B3000ACBF9946A3EB0C09AF42C8BF0CEB03091D
:103B4000238DCA441D1AA845ACBF9946A3EB0C09A6
:103B5000AF42C8BF0CEB0309638DCA441D1AA845C8
:103B6000ACBF9946A3EB0C09AF42C8BF0CEB0309ED
:103B7000A38DCA441D1AA845ACBF9946A3EB0C09F6
:103B8000AF42C8BF0CEB0309E38DCA441D1AA84518
:103B9000ACBF9946A3EB0C09AF42C8BF0CEB0309BD
:103BA000238ECA441D1AA845ACBF9946A3EB0C0945
:103BB000AF42C8BF0CEB0309638ECA441D1AA84567
:103BC000ACBF9946A3EB0C09AF42C8BF0CEB03098D
:103BD000A38ECA441D1AA845ACBF9946A3EB0C0995
:103BE000AF42C8BF0CEB0309E38ED144181A8045DD
:103BF000ACBF1E46A3EB0C068742C8BF0CEB030606
:103C000006EB09031846002BB8BF03F10F000F3372
:103C10004FEA201014DB8445B8BFA0EB0C0093687A
:103C20004FF0000CCB1AB3FBFEF3013904EB430356
:103C3000A3F8CA01A4F816C021612EE6604413E778
:103C40006044ECE7437B062B00D070472DE9F04140
:103C500004468368D3F8480103689B689847204668
:103C6000FFF79EFC237BABB1A368D3F8443100255A
:103C70002268204692681D7290470121A268237B2A
:103C8000D2F84021D17165732571002B00F01A81A3
:103C9000BDE8F081226820469268C4F864339047FA
:103CA000236820461B689847A368D4F85C131A68F9
:103CB000207D01EB0208474600285FD041454DDCDE
:103CC0000E46354601369019B0FBF2F702FB17009D
:103CD0001C3034F810705019B0FBF2FC02FB1C00D1
:103CE0001C3034F81020BF1AD3F84421D268B7EB47
:103CF000620FC8BFBF1A5042B7EB600FB8BFBF1802
:103D0000A94200F00581A84500F0AD80002FC8BF92
:103D10004FF000081DDDD3E901C208FB0CF191FB57
:103D2000F7F105FB0C111144B1FBF2FC02FB1C1175
:103D300023682046DB6889B29847D4F8643308F1D9
:103D400001080133B845C4F86433A368E3D1D4F85B
:103D50005C131A6801EB0208B045B2DA236820460A
:103D60005B689847A068D4F86413D0F84431DA68E7
:103D7000914200F09C800422227378E78242EDDBBE
:103D800002EB0806B6FBF2FC08F10105501902FB34
:103D90001C66B0FBF2FC02FB1C001C361C3034F825
:103DA000102034F81660B61AD3F84421D268B6EB66
:103DB000620FC8BFB61A5042B6EB600FB8BFB61854
:103DC000474500F0838041452AD0002EC8BF002718
:103DD00001DC1DE0A368D3E9011207FB01FC9CFB99
:103DE000F6FC01FB0521A1EB0C01B1FBF2FC02FB8F
:103DF0001C1123682046DB6889B29847D4F86433E5
:103E000001370133B742C4F86433E3D1D4F85C130B
:103E100008F1FF384145A1DCA3681A688F18AFE7A5
:103E2000D4F86023002AF3DD002700E0A368D3E97B
:103E3000011207FB01FC9CFBF6FC01FB0521A1EB39
:103E40000C01B1FBF2FC02FB1C1123682046DB686D
:103E500089B201379847D4E9D8230133BA42C4F86C
:103E60006433E3DCD2E7D4F86023002A7FF771AF34
:103E70004FF00008D3E901C208FB0CF191FBF7F108
:103E800005FB0C111144B1FBF2FC02FB1C11236871
:103E90002046DB6889B208F101089847D4E9D823A5
:103EA00001334245C4F86433A368E3DC4FE7227B67
:103EB000002A7FF4DCAE0121D0F840011972C171F3
:103EC00062732271BDE8F04101F07EB9D4F86073ED
:103ED000B74201DB9CE7A368D3E9011307FB01FCB0
:103EE0009CFBF6FC01FB0531A1EB0C01B1FBF3FCE3
:103EF00003FB1C1122682046D26889B29047D4F88F
:103F0000643301370133B742C4F86433E3D17DE74A
:103F1000D4F8608347457FF71CAFD3E9012308FB42
:103F200002F191FBF7F105FB02111944B1FBF3F229
:103F300003FB121123682046DB6889B29847D4F846
:103F4000643308F1010801334745C4F86433A368BA
:103F5000E3D1FCE6407A7047704700BF70B54FF47C
:103F600003410446032600253E4BC36123682046D7
:103F70005B69984702462368E18B5B69204622848F
:103F80009847238CC2B242EA032292B202F00103A4
:103F900012F0020118BF01336084500784F8243006
:103FA00044BF013384F82430100744BF013384F840
:103FB0002430D00644BF013384F82430900644BF37
:103FC000013384F82430500644BF013384F8243090
:103FD000100644BF013384F82430D00544BF0133B8
:103FE00084F82430900544BF013384F82430500510
:103FF00044BF013384F82430100544BF013384F8F2
:104000002430D00444BF013384F82430900444BFEA
:10401000013384F82430500444BF013384F8243041
:10402000D00B1CBF013384F82430DB07228206D575
:10403000731E13F0FF06657510D0A18B96E7C1F3D0
:10404000400101200B469208628221756075A169CA
:10405000A28031F812006372E08070BD237D628A15
:10406000F5E700BF00830084007A704703681149B8
:104070001A6910B58A42044618D120465B689847F1
:104080000120E168207281B14FF6FF704FF0000C03
:10409000A369023B03EB410133F8022F824208BFC0
:1040A00084F808C08B42F7D1207A10BD904723686E
:1040B000E3E700BF593F000838B5836802680B4446
:1040C00004461268017983609047637983420FD078
:1040D0000546636968B100209847D4E90232216936
:1040E0009B1A8B428CBF0220032062699047657146
:1040F00038BD01209847A3686571E360F8E700BF09
:1041000038B503680D461B68017904469847656118
:10411000607138BD03681B68184700BF10B543685D
:1041200082B019444160052A00F2CE80DFE802F037
:10413000586103105C3640F201120023828103743F
:10414000837B013B032B10D8DFE803F079896958A2
:104150000122032382810374036801901B680122FA
:1041600000219847012301988373017E022923D0FF
:10417000032900F0848001290ED1436842699B1A0B
:10418000642B09D9036800221B680190984702221A
:10419000019843680276436102B010BD00220123FA
:1041A0008281037400220368114601901B689847BE
:1041B0000198017E0229DBD1436842699B1A642B76
:1041C000EAD9C37B027C0133DBB20168C3739A4234
:1041D000D1F800C06ED9012201901146E04762E09B
:1041E000002383810374DDE70022022382810374AC
:1041F000D8E70122002382810374ADE78368CB1ADC
:10420000B3F52F7FB1D9036801221B68019000210B
:10421000984701220198436882738360A5E7836809
:10422000CB1A642BA1D90022036811461B680190A8
:1042300098470422019843688273836095E78368F6
:10424000CB1A642B91D90022036811461B68019098
:1042500098470222019843688273836085E78368E8
:10426000CB1A642B81D9036801221B6801900021BD
:1042700098470322019843688273836075E7436817
:1042800042699B1AB3F57A7F86D94FF0000C027C05
:104290000368B2EB0C0280F80FC018BF01220121A5
:1042A0001B68019098470122019843680276436198
:1042B00002B010BD002201900121E04703220198C5
:1042C00043680276436167E7037B002B3FF46AAFE4
:1042D000437B002B7FF434AF3EE700BF4FF47A738B
:1042E00010B50F49044609780E4AB3FBF1F0126885
:1042F00082B0B2FBF0F000F079FF08B90F2C02D9C0
:10430000012002B010BD0246019021464FF0FF305F
:1043100000F01AFF044B01981C6002B010BD00BFF2
:10432000050000200000002008000020074A08B512
:104330001368032043F01003136000F0F3FE032022
:10434000FFF7CCFFFDF7E4FC002008BD0020024091
:10435000034A044B11681B780B441360704700BF7D
:10436000DC0C002005000020014B1868704700BFDE
:10437000DC0C002038B50446FFF7F6FF631C054649
:1043800002D0044B1B781C44FFF7EEFF401BA042F9
:10439000FAD338BD05000020002800F0AD8038B504
:1043A000836A0446002B6BD023689A68D50749D4EA
:1043B000A26AD20605D5A36A43F01003A3620120C6
:1043C00038BDA26A6168E06922F48852257B22F038
:1043D0000202014342F00202A26241EA4502A168E0
:1043E00094F814C0B1F5807F50D0A1F10100B0FA6B
:1043F00080F0BCF1010F4FEA50104FEA002058D076
:104400005D6825F46945284358609D683F48284009
:1044100010439860012947D00020D96A21F4700127
:104420000143D96299683A4B0B409A425BD0A36A28
:1044300023F0120343F01003A362E36A43F0010385
:10444000E362BCE79A6822F001029A60FFF78CFFF2
:10445000054623689A68D007AAD5FFF785FF401B59
:1044600002282368F6D99A68D107F3D5A36A43F0E6
:104470001003A362E36A43F00103E362A36A9AE7CD
:10448000C36280F82430FDF713F98DE7BCF1010F0A
:104490000ED058681D4920F4694040F4807058607F
:1044A0009868014011439960206901380005B4E71C
:1044B00008461DB3A56A45F02005A562E56A45F0EA
:1044C0000105E5625D68B1F5807F25F4694540EA44
:1044D000050058609D680D4805EA000040EA0200AA
:1044E000986097D1E0E70020E062A36A23F003031D
:1044F00043F00103A36238BD01207047A569013D67
:1045000040EA453040F40060DCE700BFFDF7E1FF22
:10451000FE0E1FFF704700BF436A9A6A12F0500FE9
:104520000FD19A6A196842F4007210B59A628A68CB
:1045300002F46022B2F5602F06D01846FFF7EAFFBA
:1045400010BD1B6A1B6B18471A7B002AF5D19A6AAB
:1045500022F480729A629A6AD204EED49A6A42F085
:1045600001029A62E9E700BF704700BF08B5406AE0
:10457000FFF7FAFF08BD00BF704700BF406A08B5EB
:10458000836A43F040038362C36A43F00403C36257
:10459000FFF7F2FF08BD00BF002330B583B00193E1
:1045A00090F82430012B73D0012380F82430024688
:1045B000D0F800C0D1E90003062B35D90C2B56D812
:1045C0001F25073BDCF8304003EB830300FA03FEB2
:1045D00005FA03F324EA030343EA0E03CCF8303070
:1045E00009288B6833D90724A0F10A0EDCF80C10D7
:1045F0000EEB4E0E03FA0EF304FA0EFE21EA0E0144
:104600000B43CCF80C30A0F11003012B2DD8324B0A
:104610009C4540D00120936A43F02003936200231D
:1046200082F8243003B030BD1F25013BDCF8344054
:1046300003EB830300FA03FE05FA03F324EA030302
:1046400043EA0E030928CCF834308B68CBD84FF0FE
:10465000070EDCF8101000EB400083400EFA00F06B
:1046600021EA00010B43CCF810300020D7E71F25CA
:104670000D3BDCF82C4003EB830300FA03FE05FA44
:1046800003F324EA030343EA0E03CCF82C30A7E734
:10469000022003B030BDDCF808301B02E5D4DCF8A2
:1046A0000830102843F40003CCF80830DDD10B4B60
:1046B0000B491B68A1FB03139B0C03EB83035B00FB
:1046C0000193019B002BD0D0019B013B0193019BE7
:1046D000002BF9D1C9E700BF0024014000000020F1
:1046E00083DE1B43002330B5026883B001939368D7
:1046F000D90727D41B4B04461B681B489168A0FBB5
:10470000030341F001019B0C91600193019B2BB1CC
:10471000019B013B0193019B002BF9D1FFF724FE84
:10472000236805469B68DA070CD4FFF71DFE401B83
:104730000228236803D99A6812F0010205D09B6809
:10474000DB07F2D5002003B030BD0120A36A84F856
:10475000242043F01003A362E36A0343E36203B03F
:1047600030BD00BF0000002083DE1B43F8B50446C7
:10477000424D0068A84216D0414B984213D094F89D
:104780002430012B18D00123204684F8243017460A
:104790000E46FFF7A7FF054688B1002384F82430B2
:1047A00001252846F8BD354B5B6813F4702FF7D10F
:1047B00094F82430012BE6D102252846F8BDA06AE2
:1047C00021682F4B20F4706020F0010040F48070CD
:1047D0009942A06243D0A36A23F48013A3624B687A
:1047E0005A0505D5A36A23F4405343F48053A362CA
:1047F00000206FF0020CA36A84F8240013F48053A5
:1048000018BFE36A206ADFF87CE018BF23F00603D4
:10481000E362C0F828E0DFF870E03B46C0F82CE027
:10482000DFF868E03246C0F830E0C1F800C0D1F8E7
:1048300008C04C314CF4807C41F844CC00F01EFDA3
:10484000236828469A6802F46022B2F5602F9A68BD
:104850000CBF42F4A00242F480129A60F8BDA3F5A6
:1048600080635A6812F4702FB5D0A26A42F48012A5
:10487000A2625B685B05BBD5B4E700BF00240140C2
:1048800000280140194500086D4500087D450008D5
:1048900038B503689A68D40701D4002038BD9A68F7
:1048A000044622F001029A60FFF75EFD2368054688
:1048B0009B68D807F1D502E09368DB07EDD5FFF7D9
:1048C00053FD431B022B2268F6D99368D907F3D511
:1048D0000120A36A43F01003A362E36A0343E36287
:1048E00038BD00BF002370B582B0019390F824302A
:1048F000012B5FD0012380F824300446FFF7C8FF66
:10490000054628B10023284684F8243002B070BD43
:10491000A36A314A23F4885323F0020343F00203CD
:10492000A3620220166801F045FDB6FBF0F67600A2
:104930000196019B2BB1019B013B0193019B002B35
:10494000F9D12046FFF7CEFE2268936843F00803B2
:104950009360FFF709FD22680646936818070BD598
:10496000FFF702FD831B0A2B226802D993681907FF
:1049700024D493681B07F3D4936843F00403936033
:10498000FFF7F2FC236806469B6858070BD5FFF734
:10499000EBFC831B0A2B226802D9936859070DD4BC
:1049A00093685B07F3D4A36A23F0030343F0010386
:1049B000A362A7E70225284602B070BD0125A36ABD
:1049C000284623F0120343F01003A362002384F867
:1049D000243002B070BD00BF0000002000287DD050
:1049E00038B590F820300446002B74D02268136844
:1049F00043F001031360FFF7B7FC054604E0FFF73F
:104A0000B3FC401B0A285DD823685A68D107F6D545
:104A10001A6822F002021A60FFF7A6FC054604E0BD
:104A2000FFF7A2FC401B0A284CD823685A6892075B
:104A3000F6D4227E0025012A1A684FF0010C0CBF23
:104A400042F0800222F080021A60627E2846012A2B
:104A50001A680CBF42F0400222F040021A60A27EA7
:104A6000012A1A680CBF42F0200222F020021A60CC
:104A7000E27E012A1A680CBF22F0100242F01002F6
:104A80001A60227F012A1A680CBF42F0080222F045
:104A900008021A60627F012A1A680CBF42F0040201
:104AA00022F004021A60D4E902210A4321690A4370
:104AB00061690A43616801390A43DA61656284F811
:104AC00020C038BD0522636A012043F400336362CD
:104AD00084F8202038BDFCF7E9FE87E70120704705
:104AE00090F820200346013A012A05D95A6A01208C
:104AF00042F480225A6270474FF0010C0368486903
:104B0000D3F8002210B542EA0C02C3F80022D3F811
:104B10001C4200F01F02D1F81CE00CFA02F224EA59
:104B2000020CC3F81CC2BEF1000F41D1D3F80CC275
:104B3000CC682CEA020CC3F80CC2B1F804C003EB39
:104B4000C0004CEA044CC0F840C28C68B1F800C008
:104B50004CEA044CC0F844C2886918BBD3F804027C
:104B600020EA0200C3F804020869A8B9D3F81402C5
:104B700020EA0200C3F81402096A012904D1D3F81B
:104B80001C120A43C3F81C22D3F80022002022F092
:104B90000102C3F8002210BDD3F814021043C3F879
:104BA0001402E9E7D3F804021043C3F80402DBE778
:104BB000BEF1010FD0D1D3F80CC20C684CEA020C44
:104BC000C3F80CC2B1F804C003EBC0004CEA044CBB
:104BD000C0F840C28C68B1F80CC04CEA044CC0F874
:104BE00044C2B9E738B590F820300446012B05D00F
:104BF000436A43F400234362012038BD0223026864
:104C000080F82030136823F001031360FFF7ACFB3A
:104C1000054604E0FFF7A8FB431B0A2B07D82368CF
:104C20005B6813F00103F5D11846636238BD0522B5
:104C3000636A43F40033636284F82020DCE700BF3A
:104C400010B590F820C01C460CF1FF3C0368BCF185
:104C5000010FD3F808E038D81EF0E05F4AD0CEF359
:104C6000016EBEF1030F36D0012000FA0EF0206075
:104C7000D1E9020CA0B340EA0C00D1F804C040EA2C
:104C8000CC000EF1180C4FEA0C1C43F80C0008691C
:104C900003EB0E1CCCF88401097D012905D1DCF859
:104CA000841141F48071CCF88411516803EB0E1328
:104CB000C3F88C1112680020C3F88821DCF8803119
:104CC00043F00103CCF8803110BD436A43F48023E4
:104CD0004362012010BD436A43F400034362F8E7D6
:104CE00008684CEA40500EF1180C4FEA0C1C43F8CF
:104CF0000C00CCE7436A43F400134362E9E700BFCA
:104D000090F820C00CF1FF3CBCF1010F73D830B516
:104D1000D0F800C051B9DCF80CE01EF0030F0AD146
:104D2000436A43F400134362012030BDDCF810E015
:104D30001EF0030FF4D00CEB011EDEF8B04104F0BE
:104D400004049460002C5CD0DEF8B041E4085460A8
:104D5000DEF8B0410CEB011C04F00204D460DEF874
:104D6000B44104F00F041461DEF8B441DEF8B4E19C
:104D7000DCF8B8514FEA1E4EC4F3072CC2F818C035
:104D8000C2F814E01D70026802EB0112D2F8B821DB
:104D9000120A5A70026802EB0112D2F8B821120C02
:104DA0009A70026802EB0112D2F8B821120EDA7082
:104DB000026802EB0112D2F8BC211A71026802EB00
:104DC0000112D2F8BC21120A5A71026802EB0112D8
:104DD000D2F8BC21120C9A71026802EB0112D2F8CF
:104DE000BC21120EDA71036881B9DA6842F0200240
:104DF000DA60002030BD436A43F48023436201201F
:104E00007047DEF8B041640D1460A1E71A6942F002
:104E100020021A61EDE700BF90F820200346013A16
:104E2000012A05D95A6A012042F480225A62704749
:104E30000268002053690B4353617047704700BFFD
:104E4000704700BF704700BF704700BF704700BF8A
:104E5000704700BF704700BF704700BF704700BF7A
:104E6000704700BF704700BF704700BF03682DE95F
:104E7000F0435C695F689A68D9681E690546B04668
:104E80009E6983B0B14614F0010625D0D60700F123
:104E900088804FF4005C4FF4804E0026D0050DD57D
:104EA0004FF480702B689860930500F1C180500525
:104EB00000F1DF80130540F1F7807646D0030BD573
:104EC0004FF480302B689860930300F1A480500366
:104ED00040F1D18046F40046230701D5C8065AD4D4
:104EE000620701D50B0776D4A00703D52B68DB68D2
:104EF000990777D1620602D518F0100F61D1A30689
:104F000002D518F0080F78D1E00603D52B681B698D
:104F100099075CD1A20301D5FB0667D4E00301D554
:104F2000390771D4220431D57B072A682CD509F0C2
:104F3000010314F4807F43EA060318BF1E46A70549
:104F400017D519F0020F14D0600546F0020604F4DC
:104F5000006377D519F0040F72D193B9042353601D
:104F60006B6A284633436B62FFF77EFF03B0BDE8F0
:104F7000F083610504F4006302D519F0040F5FD1DA
:104F800013B119F0700362D104235360002EE7D1EE
:104F900003B0BDE8F08310222B6846F40076DA6097
:104FA0009EE701269E6096073BD4530768D41607F8
:104FB00040F182804FF4405C4FF4A04E4FF4805695
:104FC0006CE710222B6846F480661A6197E7284642
:104FD000FFF742FF9EE708222B682846DA60FFF7BA
:104FE00039FF81E72846FCF7D9FC83E710222B68BC
:104FF00028465A60FFF734FF90E708222B682846BE
:105000001A61FFF72BFF7FE708222B6828465A60BA
:10501000FFF728FF86E728460091FFF713FF009966
:105020005AE7CDE90021FFF709FFDDE9002130E76C
:105030002846CDE90021FFF703FFDDE900213DE728
:1050400046F00406002B89D019F0700386D0402B5F
:1050500044D01CD8202B5CD0302B51D0102B38D111
:105060000421936946F0080623F0700393615160B0
:1050700076E7664622E7120325D546F480362BE70D
:105080004FF4205C4FF4904E4FF4006606E7502B2F
:105090002DD0602B1DD10421936946F4807623F036
:1050A0007003936151605BE72846CDE90021FFF76B
:1050B000CDFEDDE9002101E7CDE90021FFF7C4FEC7
:1050C000DDE90021E5E628460091FFF7C1FE0099E1
:1050D00002E7936923F07003936155E70421936914
:1050E00046F0400623F070039361516038E70421D5
:1050F000936946F0800623F07003936151602FE7B7
:105100000421936946F0200623F0700393615160F7
:1051100026E70421936946F0100623F0700393619B
:1051200051601DE74FF6FF0C06490302CA6803F4FD
:10513000E06302EA0C02134343F0BF6343F400331D
:10514000CB60704700ED00E0164B00B5DB68C3F3A1
:105150000223A3F1030CBCF1040F19D84FF0FF3E5A
:10516000C3F107030EFA03F3DB430EFA0CFE22EA47
:105170000E02194001FA0CF1114300284FEA011107
:105180000ADB00F1604000F5614080F8001300BDCB
:1051900000220F239446ECE7034B00F00F00C318E6
:1051A000197600BD00ED00E0FCEC00E0002807DB14
:1051B000012300F01F01034A40098B4042F82030D0
:1051C000704700BF00E100E0BFF34F8F0549064B79
:1051D000CA6802F4E0621343CB60BFF34F8F00BF95
:1051E000FDE700BF00ED00E00400FA050138B0F172
:1051F000807F01D3012070474FF0E02300224FF061
:10520000F00C07215861034880F823C09A611046CA
:105210001961704700ED00E038B3034605C810B5CA
:105220004FF4807E4FF0000C9968DC680A43104907
:105230002243104C4118A4FB01410909890019645B
:105240001969DC690A4359690A4399690A43016883
:1052500022436FF30D110A430749D9630260A3F893
:1052600020E06046C3F838C010BD0120704700BF81
:10527000F8FFFDBFCDCCCCCC0000024090F820C0A0
:10528000BCF1010F40D010B596461A46012390F8A4
:1052900021C080F820309C4504D0002380F82030C5
:1052A000022010BD022380F821300023046C8363A8
:1052B00003680CFA04F4D3F800C02CF0010CC3F816
:1052C00000C0D0F83CC0CCF804405A604268102AB4
:1052D000C26A0BBFC3F808E09960D960C3F80CE05C
:1052E0004AB11A6842F00E021A601A68002042F0B1
:1052F00001021A6010BD1A6822F004021A601A68CE
:1053000042F00A021A60F0E70220704790F821206C
:105310000346022A06D004229A630022012083F861
:10532000202070474FF0010C1A680020116821F00E
:105330000E011160116821F001011160D3E90F1213
:105340000CFA02F24A60002283F821C083F8202080
:10535000704700BF08B590F821200346022A03D009
:10536000042201209A6308BD02681C481168824229
:1053700021F00E011160116821F00101116021D0AE
:1053800017498A421CD014318A421DD014318A42F6
:105390001DD014318A421DD014318A4214BF4FF0FF
:1053A00080724FF480124FF48070DFF838C0596B70
:1053B000CCF80420188409B118468847002008BD9D
:1053C0001022F0E70122EEE74FF48072EBE74FF492
:1053D0008052E8E74FF48032E5E700BF0800024062
:1053E0001C00024000000240042210B5C46B016C96
:1053F000D4F800C003688A4012EA0C0FD3F800E02A
:1054000020D01EF0040F1DD01A68910603D41A682C
:1054100022F004021A60414A93425FD01432934250
:1054200065D0143293426CD0143293426FD0143250
:10543000934261D01432934214BF4FF080624FF414
:1054400080024CE002228A4012EA0C0F23D01EF0A8
:10545000020F20D01A68920606D401211A6822F0A1
:105460000A021A6080F821102C4A93422DD014327F
:10547000934244D01432934246D01432934238D0EF
:105480001432934246D01432934214BF4FF000724C
:105490004FF400121AE008228A4012EA0C0F1CD0C6
:1054A0001EF0080F19D01A684FF4807C22F00E020B
:1054B0001A600123026B03FA01F161608363A0F8B3
:1054C00020C052B1BDE81040104702220021144C08
:1054D000836A626080F8201033B910BD042210493D
:1054E000C36A4A60002BF8D0BDE81040184740223C
:1054F000F5E74FF40052E9E74FF48022EFE720226E
:10550000E4E74FF48062EAE74FF40072DEE74FF41D
:105510008042E4E74FF40032D8E700BF08000240C1
:10552000000002402DE9F04FDFF8BC9183B099F8FC
:105530001840012C00F0CA809A4601238846934601
:10554000064689F81830FEF70FFF4CF25035074633
:10555000664C04E0FEF708FFC01BA8425DD8E36874
:10556000DA07F7D4E3689B0644BF2023E3605F4B70
:10557000DA68D70658D4DA69D50755D4DF6817F04A
:10558000040751D1012E03D0022E14BF0426022697
:1055900008EB46034CF25036544C0193C7F12001FE
:1055A0000AFA01F12BFA07F30B430021A7F12002BD
:1055B000C9F81C102AFA02F21343226942F00102D0
:1055C0002261A8F80030FEF7CFFE054604E0FEF7A2
:1055D000CBFE401BB0421CD8E368D907F7D4E36880
:1055E0009A0644BF2023E360E368DB063ED4E36908
:1055F000DD073BD4E06810F0040037D1236908F1DF
:10560000020823F001032361019B10379845C5D19F
:1056100004E0236923F0010323610320002389F8B8
:10562000183003B0BDE8F08F304BDB6813F0100387
:1056300050D104212D4AD268540706D50B46D9F81B
:105640001C2042F00102C9F81C20284AD169C80771
:1056500009D5D9F81C1041F00401C9F81C10D16912
:1056600021F00101D161214AD3602BE01F4BDA68A0
:1056700012F0100228D014211022D9F81C3043F067
:105680000203C9F81C30194BDB68580706D50A46D7
:10569000D9F81C3043F00103C9F81C30134BD96909
:1056A000C90709D5D9F81C1041F00401C9F81C102C
:1056B000D96921F00101D9610C4BDA601A6922F035
:1056C00001021A610120A9E70421DCE7022003B0EE
:1056D000BDE8F08FD9F81C20142142F002021023FB
:1056E000C9F81C20A6E700BFE00C00200020024003
:1056F000064B186910F0800006D00549054A59602C
:105700005A601869C0F3C010704700BF0020024003
:1057100023016745AB89EFCD034A0020136943F0AD
:1057200080031361704700BF0020024010B504469B
:1057300082B0FEF719FE621C10D0002C4FD001463B
:10574000294AD368DB070DD50191FEF70DFE0199BB
:10575000254A401A8442F4D2032014E0224AD36836
:10576000DC07FCD4204BDA68910644BF2022DA60C3
:105770001D4BDA68D20608D4DA69D40705D4D86894
:1057800010F0040001D102B010BD174BDB6813F01C
:1057900010031CD10421144AD268500705D50B46CA
:1057A0001249CA6942F00102CA610F4AD169C907A8
:1057B00008D50E48C16941F00401C161D16921F0E9
:1057C0000101D1610120084AD36002B010BD074831
:1057D0001421C269102342F00202C261DBE7024BCE
:1057E000DB68D807B8D4BDE700200240E00C0020F9
:1057F0002DE9F8432C4E337E012B52D00123337612
:1058000003688046022B89464CF250302ED0FFF7B9
:105810008DFF074668BB4FF0FF33C9F80030D8E969
:10582000025305EB83239D4223D2204C07E005F56C
:105830008065D8E9023203EB8223AB421AD9F761C3
:1058400023694CF2503043F0020323616561236900
:1058500043F040032361FFF769FF236923F002034C
:1058600023610028E3D0C9F8005003E0FFF75EFF92
:1058700020B1012000233376BDE8F8830B4CF061A2
:1058800023694CF2503043F004032361236943F051
:1058900040032361FFF74AFF236923F004032361D8
:1058A000E8E70220BDE8F883E00C00200020024079
:1058B0002DE9F04F0C6883B0002C00F0B980B94B93
:1058C000984200F0E380002201250F2792461346FC
:1058D000DFF8D48206E0013334FA03F602F1040261
:1058E00000F0A68005FA03F636EA040E06EA040C78
:1058F000F1D14C68122C00F2AF80122C16D8DFE8E0
:1059000014F0BE001300A700A40115001500150037
:1059100015001500150015001500150015001500DF
:1059200015001500A3009F00D1F80CA0BCF1FF0FDB
:1059300099BF8646164600F1040EA2F12006DEF855
:10594000004007FA06F924EA09040AFA06F6344385
:10595000CEF800404C68E60070D5D8F8186003F027
:10596000030946F00106C8F81860D8F818604FEA35
:10597000890906F001060196019E23F0030606F14F
:10598000804606F58036D6F808E007FA09FB2EEACD
:105990000B0EDFF818B2584500F03781DFF810B26F
:1059A000584500F04481DFF80CB258450CBF4FF069
:1059B000030B4FF0040B0BFA09F949EA0E0EC6F877
:1059C00008E0DFF8F4E114F4803FDEF8006014BF73
:1059D00046EA0C0626EA0C06CEF80060DFF8D8E1AD
:1059E00014F4003FDEF8046014BF46EA0C0626EA11
:1059F0000C06CEF80460DFF8C0E114F4801FDEF876
:105A0000086014BF46EA0C0626EA0C06CEF80860C9
:105A1000694E14F4001FF4680DD044EA0C04F460DD
:105A20000C68013334FA03F602F104027FF45AAF32
:105A300003B0BDE8F08F24EA0C04F4600C684AE778
:105A4000CC6804F10C0A71E7CC6804F1040A6DE734
:105A5000CC6804F1080A69E7DFF860E174450ED00C
:105A600000F2DA80AEF5801E744508D00EF5702E77
:105A7000744504D0AEF5801E74457FF457AF8C6832
:105A8000002C40F0DB804FF0040A4FE74FF0000994
:105A90006FF01F054FF0010C4FF00F084B46DFF879
:105AA00008E1474F05E0013334FA03F205F104053C
:105AB000BED00CFA03F232EA040A04EA0206F2D17A
:105AC0004C68122C00F2C480122C16D8DFE814F0B7
:105AD000D2001300DF00F4001500150015001500BA
:105AE000150015001500150015001500150015000E
:105AF0001500E300DB00D1F80C90FF2E62D9AA4616
:105B00003C46226808FA0AFB22EA0B0209FA0AFA62
:105B100042EA0A0222604A68D40057D5DEF81840EB
:105B200003F0030A44F00104CEF81840DEF81840F0
:105B30004FEA8A0A04F001040194019C23F0030453
:105B400004F1804404F58034D4F808B008FA0AFA65
:105B50002BEA0A0AC4F808A0D40339D5DFF858A004
:105B6000DAF800403443CAF8004094033AD5DFF82D
:105B700048A0DAF804403443CAF80440D4023BD5C4
:105B8000DFF834A0DAF808403443CAF808400A4C79
:105B900012F4001FE2680CBFB2433243E2600C68AB
:105BA00081E700BF0008014000100240000C0140E6
:105BB00000100140001401400004014000002210C8
:105BC0000408014004464FEA830A9AE70C686AE732
:105BD000DFF8F0A0DAF8004024EA0604CAF8004032
:105BE0009403C4D4DFF8DCA0DAF8044024EA060405
:105BF000CAF80440D402C3D4DFF8C8A0DAF80840D9
:105C000024EA0604CAF80840C1E74FF0010B0BFA7A
:105C100009F949EA0E0ED2E6DFF8ACE074453FF42C
:105C20002EAF0EF5803E74457FF480AE27E74FF02F
:105C3000020B0BFA09F949EA0E0EC0E6012C4FF0EF
:105C4000080A0CBF0661466170E64FF0000A6DE677
:105C5000DFF878A054450DD021D8AAF5801A544514
:105C600008D00AF5702A544504D0AAF5801A544584
:105C70007FF443AF8C68E4B1012C154C1FD06261F6
:105C80004FF0080939E7CA6802F10C0935E7CA681C
:105C900002F1080931E7CA6802F104092DE7DFF8CB
:105CA00028A05445E6D00AF5803A54457FF425AF44
:105CB000E0E74FF0040920E74FF000091DE72261FB
:105CC000DEE700BF00040140000031100000221098
:105CD000000801408368194214BF0120002070476A
:105CE00002B9090401617047002800F0BA8170B55B
:105CF00003680446DA0782B035D59C494A6802F049
:105D00000C02042A00F0EF804A6802F00C02082A14
:105D100000F0E5806368B3F5803F10D0002B00F001
:105D20000D81B3F5A02F00F08781904B1A6822F403
:105D300080321A601A6822F480221A6004E08B4ACA
:105D4000136843F480331360FEF70EFB054605E04D
:105D5000FEF70AFB401B642800F2ED80834B1B68B2
:105D60009803F5D523689A0729D5804A516811F020
:105D70000C0F00F08E80516801F00C01082900F032
:105D800084802369002B00F01C810122784B1A606B
:105D9000FEF7EAFA054605E0FEF7E6FA401B0228A0
:105DA00000F2C980714B1B689807F5D56F4962698D
:105DB0000B6823F0F80343EAC2030B6023681A0759
:105DC0001FD45D0742D5694BDA69D0007CD5002627
:105DD000684B1B68D90540F19C80E368012B00F0FB
:105DE0000181002B00F0CC80052B604B1A6A00F07B
:105DF000308122F001021A621A6A22F004021A6249
:105E0000F5E0A369002B4ED00122594BC3F8802442
:105E1000FEF7AAFA054605E0FEF7A6FA401B02289F
:105E200000F28980514B5B6A9B07F5D5524B534A70
:105E30001B68A2FB03235B0A019300BF019B5A1E50
:105E40000192002BF9D123685D07BCD4E369CBB183
:105E5000464A526802F00C02082A00F0DB80002259
:105E6000022B434B1A6600F0FE80FEF77DFA0446D3
:105E700004E0FEF779FA001B02285CD83B4B1B6854
:105E80009B01F6D4002002B070BD5268D6033FF5E6
:105E900078AF364A126895072FD52269012A2CD08F
:105EA000012002B070BD324AC2F88034FEF75CFABD
:105EB000054604E0FEF758FA401B02283BD82B4B5E
:105EC0005B6A9E07F6D4BEE7DA69012642F080528B
:105ED000DA61DB6903F080530093009B78E74A683E
:105EE000D6037FF517AF214A126895037FF53BAFC4
:105EF0006268002A7FF437AFD2E71C4960690A68FC
:105F000022F0F80242EAC0020A601A077FF559AF90
:105F100077E7184A136843F480731360FEF724FA96
:105F20000546144B1B68DA053FF557AFFEF71CFA20
:105F3000401B6428F5D9032002B070BD0B4A1368DA
:105F400023F480331360136823F480231360FEF777
:105F50000BFA054604E0FEF707FA401B6428EAD86E
:105F6000024B1B689903F6D4FCE600BF0010024008
:105F7000000042420070004000000020D34D62103B
:105F8000524A136A23F001031362136A23F00403D5
:105F90001362FEF7E9F9054606E0FEF7E5F941F27E
:105FA0008833401B9842C6D8484B1B6A9807F4D4E4
:105FB000002E3FF44BAF454AD36923F08053D361A1
:105FC00044E7434A1360FEF7CFF9054604E0FEF7C5
:105FD000CBF9401B0228AED83C4B1B689907F6D47E
:105FE0002368ECE6394A136A43F001031362FEF7B3
:105FF000BBF9054606E0FEF7B7F941F28833401BCE
:10600000984298D8314B1B6A9B07F4D5002E3FF479
:106010001DAFD0E7012B3FF443AF2C4B226A5B68E6
:1060200003F4803191427FF43BAF606A03F4701354
:10603000181A18BF012026E703F18043A3F53C336B
:106040001A6842F480221A601A6842F480321A6098
:106050007AE642F004021A621A6A42F001021A62F7
:10606000C5E701207047FEF77FF9054605E0FEF71A
:106070007BF9401B02283FF65EAF144B1B68990169
:10608000F5D4236AB3F5803F06D11048A168426871
:1060900022F400320A4342600120616A0B4C0B4338
:1060A00062680B4922F47412134363600866FEF7BA
:1060B0005BF9044605E0FEF757F9001B02283FF69E
:1060C0003AAF024B1B689A01F5D5DBE6001002409F
:1060D0000000424278B15F4A136803F007038B4225
:1060E0000BD2136823F007030B431360136803F00C
:1060F00007038B4201D0012070472DE9F04103686E
:1061000086B09D0714D55C0704D5534C626842F4F1
:10611000E06262601A0704D54F4C626842F4605234
:1061200062604D4C8568626822F0F0022A4362602A
:10613000DB078846074620D54268474B012A1B6883
:106140007CD0022A77D09C0728D5434C41F2883571
:10615000636823F0030313436360FEF705F9064603
:1061600004E0FEF701F9801BA8426CD863687A68E6
:1061700003F00C03B3EB820FF3D1364A136803F03C
:10618000070343450ED9136823F0070343EA0803C6
:106190001360136803F00703434503D0012006B0E2
:1061A000BDE8F0813B68580706D52B49F8684A6876
:1061B00022F4E06202434A60190731D440F201241C
:1061C000264B06AD0FCB05E90F002349ADF804407F
:1061D0004A6802F00C03042B33D0082B29D1C2F3F8
:1061E00083436B44D2031B7A2FD54A681C49C2F300
:1061F000404201FB03F36A441279B3FBF2F3164AFF
:10620000184852681849C2F30312805C174AC34009
:1062100008681360FEF762F8002006B0BDE8F08160
:106220000D4A3969536823F4605343EAC10353604C
:10623000C4E70F4BE3E79D0187D4AFE79E0384D407
:10624000ACE7074BDBE70320A9E70A4A02FB03F3AD
:10625000D5E700BF00200240001002401C3B0108AF
:10626000001BB700A0320108080000200000002039
:1062700000127A0000093D00044B054A5B6805499D
:10628000C3F30223CB5C1068D84070470010024073
:106290000000002098320108044B054A5B6805495C
:1062A000C3F3C223CB5C1068D84070470010024093
:1062B0000000002098320108F0B503680446D807B2
:1062C00083B02DD5384BDA69D1003FD5374D002743
:1062D0002B68DA0548D5344D61682B6A13F4407396
:1062E00012D001F440729A420ED000204FF0010CFF
:1062F0002B6A2F4A23F44071C2F840C4C2F840040C
:10630000D807296242D46168274A136A23F440738C
:106310000B4313621FB1D36923F08053D361236809
:106320009A0706D52049A0684A6822F440420243F1
:106330004A60DB0602D4002003B0F0BD1A4AE168CF
:10634000536823F480030B435360F4E7DA69174D75
:1063500042F08052DA61DB69012703F08053019338
:10636000019B2B68DA05B6D42B6843F480732B604D
:10637000FDF7FAFF06462B68DB05ACD4FDF7F4FF0A
:10638000801B6428F7D9032003B0F0BDFDF7ECFFB4
:1063900006462B6A9907B6D4FDF7E6FF41F288332B
:1063A000801B9842F5D9EEE70010024000700040D3
:1063B0000000424200B5334B87B084460FCB0DF14D
:1063C000180E0EE90F0040F20123BCF1020FADF8E8
:1063D000043028D0BCF1100F05D0BCF1010F2ED035
:1063E000002007B000BD284B5A68186810F0807074
:1063F000F7D0C2F383416944D203087A3ED55B6883
:10640000224AC3F340436B441B79B2FBF3F303FB13
:1064100000F01D4B5B685B02E3D41D4B4000A3FB07
:1064200000304008DDE7FFF737FF174B5B68C3F329
:10643000813301335B00B0FBF3F007B000BD124ABB
:10644000106A00F44073B3F5807F0BD0B3F5007F82
:106450000CD0B3F5407FC3D1106810F40030C0D029
:106460000C48BEE7C0F34000C003BAE7536A49F6E0
:10647000404013F0020F08BF0020B2E7064B03FBB9
:1064800000F0C6E71C3B010800100240001BB700EB
:10649000ABAAAAAA366E010000093D00F0B585B08E
:1064A0009D1816460C460746FDF75EFF2D1AFDF7B0
:1064B0005BFF284B01361B68C3F3CB3305FB03F3AB
:1064C000039315D002463B689B6834EA030314D15A
:1064D0000192FDF749FF019A801AA84210D2039950
:1064E000039B002903F1FF3308BF00250393EAE76C
:1064F0003A68936834EA0303FBD0002005B0F0BD8E
:10650000D7E900315A68B1F5827F22F0E0025A6083
:1065100013D0BA6AB2F5005F07D11A6822F40052AC
:106520001A601A6842F400521A6001220023032004
:1065300087F8512087F85030E0E7BA68B2F5004F8D
:1065400002D0B2F5806FE4D11A6822F040021A60DE
:10655000DFE700BF00000020002862D030B5426AAB
:10656000034683B0002A4BD00022C0E90422002158
:1065700093F85120996202F0FF0C002A46D00D4694
:10658000D3E9012102204FF0000E01F4044102F48E
:1065900082720A43D96883F85100186901F40061D6
:1065A0000A4300F00200024358699C6900F00100B0
:1065B0000243D86904F4007400F0380C186A2243CE
:1065C000196800F0800042EA0C0202439869D1F891
:1065D00000C0000C2A4300F004002CF0400CC1F86D
:1065E00000C00A604860CA69704622F40062CA614D
:1065F0004FF00102C3F854E083F8512003B030BDDE
:106600004168B1F5827FB2D0C261B0E7184683F825
:1066100050C00193FBF738FB019B9A6A02F40055C6
:10662000AEE70120704700BFF0B5044690F8500077
:1066300085B0012800F08E801646012284F8502093
:106640000D460193FDF790FE074694F851006268ED
:106650000128019BC1B210D0B2F5827F08D0022080
:106660000122002384F8512084F8503005B0F0BD99
:10667000A0680028F3D10429F1D1002D72D0002E9A
:1066800070D0002B6ED094F85110206804291CBFE4
:10669000052184F8511000216165E387E386C4E990
:1066A00010110168A6634906A3872563A38603D456
:1066B000016841F040010160E168B1F5006F00F050
:1066C0008680002A7AD0012B78D00A9B01250133DD
:1066D00026D049E02268936899070ED5E38E9BB2D5
:1066E0005BB155B10025236B1B781373E18E236BCF
:1066F000013901332268E1862363936813F00103B3
:106700000CD0E18F89B249B1D2681D46A36B1A70D3
:10671000A26BE38F0132013BA263E387FDF724FE06
:10672000E38E9BB2002BD5D1E38F9BB2002BD1D14E
:106730003B46802120460A9AFFF7B0FE68B9A3685D
:10674000002B8DD123680390DA6803929B68039332
:10675000039B85E7022005B0F0BD2022636D134343
:106760006365626501207BE7E38E9BB21BB9E38F13
:106770009BB2002BDCD0226893689B070ED5E38E7A
:106780009BB25BB155B10025236B1B781373226B51
:10679000E38E0132013B22632268E386936813F0A3
:1067A000010303D0E18F89B200297ED1FDF7DCFD22
:1067B0000A9BC01B9842D7D3032051E72B78037361
:1067C000226BE38E0132013B2263E3867DE7002AE0
:1067D00038D1294631F8023BC360E38E2163013B87
:1067E000E3860A9B0125013323D02EE022689368BB
:1067F0009E070CD5E38E9BB24BB13DB1216B31F8B6
:10680000023BD360E38E2163013BE386002593685E
:1068100013F001030BD0E18F89B241B11D46D3685B
:10682000A26B22F8023BE38FA263013BE387FDF7F3
:106830009BFDE38E9BB2002BD8D1E38F9BB2002B44
:10684000D4D175E7012BCCD1C3E7E38E9BB223B93A
:10685000E38F9BB2002B3FF46BAF226893689807DD
:106860000CD5E38E9BB24BB13DB1216B31F8023BAD
:10687000D360E38E2163013BE3860025936813F028
:1068800001030BD0E18F89B241B11D46D368A26BE1
:1068900022F8023BE38FA263013BE387FDF764FD2F
:1068A0000A9BC01B9842D0D386E7D2681D46A36BD3
:1068B0001A70A26BE38F0132013BA263E38775E795
:1068C000002865D030B590F83D20034683B002F033
:1068D000FF01002A55D0D3E900100222DFF8B4C02E
:1068E000DC6883F83D2061452546D3F818E00A6846
:1068F00029D0B1F1804F26D0274CA14238D004F5E1
:106900008064A14234D022F0800242EA0E020A6082
:10691000CD628862012200204A6183F8462083F814
:106920003E2083F83F2083F8402083F8412083F8FD
:10693000422083F8432083F8442083F8452083F8DD
:106940003D2003B030BD9C6822F0700222431C69D8
:1069500022F44072224322F0800242EA0E020A60D0
:106960000C4ACD6291428862D4D15A690A63D1E758
:106970009C6822F0700222431C6922F44072224378
:10698000C1E780F83C100190FBF702FC019BA2E7F5
:1069900001207047002C01400004004090F83D3079
:1069A000012B1FD10222036880F83D20DA680E49CE
:1069B00042F001028B42DA6009D0B3F1804F06D079
:1069C0000A4A934203D002F58062934204D19A6846
:1069D00002F00702062A03D01A6842F001021A6088
:1069E0000020704701207047002C01400004004047
:1069F000002865D030B590F83D20034683B002F002
:106A0000FF01002A55D0D3E900100222DFF8B4C0FC
:106A1000DC6883F83D2061452546D3F818E00A6814
:106A200029D0B1F1804F26D0274CA14238D004F5AF
:106A30008064A14234D022F0800242EA0E020A6051
:106A4000CD628862012200204A6183F8462083F8E3
:106A50003E2083F83F2083F8402083F8412083F8CC
:106A6000422083F8432083F8442083F8452083F8AC
:106A70003D2003B030BD9C6822F0700222431C69A7
:106A800022F44072224322F0800242EA0E020A609F
:106A90000C4ACD6291428862D4D15A690A63D1E727
:106AA0009C6822F0700222431C6922F44072224347
:106AB000C1E780F83C100190FBF7D2FB019BA2E7F5
:106AC00001207047002C01400004004059BB90F8A1
:106AD0003E30012B33D1022380F83E30012203687F
:106AE00001F01F01186A8A4020EA02001862196A40
:106AF000DFF878C00A4363451A622AD0B3F1804FA9
:106B000006D01B4A934203D002F58062934204D11F
:106B10009A6802F00702062A03D01A6842F00102BE
:106B20001A600020704704290BD0082916D090F86D
:106B30004130012B03D1022380F84130CEE7012000
:106B4000704790F83F30012BF9D1022380F83F3095
:106B5000C4E75A6C42F400425A64D9E790F84030D6
:106B6000012BECD1022380F84030B7E7002C014024
:106B700000040040704700BF002865D030B590F891
:106B80003D20034683B002F0FF01002A55D0D3E92F
:106B900000100222DFF8B4C0DC6883F83D206145B4
:106BA0002546D3F818E00A6829D0B1F1804F26D0E5
:106BB000274CA14238D004F58064A14234D022F0A1
:106BC000800242EA0E020A60CD6288620122002041
:106BD0004A6183F8462083F83E2083F83F2083F8FB
:106BE000402083F8412083F8422083F8432083F833
:106BF000442083F8452083F83D2003B030BD9C68D5
:106C000022F0700222431C6922F44072224322F0D7
:106C1000800242EA0E020A600C4ACD62914288620A
:106C2000D4D15A690A63D1E79C6822F070022243EA
:106C30001C6922F440722243C1E780F83C100190A5
:106C4000FFF798FF019BA2E701207047002C01404D
:106C50000004004090F83C30012B00F0A78070B594
:106C6000D1E900C42646CC6803682546D1F808E07F
:106C700032B3042A55D0082A76D0196A4FEA0C326A
:106C800021F480511962D969D3F820C021F44071F0
:106C900041EA062164F30F31D96102F400522CF469
:106CA00000510A431A62DA6922F44062DA61DA6951
:106CB00042EA0E22DA61002380F83C30184670BDAB
:106CC0001A6A3C4C22F001021A62A3429A69196ABC
:106CD0000DD0B3F1804F0AD0A4F59434A34206D06E
:106CE00004F58064A34202D042F0010202E022F0E7
:106CF0000302324365F307129A610CF00A0C21F08B
:106D00000A024CEA02021A629A6922F00C029A61A3
:106D10009A6942EA0E029A61002380F83C301846D4
:106D200070BD1A6A4FEA0C1C22F010021A629A69AE
:106D3000196A22F4407242EA062264F30F329A6121
:106D40000CF0A00C21F0A0024CEA02021A629A692F
:106D500022F440629A619A6942EA0E229A61002303
:106D600080F83C30184670BD1A6A4FEA0C2C22F4A9
:106D700080721A62DA69196A22F00302324364F3FC
:106D80000712DA610CF4007C21F400724CEA020272
:106D90001A62DA6922F00C02DA61DA6942EA0E025A
:106DA000DA61002380F83C30184670BD022210469C
:106DB000704700BF002C0140034690F83C000128BA
:106DC00000F0D98030B50C2A36D8DFE802F007355C
:106DD00035356E353535A13535353A001A680C68CC
:106DE000106A20F001001062106AD2F804E0D2F8B4
:106DF00018C020F002002CF0730C4CEA040C8C68D4
:106E00002043774CA24200F0B880C2F804E0D1F8E9
:106E100004E0C2F818C0D1F810C0C2F834E0106223
:106E2000916941F008019161916921F0040191613A
:106E3000916941EA0C019161002283F83C201046DF
:106E400030BD1A680C68106A20F480501062106A15
:106E5000D2F804E0D2F81CC020F400502CF4E64C28
:106E60004CEA042C8C6840EA04305D4CA24200F0ED
:106E7000A180C2F804E0D1F804E0C2F81CC0D1F847
:106E800010C0C2F840E01062D16941F40061D161E4
:106E9000D16921F48061D161D16941EA0C21D161CC
:106EA000002283F83C20104630BD1A680C68106A36
:106EB00020F010001062106AD2F804E0D2F818C076
:106EC00020F020002CF4E64C4CEA042C8C6840EABC
:106ED0000410434CA2425ED0C2F804E0D1F804E0B2
:106EE000C2F818C0D1F810C0C2F838E01062916939
:106EF00041F400619161916921F48061916191692E
:106F000041EA0C219161002283F83C20104630BDFB
:106F10001A680C68106A20F480701062106AD2F847
:106F200004E0D2F81CC020F400702CF0730C4CEA82
:106F3000040C8C6840EA0420294CA24240D0C2F8DC
:106F400004E0D1F804E0C2F81CC0D1F810C0C2F8C7
:106F50003CE01062D16941F00801D161D16921F0B2
:106F60000401D161D16941EA0C01D161002283F8A9
:106F70003C20104630BD02207047CC6820F008004D
:106F800020432EF4407ED1E905452C4320F0040037
:106F900044EA0E0E39E7CC6820F0800040EA041085
:106FA0002EF4406ED1E905452C4320F040004EEA16
:106FB000840E91E74C692EF4804E4EEA841E58E709
:106FC000CC6820F4006040EA04202EF4405ED1E951
:106FD00005452C4320F480604EEA041EAFE700BF55
:106FE000002C014090F83C20012A00F0A7800346C5
:106FF00002201A6810B583F83D009068D1F800C0EF
:1070000020F47F4020F07700BCF1600F906061D0E9
:107010001FD8BCF1400F78D03AD9BCF1500F2FD116
:107020004868D1F80CC0116A21F00A010843116ABE
:1070300021F001011162916921F0F00141EA0C1186
:1070400091611062916821F0700141F057019160E7
:1070500016E0BCF1700F2BD0BCF5005F10D1886832
:107060004C68D2F808C0C968204340EA01202CF4DB
:107070007F4C40EA0C009060916841F4804191603F
:107080000022012183F83C2083F83D10104610BDFA
:10709000BCF1200F03D053D83CF01001F0D191681F
:1070A00021F0700141EA0C0141F007019160E7E72E
:1070B00088684C68D2F808C0C968204340EA0120BB
:1070C0002CF47F4C40EA0C009060916841F077010D
:1070D0009160D5E7D1F804C0D1F80CE0116A21F035
:1070E000100111629069116A20F4704021F0A00132
:1070F00041EA0C1140EA0E3090611162916821F072
:10710000700141F067019160BAE74868D1F80CC09E
:10711000116A21F00A010843116A21F0010111628C
:10712000916921F0F00141EA0C11916110629168BE
:1071300021F0700141F047019160A1E70220704702
:10714000BCF1300FABD09BE790F83C30012B48D01E
:107150000223026810B580F83D3093688446486881
:1071600023F07003D1F800E0034323F0070343EA60
:107170000E03602893604FD025D8402833D0502884
:1071800010D18B680869116A21F00A011943136A4A
:1071900023F001031362936923F0F00343EA001321
:1071A0009361116200214FF0010ED368084623F06D
:1071B0004003D360D36823F48043D3608CF83DE070
:1071C0008CF83C1010BD7028ECD1CB688C689068AE
:1071D0000969234320F47F4043EA0123034393607A
:1071E000E0E702207047BEF1050F0DD0106A136A68
:1071F000096923F001031362936923F0F00343EA62
:10720000011393611062CDE7012300228CF83D3019
:107210008CF83C20184610BD136A886823F01003D0
:10722000D1F810E013629169136A21F4704123F0E0
:10723000A00341EA0E3143EA001391611362B1E702
:1072400090F83C20012A29D0034602201A6810B584
:1072500083F83D0050680C68DFF844E020F07000CF
:1072600020437245D2F808C0506009D0B2F1804F77
:1072700006D00C48824203D000F58060824205D1DE
:1072800049682CF0800C4CEA010191600022012138
:1072900083F83C2083F83D10104610BD0220704753
:1072A000002C014000040040002867D038B590F859
:1072B0003D30044603F0FF02002B57D0D4E9022EE4
:1072C0002421236884F83D10D968206921F40051F5
:1072D000D4F818C002436069D9601969024321F4E7
:1072E000405141EA0E011961D968254821F4B05195
:1072F00021F00C010A43DA605A69834222F4407299
:1073000042EA0C025A6136D0FEF7B6FF626800EB23
:107310008003920003EB8303B3FBF2F319484FF0B1
:10732000000EA0FB035264254FF0200C520905FB10
:1073300012331B013233A0FB03032168120102EB5D
:1073400053128A600B69704623F490430B614B69BA
:1073500023F02A034B61CB6843F40053CB60C4F89D
:1073600040E084F83DC084F83EC038BD80F83C2041
:10737000FAF7BCFFA2E7FEF78FFFC7E701207047CF
:10738000003801401F85EB512DE9F041174690F878
:107390003D20202A74D10D46002941D0002F3FD036
:1073A00090F83C200446012A6AD0212201211E4681
:1073B000002380F83C10036480F83D20FCF7D4FFE4
:1073C000A2688046B2F5805FA784E7845BD000277F
:1073D0000023E28C84F83C3092B22368002A58D013
:1073E000711C32D0FEB11A6810061FD4FCF7BCFF26
:1073F000A0EB080086422368F5D2DA68202122F447
:10740000D072DA605A69032022F001025A61002327
:1074100084F83D1084F83C3084F83E10BDE8F081DB
:107420000120BDE8F0811A681106E6D5A5B12A78D9
:1074300001355A60E28C013AE284E28C92B242B3A6
:10744000721CCFD11A681006F1D41A681206EDD456
:107450001A681206F9D5E9E73A880237C2F308023A
:107460005A60E28C013AE284E28C92B28AB1711CD9
:10747000B8D11A681206EFD41A681206E8D5D5E713
:107480000220BDE8F0812269002AA0D12F461546CE
:107490009EE7751C0BD09EB11B6859060AD4FCF7F9
:1074A00063FFA0EB080296422368F5D2A5E71A68AD
:1074B0005006FCD5202384F83D300020BDE8F08143
:1074C0001A68520699D5F5E72DE9F0410D4690F876
:1074D0003E1082B0202975D1002D46D0002A44D01C
:1074E00090F83C10044601296CD0012022211E4650
:1074F000002384F83C00236484F83E102363019247
:10750000FCF732FF019A8046A285E285A268B2F5B7
:10751000805F5BD00027002384F83C30E38D9BB272
:10752000002B3CD0731C24D0002E55D023681A6841
:10753000910622D4FCF718FFA0EB08008642F5D292
:107540002368202100250320DA6822F4D072DA6053
:107550005A6922F001025A6184F83D1084F83C50C7
:1075600084F83E1002B0BDE8F081012002B0BDE811
:10757000F08123681A689006FCD5DDB1A268B2F5E7
:10758000805F02D092B9226982B95B6805F8013B3D
:10759000E28D013AE285E28D92B2002AC2D1202327
:1075A000002084F83E3002B0BDE8F0815B6803F053
:1075B0007F03EBE73A465B68C3F3080322F8023B1C
:1075C0001746E5E7022002B0BDE8F0812269002AF3
:1075D000A0D12F4615469EE723681A689206B0D5BB
:1075E000CBE700BF90F83E30202B44D1002940D09B
:1075F000002A3ED030B590F83C300446012B83B0D1
:107600003BD0134600254FF0010E4FF0220C816253
:107610008385806B84F83CE0AE4625632564184D75
:1076200084F83EC00A4621688562164D0431C56261
:10763000154DC0F834E005637546FDF71FFE4FF0A9
:1076400000012846236801951A6801925A6884F857
:107650003C100192019ADA6842F48072DA605A6949
:1076600042F001025A615A6942F040025A6103B085
:1076700030BD0120704702207047022003B030BDAA
:10768000E5770008C977000839770008034600B598
:10769000026883B0506993F83D10212907D05069E2
:1076A00093F83E1022291BD0002003B000BD000635
:1076B000F5D55169586B21F08001516120B10193DA
:1076C000FDF724FE019B1A682020D16821F0C0013B
:1076D000D16083F83D00506993F83E102229E3D130
:1076E0004106E1D55169986B21F04001516120B10B
:1076F0000193FDF70BFE019B1A68D16821F490718C
:10770000D160516921F001015161196B012903D147
:10771000D16821F01001D16020210022002083F8DF
:107720003E101A6303B000BD704700BF704700BF32
:10773000704700BF704700BF08B5406A03685969C9
:1077400090F83D20212A0BD0596990F83E20222A3A
:1077500016D0036C43F010030364FFF7EBFF08BD82
:107760000906F1D500222021C284DA6822F0C00285
:10777000DA6080F83D10596990F83E20222AE8D15D
:107780004A06E6D50022C285DA6822F49072DA60F1
:107790005A6922F001025A61026B012A03D1DA68A8
:1077A00022F01002DA602022002380F83E200363DA
:1077B000CFE700BF08B50023406AC385C384FFF745
:1077C000B9FF08BD704700BF406A08B5036B012BC5
:1077D00002D0FFF7ADFF08BD818D4908FFF7F2FF2A
:1077E00008BD00BF08B50368406A1B6813F020039A
:1077F00013D120210268C385D36823F48073D3603A
:10780000536923F001035361536923F0400353612B
:1078100080F83E10036B012B09D0036B012B02D0C3
:10782000FFF784FF08BD818DFFF7CCFF08BDD3684B
:1078300023F01003D360F0E783680168B3F5805F3D
:10784000826A36D0002B2ED04B6803F07F03137072
:10785000826A0132C38D8262013B9BB2C3853BBB0E
:107860004FF0200C026800B5D16883B021F02001F0
:10787000D160D16821F48071D160516921F001019A
:10788000516180F83EC0016B01291BD10363D168AF
:1078900021F01001D1601168C90617D4818DFFF75E
:1078A00091FF03B000BD0369002BCDD14B68CEE73B
:1078B00070470369002BF9D14B68C3F3080322F822
:1078C000023BC7E7FFF732FF03B000BD0193136827
:1078D000019353680193019BE0E700BF026800B584
:1078E0001168034611F00F0FD2F80CE085B0D2F802
:1078F00014C017D111F0200F03D01EF0200F40F05C
:10790000B080186B012852D0080603D51EF0800FF6
:1079100040F0B180490603D51EF0400F40F0CA8008
:1079200005B000BD1CF0010040F085801EF4907F82
:10793000E7D011F0010F0FD01EF4807F00F01C8102
:10794000D3F840C011F0040F4CF0010CC3F840C054
:1079500000F0C880002873D111F0020F00F0C98038
:10796000080700F10481186C0028D9D088060CD5CE
:107970001EF0200F09D093F83E10222905D1184699
:107980000093FFF759FF009B1A685169186C01F0CA
:10799000400100F00800014340F0B9801846019111
:1079A0000093FFF7C7FEDDE900311964B8E7C806A8
:1079B000AAD51EF0100FA7D04FF0000ECDF80CE0A6
:1079C00011680391516803910399516911F0400CBA
:1079D00000F0D780986B0168496889B200299FD070
:1079E000B3F82CC08C459BD9D985816920291AD040
:1079F000D168009321F48071D160516921F00101B7
:107A00005161516921F040015161202183F83E10FC
:107A1000C3F830E0D16821F01001D160FDF776FCA9
:107A2000009BB3F82CC0DA8D1846ACEB020189B28A
:107A3000FFF7C8FE74E711F0010F4CD1480745D598
:107A4000186C40F002001864880741D5186C40F0AB
:107A500004001864080786D5186C40F00800186404
:107A600081E790F83E30222B7FF45AAF05B05DF8E5
:107A700004EBFFF7E1BE93F83D1021297FF450AFEE
:107A80009868196AB0F5805F00F09D80481C186204
:107A900009785160D98C013989B2D98400297FF4E1
:107AA0003FAFD36823F08003D360D36843F0400333
:107AB000D36035E74FF0200CD168184621F0400123
:107AC000D16083F83DC0FFF72FFE29E78807BDD4BA
:107AD0000807C1D447E71EF4807F7FF431AF11F06F
:107AE000040FADD111F0020F03D000283FF438AFDE
:107AF000ACE711F0080F3FF436AF0EF0200C5CEA53
:107B0000000CA9D1196C00297FF43FAF08E7D168B8
:107B100021F49071D160516921F001015161196B1B
:107B2000012903D1D16821F01001D160002120206A
:107B300083F83E0019635169490614D55169986B61
:107B400021F04001516170B1244A00934263FDF776
:107B500001FC00283FF4E4AE009B986B436B05B03A
:107B60005DF804EB18471846FFF7E4FDD8E61EF071
:107B7000200F7FF471AFC5E711F0040F7FF4ECAE76
:107B8000B0E7D88DD98D89B200293FF4C9AE998D5F
:107B9000091A89B200293FF4C3AE4FF0200ED06815
:107BA00020F49070D060506920F00100506183F89B
:107BB0003EE0C3F830C01846D36823F01003D3600A
:107BC000FFF700FEACE6186900287FF45FAF31F8DC
:107BD000020BC0F30800506019625BE7B57700083C
:107BE000014B185C704700BF000D0020014B195479
:107BF000704700BF000D002008B54FF480620249B5
:107C00000248F9F7FBFB08BD00FC0108000D00204D
:107C100070B50020002401210123144A86B0CDE96B
:107C20000201CDE904230194FDF762FD08B106B01D
:107C300070BD34220E4B01A902A8DA60FDF7D8FD11
:107C400078B90C4D094C0C4E01E0B44209D0D5E98D
:107C5000002321460320FDF765FC08340835002881
:107C6000F3D0FDF759FD06B070BD00BF00FC010860
:107C700000200240000D0020000002082DE9F04124
:107C8000054686B0FDF734FDAB68E3B1002401275B
:107C90002646DFF83C802B6801A903EB842302A869
:107CA000CDE904370296FDF7A3FD4FF0FF30FDF755
:107CB0003DFDD8F81030013423F00203C8F810302D
:107CC000AB68A342E7D806B0BDE8F041FDF724BD9C
:107CD0000020024010B50446FDF70AFD2368E3606A
:107CE00010BD00BFFDF718BDF8B50E460368C168AA
:107CF000994219D34468234401EB42049C4213D8AF
:107D000092B1174604460025023E00E0E1680023D8
:107D1000012036F8022FFDF705FC013510B9E368A4
:107D20000233E360AF42F1D1F8BD00BF054BD3F899
:107D3000E817D3F8F027B3F8EE07114440EA014002
:107D4000090C704700F0FF1F84460023044A0549D0
:107D50001068C1F800C002221946806803F0FCBF19
:107D6000C006002000110020022801D80120704721
:107D700008B504F073FA0922034600201A6008BD12
:107D8000013801280AD810B51446064A4FF0FF33CF
:107D90001068A2B2FFF7F8FA204610BD4FF0FF308E
:107DA000704700BF00110020022801D80020704752
:107DB00008B504F053FA092203464FF0FF301A6069
:107DC00008BD00BF08B504F049FA092203464FF088
:107DD000FF301A6008BD00BF08B558B909484FF018
:107DE000FF3301220068FFF76FFB002814BF052056
:107DF000012008BD04F032FA092203464FF0FF309B
:107E00001A6008BD00110020022808B504D84FF4FC
:107E1000005300204B6008BD04F020FA09230360E2
:107E2000002008BD012908B50DD0022909D104217F
:107E30000648FDF74FFFA0F10100B0FA80F04009BD
:107E400008BD002008BD4FF48051F1E7000C01404F
:107E500008B50368104A1B680179934216D10129BD
:107E60000BD0022901D0012008BD04210B48FDF7E9
:107E700031FF013818BF012008BD4FF48051074879
:107E8000FDF728FF013818BF012008BD984780F092
:107E90000100C0B208BD00BF257E0008000C0140F3
:107EA0000148FFF717BF00BF0C0000200148FFF793
:107EB00019BF00BF0C0000200148FFF7DFBE00BF64
:107EC0000C00002000B583B0ADF806100122034875
:107ED0000DF10601FFF708FF03B000BD0C00002004
:107EE00049B1012900D070474FF48041054882F024
:107EF0000102FDF7F5BE4FF40051024882F0010285
:107F0000FDF7EEBE00100140F9F792BE30B54FF01C
:107F1000FF3C4FF400450A4C87B0ADF80E1001232A
:107F200065610DF116020DF10E01CDF800C0054896
:107F3000FEF77AFBBDF81600256107B030BD00BF23
:107F400000080140000A0020034B89081B689208C2
:107F50001964DA63704700BFEC0A002039B12021B0
:107F6000074B196142B11022054B1A61704720215D
:107F7000034B5961002AF6D11022014B5A61704718
:107F80000008014039B10821074B196142B10422B0
:107F9000054B1A6170470821034B5961002AF6D13D
:107FA0000422014B5A61704700080140002200B5CD
:107FB00087B0CDE90222CDE90422174B3C21D3F84A
:107FC00018C016484CF0040CC3F818C0D3F818C0F9
:107FD0000CF0040CCDF800C0DDF800C0D3F818C0D8
:107FE0004CF0080CC3F818C09B6903F00803019318
:107FF000019BFDF775FE002003213C220123CDE902
:10800000040100F1804002A900F58430CDE902238B
:10801000FDF74EFC07B000BD001002400008014013
:10802000F9F78ABF022808B50FD0032800D008BD91
:108030000D4803F089FE0D4BD3F840315A7972B1E7
:1080400000210B48C260197108BD01230948037162
:10805000FBF772FBBDE808400648FBF7F3BD044A96
:10806000D2681A7108BD00BF303B0108D814002047
:108070008816002038110020022808B50CD00328EB
:1080800000D008BD144803F05FFE144BD3F8400144
:10809000BDE80840FAF72EBF104BD3F840014279F3
:1080A000072AEED80123934013F022020ED113F0D9
:1080B000440106D113F0880FE3D0BDE80840FAF779
:1080C00009BF1146BDE80840FAF7C2BE0021BDE86D
:1080D0000840FAF753BE00BF383B0108D81400200F
:1080E0002DE9F047FFF722FE4FF480717248FDF74B
:1080F000F1FD4FF4007105466F48FDF7EBFD4FF4BD
:10810000806104466C48FDF7E5FDB0FA80F3B4FAEF
:1081100084F25B0952094FEA830949EA4209FFF7F1
:108120006BFD664F002D08BF49F001097C1E07F169
:108130003705C7F101063019FFF752FD04F8010FAA
:10814000AC42F8D13B78DFF878A1012B7FD1002336
:1081500087F83630BB68B969CAF80C303B695948B2
:10816000CAF814307B69CAF81C10CAF81830C7F86E
:108170000490FAF7C1FA5448B969FAF703FBFB69AE
:108180005249CAF810307B6A4D48CAF85830BB6A69
:10819000CAF85C30FB6ACAF860303B6ACAF85430EF
:1081A00097F835308AF88430FAF700FD484944489A
:1081B000FAF7F8FCDAF84001FBF7A8F9DAF8480119
:1081C00003681B689847DAF8440103681B689847FE
:1081D00040494148FBF794FF40494148FBF790FF75
:1081E0006420FCF7C7F83F48FEF7D8FB3E48FEF78F
:1081F000D5FB3948FFF72CFE002854D14FF0010978
:108200003A48FBF71FFD3B78022B13D0002BF7D128
:108210007C1E301914F8011FFFF7E8FCAC42F8D1BE
:10822000FFF7F6FCFCF7D0FF3048FBF70BFD3B787F
:10823000022BEBD17C1E87F80090A01914F8011FC7
:10824000FFF7D4FCAC42F8D1FFF7E2FCD8E73822C4
:1082500000211A48DAF8084003F08EFE1E2364203D
:108260004FF4FA62012104FB03F300FB04F4C7E9B5
:108270000312C7E90534FA614FF4967350224FF0A8
:10828000C80CC7E90923FA23C7F820C03970FB627C
:108290007C1EA01914F8011FFFF7A8FCAC42F8D10E
:1082A000FFF7B6FC53E70E48FFF7D2FD0028A5D034
:1082B00001220E4B1A71A1E7000801408816002028
:1082C000D81400207C15002090150020C814002030
:1082D000A0140020258000082011002079800008CB
:1082E00008110020380B00205C0A00203811002003
:1082F0006FF0010208B51A4B0A211B6819481A6170
:10830000FBF7DAFE0A211848FBF7D6FE174B0A21C5
:10831000D3F8403116489A79FBF700FF154A92F8D6
:10832000363073B114490B680133632B0B6009D8E5
:10833000322B0ED9BDE8084001220D481146FBF74B
:10834000E9BE08BDF9F714FA00230A4A0A49106386
:108350000B600022BDE8084001210548FBF7DABEAA
:10836000380B00202011002008110020D814002014
:108370001C00002088160020041100206FF001016D
:10838000054B06481A68037911610BB1FBF7D4B9A4
:108390000348FBF78BB800BF5C0A002038110020AF
:1083A000D81400204FF448422DE9F041734CC827FF
:1083B000A26044F620624FF48071C4F88820002245
:1083C000002532204FF4FA634FF47A7804F18806DE
:1083D000C4E90071C4F8CC2069496A4AC4F89460C1
:1083E000C4F8A860C4F8C060C4E92655C4E928559B
:1083F000C4E92B55C4E92D55C4E93155C4E93455B8
:10840000C4E93655C4E93855C4E93C55C4F884502C
:10841000C4F89050C4F8BC50C4F8E850C4F8EC60FC
:10842000C4F88C0004F5A670C4E94256C4E9465766
:10843000C4E93E55C4E94055C4E94455C4E9495529
:10844000C4E94B55C4E94D55C4E95155C4E95355E8
:10845000C4E95655C4E95855C4E95A55C4E95C55B0
:1084600084F82051C4F83C51C4E95E55C4E90612B1
:10847000C4F840013022294604F12400C4E9035322
:108480002362C4E96155C4E96355C4E96555C4E98B
:108490006755C4E96955C4F8805184F8AC51C4F8F3
:1084A0005441A4F85051C4F8148084F8845003F067
:1084B00063FD1E2305222946C4E90A2304F1640052
:1084C000202203F059FD50214FF49673C4E916138E
:1084D000FA23304604F10C0123666765FAF72EFB98
:1084E000D4F8400104F12401FBF758F84FF480421E
:1084F00025492648264B0860C1E90155CD6025492C
:10850000254E99612549DA6019602022294606F135
:1085100018005D601D811D619D82756103F02CFD59
:1085200029464FF4C97206F1380003F025FD4FF4D7
:10853000C972294606F5E57003F01EFD0127B460F7
:10854000022440F6B830164B164A17493360174BD1
:10855000C2E90175C3E90014B581C6E9D755C3E97D
:108560000255C2F8108035713561C6F86453D56084
:10857000556111605D611861BDE8F081D81400207B
:108580000070170000400D03C8140020203F0108B0
:10859000A0140020007C010838110020E83E0108EA
:1085A000883E0108201100203C3E010808110020EF
:1085B00030B501380B4685B0882800F29C80DFE892
:1085C00010F004030003E402C4029B0267023E02AF
:1085D0009A009A009A009A009A009A009A009A00CB
:1085E0009A0035020502F101C401B301A401990109
:1085F0008E018301780189009A009A009A009A00FE
:108600009A005B013E012001150102019A009A00C7
:10861000F900F000E700DE009A009A009A009A0044
:108620009A00C5009A009A009A009A009A009A004F
:108630009A009A009A009A009A009A009A009A006A
:108640009A009A009A009A009A009A009A009A005A
:108650009A009A009A009A009A009A009A009A004A
:108660009A009A009A009A009A009A009A009A003A
:108670009A009A009A009A009A009A009A009A002A
:108680009A009A009A009A009A009A009A009A001A
:108690009A009A009A009A009A009A009A009A000A
:1086A0009A009A009A009A009A009A009A009A00FA
:1086B0009A009A009A009A009A00C000BC00B70085
:1086C0009A009A009A009A009A009A009A009A00DA
:1086D0009A009C00AD4AAE481168AE4AA1F1010172
:1086E000B1FA81F1490980F8841082F835101B79BC
:1086F0000BB10223137005B030BDA54B0121D3F897
:1087000040014FF000030371FAF7F0FBA04B00218A
:10871000D3F84001FAF79CFB9D4B0021D3F84001B0
:10872000FAF7D8FB9C4805B0BDE8304003F00CBB1D
:1087300005B0BDE83040FCF747BD0022954B1A70EC
:10874000D9E70122934B83F83620D4E7904A009171
:108750005069F8F753FA9149F8F7A4FA8446009B58
:108760008C4AC3F800C0194653688D48DB0143F0BA
:108770003103036005B0BDE83040F9F7FDB8854A24
:10878000D06A086053688648DB0143F02B03F0E7AA
:10879000804A906A086053688148DB0143F02A03ED
:1087A000E7E77C4A506A086053687D48DB0143F084
:1087B0002903DEE7774A106A086053687848DB01CE
:1087C00043F02803D5E7734A891A3139022940F268
:1087D0001982116B19604FF0000CC3F804C01946E0
:1087E00053686F48DB0143F02503C2E76849694AD3
:1087F000C9686B48196052681946D30143F02403D5
:10880000B7E7634A0091D2F840010021FAF72AFB4A
:108810000146009B5E4A1960DFF878C16048D2F8D3
:10882000402192791946A2F10102B2FA82F252096C
:108830001A71DCF80430DB0143F0230399E7544A52
:108840000091D2F84001FAF72BFB0146009B504AF9
:108850001960D2F84021DFF83CC192791946A2F1A3
:108860000102B2FA82F252091A71DCF804304C4863
:10887000DB0143F022037CE7454A0091D2F8400136
:10888000FAF71EFB0146009B414A1960D2F84021CD
:10889000DFF800C192791946A2F10102B2FA82F220
:1088A00052091A71DCF804303D48DB0143F0210322
:1088B0005FE7364A36481168364A0166D1621B794D
:1088C000002B7FF416AF16E7304A31481168314A61
:1088D000C16591621B79002B7FF40BAF0BE72B4A2C
:1088E0002B4811682B4A816551621B79002B7FF45C
:1088F00000AF00E7254A26481168264A4165116203
:108900001B79002B7FF4F5AEF5E62049214A096872
:10891000A1F10101B1FA81F1490982F834101B7902
:10892000002B7FF4E6AEE6E6194AD2F84001FAF7EA
:108930002BFE0220164A1749D3689268087093FBF1
:10894000F2F002FB10338B60D5E6114C0191A06868
:10895000F8F754F90D4A1168F8F7A4F9F8F77EFB17
:10896000014604F1A400E1610091F9F7C5FE009908
:1089700004F1B800F9F706FF064AE169019B91612D
:108980001B79002B7FF4B5AEB5E600BFC40900200B
:10899000D814002088160020903B01086F12833AFB
:1089A000380000209E4C0091A068F8F727F99D4AF6
:1089B0001168F8F777F9F8F751FB9B4A009BA06123
:1089C00050611B79002B7FF494AE94E6954A009198
:1089D00010689649F8F766F9F8F740FB40F6FC0294
:1089E000904200F303818E498F4A009B48611061D9
:1089F0001B790BB10223137000219224012302ADD5
:108A0000029100928DF80830F8F7F8F88849F8F7E5
:108A100049F98446009A87485368294644EAC313B3
:108A2000CDF80CC00360F8F7A7FF64E67D497E4AE5
:108A3000096851601B79002B3FF45DAE59E6784C14
:108A4000D4F840315A79012A08D0774A1846526939
:108A50000121A261FAF790F9D4F84031A06800939F
:108A6000F8F7CCF86F4A05465168F8F71BF9F8F7A4
:108A7000F5FA6C4AA06111682846F8F713F9F8F77F
:108A8000EDFA0146009805B0BDE83040FAF776B936
:108A9000634CD4F8400142790546012A06D0009182
:108AA0000121FAF769F9D4F84051009B5D49A068AB
:108AB0004A6801930092F8F7A1F85A490968F8F753
:108AC000F1F8F8F7CBFA009A01462846FAF75CF974
:108AD000019B1A79002A3FF40EAE0021D4F8400120
:108AE0000093FAF7BFF90246009BDFF83CC11A6019
:108AF0005048D4F8402194E6494CD4F840215179AB
:108B000001290AD048480093436901211046A36116
:108B1000FAF732F9D4F84021009BA068CDE9002390
:108B2000F8F76CF83F490968F8F7BCF8F8F796FAD7
:108B300001460098FAF722F93F4803F005F9019B36
:108B40001A79002A3FF4D7ADC7E7354CD4F8403145
:108B50005A79022A08D0344A184652690221A26181
:108B6000FAF70AF9D4F84031A0680093F8F746F80C
:108B70002C4A1168F8F796F8F8F770FA0146009851
:108B800005B0BDE83040FAF763B9254AD2F8403164
:108B90005979032906D018460321FAF7EDF8204A3F
:108BA000D2F840311F4A214910680093F8F77AF84B
:108BB000F8F754FA0146009805B0BDE83040FAF7DE
:108BC00089B901221D4B1A7195E5164B144A1B6891
:108BD000D2F84001012B02D0002303718BE5022360
:108BE000037105B0BDE83040FAF784B90146144876
:108BF00003F036F800230A4A9324506902AD0A4A6A
:108C00000293FEE692F83010197092F83110597004
:108C100092F83210997092F83310D970DBE500BFEA
:108C2000D8140020C40900208816002000007A44CF
:108C30006F12833A38000020403B010838110020B1
:108C40005C3B010810B5037882B0702B3DD0762BC9
:108C50001DD0632B5AD13A4903F00EFA01F06EFB96
:108C6000F7F7C2FE374A0446D2F840315979032952
:108C70005ED1354920460093F8F714F8F8F7EEF97D
:108C80000146009802B0BDE81040FAF723B92F4919
:108C900003F0F2F901F052FBF7F7A6FE294B044668
:108CA000D3F840215179022936D198680092F7F71C
:108CB000A5FF2146F7F7F6FFF8F7D0F9014600982F
:108CC00002B0BDE81040FAF7C3B8214903F0D4F967
:108CD00001F034FBF7F788FE1A4B0146D3F8402128
:108CE0005079CDE9002101281CBF0120107198683E
:108CF000F7F784FF0199F7F7D5FFF8F7AFF90146C9
:108D0000009802B0BDE81040FAF738B8114802B038
:108D1000BDE8104003F018B80F48022140690093E5
:108D200098611046FAF728F8009BD3F84021BCE779
:108D300018460321FAF720F8024AD2F8403198E7A2
:108D4000143D0108D814002000007A44BC3B0108FF
:108D5000C03B0108C43B0108881600200C480D499F
:108D60000D4A002302E0D458C4500433C4188C4286
:108D7000F9D30A4A0A4C002301E013600432A242EC
:108D8000FBD3F9F797F803F06FFAF8F733FF704762
:108D900000000020CC080020C8450108D0080020B1
:108DA000D4190020FEE70000102370B5002484B021
:108DB0000293036815469E6912686B4600940194FD
:108DC0000394B0479DF8043003F00603062B09BF57
:108DD00001202046009B2B6004B070BD009890429B
:108DE0000CBF06200120704710B50446024B0360FB
:108DF00000F0ECF8204610BD803F010810B5044695
:108E0000044B036000F0E2F82046082100F04CF823
:108E1000204610BD803F010830B583B01546089943
:108E2000069A04468A420DD01946204600F0D2F830
:108E300028B10123099A06991571116093710020D8
:108E400003B030BD0799019300F0C4F8019B0028DE
:108E5000EAD00020099A557103B030BD10B582B038
:108E60000193144600F0B6F8019B20B108210622B8
:108E70001C60D9601A7102B010BD00BF2DE9F0412D
:108E8000074616461D460C4600F0A4F848B9032DC7
:108E900007D82368324639462046BDE8F0415B6971
:108EA0001847BDE8F08100BF00F0AAB810B504462D
:108EB000024B0360FFF798FF204610BDE03F01081A
:108EC00010B50446044B0360FFF78EFF20460C21CB
:108ED000FFF7EAFF204610BDE03F010870B582B001
:108EE000069C054694420E460BD0A8683146D0F841
:108EF00000C00694DCF82040A44602B0BDE87040F3
:108F0000604719460192009300F064F8DDE90032F1
:108F10000028EAD0062002B070BD00BF2DE9F04362
:108F20000F4683B01946DDE90A48DDE90C65019278
:108F30000093814600F04EF8DDE9003278B9B44282
:108F400020D0D9F8080039460768CDE90C65CDE98D
:108F50000A48FC69A44603B0BDE8F0436047002F0F
:108F60002C602A7109DB3C44A64214BF012406246C
:108F7000AC71002003B0BDE8F0830237F9D10123C2
:108F8000AB71F6E741464846CDE9002300F022F8F0
:108F9000DDE900230028D4D06A71EAE72DE9F04129
:108FA00004460F4616461D46FFF758FF58B9A068FD
:108FB0002B46D0F800C03246DCF818E03946F446BB
:108FC000BDE8F0416047BDE8F08100BF704700BFD9
:108FD00000207047814211D008B5406803782A2BE1
:108FE0000AD049680B782A2B08BF0131F8F728F915
:108FF000B0FA80F0400908BD002008BD012070478C
:1090000001F0A8B9F8B504460D4600F0C9F82246AB
:1090100006460F462B4620462946F7F7CFFCA8B94F
:109020000022002320462946F7F7BEFC70B9002233
:10903000002320462946F7F78FFC50B103F00EF9C4
:109040000021094A22230E4617460360304639465E
:10905000F8BD03F003F92122034604481A60BDE875
:10906000F84000F023B800BF0000F0FF8C3B01087F
:1090700038B5054600F020F8294604462846F7F79B
:10908000D7FF20B928460021F7F7AAFF08B92046E4
:1090900038BD03F0E3F82122034600211A60084698
:1090A000F7F7B4FE0446204638BD00BF0020014952
:1090B000704700BF0000F87F20F00042B2F1FF4F80
:1090C00070B5044651D2002A4ED00028034655DB25
:1090D00010F0FF4250D15B001802114602F101026C
:1090E000F9D549420024C3F316024FF0190EA1F13D
:1090F0007F034FF0807CC907214642F4000258BF2D
:1091000052005E10520001EB0C039342CFBF134696
:1091100003EB0C016444D31ABEF1010E4FEA430283
:109120004FEA5C0CEFD1D3B11A4B1B4A1868116897
:109130001A681546F7F7ACFC01462846F7F75AFFC0
:1091400068B1144B144A186811681B681D46F7F77C
:10915000A1FC01462846F7F743FFB0B10234601086
:1091600000F17C5000EBC65070BD0146F7F79AFD48
:109170002146F7F78FFC70BDC115B3E70146F7F73D
:1091800087FC0146F7F742FE70BD013424F001046C
:10919000E5E700BF204001081C4001080000000076
:1091A0002DE9F04FB1F5801F02460B460C4687B003
:1091B00080F2878021F0004E5EEA000E00F02681EA
:1091C0000029C0F280810022D74BF7F75DF90C46E9
:1091D0000B46D6496FF0350C8C42024676DC2015E2
:1091E000C4F3130404F51521A0F2FF3001F66471F5
:1091F000604401F4801100EB115581F07F5181F43E
:10920000401141EA0403104619460022C84BF6F704
:1092100083FFA31CC3F31303022BAB4681468A468C
:109220004FF0000259DC0023F7F796FB002840F0CE
:10923000F680A9A3D3E9002348465146F7F724F95D
:1092400002460B460020BB49F6F766FF4A46064633
:109250000F46534648465146F7F716F902460B4665
:1092600030463946F7F710F94C465546CDE900012E
:10927000BBF1000F1CD05846F7F79CF898A3D3E930
:10928000002306460F46F7F7FFF897A3D3E900231C
:1092900004460D4630463946F7F7F6F802460B46C7
:1092A000DDE90001F6F738FF4A465346F6F734FF8A
:1092B00002460B4620462946F6F72EFF07B0BDE8CA
:1092C000F08F9A494FF0000C8C4288DD1046194609
:1092D000F6F724FF07B0BDE8F08F4FF08043F6F7B4
:1092E0001DFF02460B4648465146F7F7F7F9074679
:1092F00028468846F7F75EF83A46CDE9040143462A
:1093000038464146F7F7C0F802460B46A4F5C22599
:10931000A5F27A45CDE900230295F7F7B5F874A3D5
:10932000D3E9002305460E46F7F7AEF872A3D3E95A
:109330000023F6F7F3FE2A463346F7F7A5F870A3A5
:10934000D3E90023F6F7EAFE2A463346F7F79CF8FE
:109350006DA3D3E90023F6F7E1FEDDE90023F7F77B
:1093600093F86BA3D3E90023CDE9000128463146E9
:10937000F7F78AF868A3D3E90023F6F7CFFE2A4669
:109380003346F7F781F866A3D3E90023F6F7C6FE64
:109390002A463346F7F778F80B460246DDE9000126
:1093A000F6F7BCFEC4F5D724029B51341C43002CB5
:1093B00005460E4650DD00225E4B48465146F7F703
:1093C00063F84A465346F7F75FF802460B462846CD
:1093D0003146CDE90023F6F7A1FE3A464346F7F7BA
:1093E00053F80A460146CDE90212BBF1000F40F0E6
:1093F000A58013460246DDE90001F6F78DFE024620
:109400000B4648465146F6F787FE63E700220023E5
:1094100000204949F7F762F907B0BDE8F08F284608
:10942000002D00F0A280F6F7C5FF2DA3D3E900239D
:1094300006460F46F7F728F82BA3D3E90023044686
:109440000D4630463946F7F71FF802460B462046D0
:109450002946F6F763FE3DE70B460246514648466D
:10946000F6F75AFE3A464346F7F70EF84C4655468D
:10947000CDE90001BBF1000F3FF41AAFDDE904456F
:1094800017A3D3E9002320462946F6F7FDFF16A3CC
:10949000D3E9002306460F4620462946F6F7F4FF97
:1094A00002460B46DDE90001F6F736FE4A46534612
:1094B000F6F732FE02460B4630463946F6F72CFEEA
:1094C00007B0BDE8F08FF6F727FE00220023F7F77C
:1094D00005F9FFE6AFF30080555555555555D53F75
:1094E0000000E0FE422EE63F763C7935EF39EA3D5A
:1094F00044523EDF12F1C23FDE03CB966446C73FC3
:10950000599322942449D23F935555555555E53FDB
:109510009FC678D0099AC33FAF788E1DC571CC3FE6
:1095200004FA97999999D93F00005043FFFFEF7FC4
:109530000000F03F0000E03F000050C3DDE90445BB
:109540000BA3D3E9002320462946F6F79DFF0AA383
:10955000D3E9002306460F4620462946F6F794FF36
:10956000DDE90223F6F7DAFD9AE700200021B1E6F3
:109570000000E0FE422EE63F763C7935EF39EA3DC9
:1095800003685A004CBF43F0004323F000431844E3
:10959000704700BF2DE9F04739B301F1FF3990461C
:1095A00006464F460025E91901EBD171491006EB3B
:1095B000C10A5046FFF7E4FF89454FEAC1040ED0C7
:1095C000404504F1080030440BD8FFF7D9FF0138BB
:1095D000404501F10105E6D35046BDE8F08740451E
:1095E000FAD98D4201D04F1EDDE74FF0000A5046F8
:1095F000BDE8F087012806D0022802D028B9044827
:10960000704704487047044870470020704700BF07
:10961000D99C0008E99C0008E19C000810B5234B88
:10962000044684B08A1E43B3104603A90192AFF3E7
:109630000080E8B10399019AFFF7ACFF0146B8B189
:10964000FFF79EFFA0644B68012B2BD0002B26DB7D
:10965000081DFFF795FF002323650368E064002BD6
:1096600012DBFFF78DFF03460020236104B010BD1D
:1096700000230920236104B010BD0D4B0D4918468D
:10968000C91AC9100391D7E7C3F30360FFF7B2FF0C
:10969000031E0CBF09200020236104B010BD01236C
:1096A000081DD9E700230520DFE700BF0000000008
:1096B000F8430108B8450108036810B5DA07044605
:1096C00006D49B0700F1500009D5F7F701FD236888
:1096D000590709D51A070ED5DB0613D510BDF7F7C4
:1096E000EFFC23685907F5D404F1D800F7F7F8FC2C
:1096F00023681A07F0D404F5AC70F7F7F9FC236877
:10970000DB06EBD404F5EC70BDE81040F7F734BD90
:10971000036803B103441846704700BF704700BF99
:1097200070B504460D462046296CFFF777FF0646C4
:1097300098B9D5F840C02A46214601202369C4F8CB
:1097400014C098470828EED0072806D13046296C67
:10975000FFF7E4FF281DF7F7A7FC00F0E7FD00BFC7
:109760002DE9F04F4FF0000EADF5777D0DF10C0CAB
:109770000F1DD0F80C90D0F818A0064614460FCF55
:10978000ACE80F000FCFACE80F000FCFACE80F0034
:1097900097E80F0002AD8CE80F00C5F800E021E06B
:1097A0002B6C4FF4F472294673617CA8F7F726FE00
:1097B0003146584633697CAA98478A9F2146AF6450
:1097C0008346334601203246CDE9005AC847044655
:1097D00028BB4FF4F47228467CA9F7F70FFEBBF1C3
:1097E000080F19D13046296CFFF718FF09340746D6
:1097F0005FFA84FB0028D3D0A96B3346A9643246B4
:109800000120CDE9005A4BF01001C84738B938465D
:109810000DF5777DBDE8F08FBBF1070F05D0092767
:1098200038460DF5777DBDE8F08F2046296CFFF7AF
:1098300075FF03A8F7F738FCF0B54FF0FF37CB6B97
:10984000FBB00DF1040C0B6401F1040E0E4604464E
:10985000BEE80F00ACE80F00BEE80F00ACE80F0058
:10986000BEE80F00ACE80F009EE80F0000978CE800
:109870000F0006E06A4621462369984708280746F4
:1098800008D120461099FFF7C9FE0028F2D0092020
:109890007BB0F0BD6846FFF70FFF062FF7D13146CA
:1098A0002046FFF73DFF00BF9446C160C0F818C0D6
:1098B000D3F83CC000221946C3F840C0FFF750BFA0
:1098C000436970B50B64C668AEB90A4603690446BD
:1098D0000D46014602209847072805D008280FD1D9
:1098E00029462046FFF71CFF3046296CFFF716FF7C
:1098F000281DF7F7D9FB0122FFF732FF00F016FD14
:1099000000F014FDC26832B1D1F83CC00022C1F8A9
:1099100040C0FFF725BFFFF78FBF00BF052915D84F
:10992000DFE801F00A031403030501207047436CCC
:10993000009A00201360704743B90F2A06D800EB45
:1099400082004368009A002013607047022070472D
:10995000002300B585B00A4603A900911946FFF718
:10996000DDFF039805B000BD052915D8DFE801F03B
:109970000A031403030501207047009B1B6843641E
:109980000020704743B90F2A06D8009B00EB8200E5
:109990001B6843600020704702207047002300B519
:1099A00085B00DF10C0C0392CDF800C00A461946A3
:1099B000FFF7DAFF05B000BD2DE9F0414FF0FF38A9
:1099C000D36BADF5107D0DF15C0E136402F1040C48
:1099D00007460E46BCE80F00AEE80F00BCE80F00DB
:1099E000AEE80F00BCE80F00AEE80F009CE80F00E7
:1099F000CDF858808EE80F0012E00C2116A86A46B8
:109A0000FFF7CCFF314616A8B84778B96946082059
:109A1000049B16AA98470528804609D0092805D036
:109A200068462699FFF7FAFD0028E6D04FF00908AE
:109A300016A8FFF741FE40460DF5107DBDE8F08108
:109A40002DE9F04F1646CA6C0C4652F8041B89B03B
:109A500000F0030C0692E3B102250F0C8DF81D7087
:109A60000904FFB2059102EB8702216DBCF1020FE0
:109A700008BFA26B11F001018DF81C500FD03046C9
:109A800005A900F0CFFA00283AD1082009B0BDE8B6
:109A9000F08F0902032505918DF81D30E5E7D2F816
:109AA0000080B8F1000FEAD0C2469946E046029124
:109AB00000F008010191B9F1020F25D0B2F800A021
:109AC0005788151DA36C0F21304627F0010B9B44CE
:109AD000FFF73EFF834515D82AF001035B4483421C
:109AE00094BF002001207B0003F002030AF0010A6A
:109AF00043EA0A03012B0BD0022B4BD0002B41D0A1
:109B00000920C3E70020EEE7576802F10805D9E70E
:109B1000B8F1000F6CD1A8B16B689A1CF0D004F1B9
:109B2000580701332A68049700F0C880281DFFF702
:109B3000EFFDD20F014604AB2046AFF300800028B2
:109B400040F0938005F10802D2F800A0BAF1000FAE
:109B5000B1D1304605A900F065FA0028D0D1029BAA
:109B6000002B92D00F213046FFF7F2FE0E21024665
:109B70003046FFF713FF0F213046564AFFF70EFF1E
:109B8000072083E7B8F1000F02D0002840F084805E
:109B90002A1DD9E72F6827F0004BB8F1000F0ED12E
:109BA00028B1019B002B3BD0BBF1000F38D0002F18
:109BB00000DA04350BF1010305EB8302C4E70D2144
:109BC0003046FFF7C5FED4F820A08245EFD1A26A47
:109BD0009542ECD100270422C4E90B72AA18C4F8FC
:109BE00028B062632A68BA426EDB01230293E1E780
:109BF0000D213046FFF7ACFE276A8742A2D1A36A47
:109C00009D429FD12846FFF7BBFC0F2102463046FC
:109C1000FFF7C4FE224600213046FFF7BFFEAFE744
:109C2000CDF80C800027A04605F1040A58340CE05A
:109C300050460494FFF76CFD0022014604AB4046F9
:109C4000AFF300800AF1040A08BB5F4507F1010782
:109C5000EED10D213046FFF77BFE0246049B062025
:109C6000C8E90823C8F8285010E701900D213046B4
:109C7000FFF76EFE019A049F022A08BFE762206286
:109C800008BF04F12C070620C4E90975FEE6444626
:109C90002F68DDF80C808AE72846FFF771FC043551
:109CA0000746A5632046AFF3008000283FF428AFA5
:109CB0003A460F213046FFF771FE61E70D2130462D
:109CC000FFF746FE2062DEE70BF1010205EB8200A2
:109CD00099E700BF000000000023FFF7B1BE00BFFE
:109CE0000123FFF7ADBE00BF0223FFF7A9BE00BFEF
:109CF0002DE9F0430446C5B0052908D8DFE801F096
:109D0000162E07749B0B1144102940F2BF800220CD
:109D100045B0BDE8F083002AF9D1A36B53F8042BBA
:109D20006264A363002045B0BDE8F083002BEED150
:109D30004FF0010EA16B1FFA82FC251D0EFA03F0F5
:109D400010EA0C0F1CBF51F8040B45F82300013337
:109D5000102BF3D19304E5D4A163E3E7110C012B9D
:109D60000E4692B2CFD0052BD1D111442029CED8A6
:109D70000F2E40F2CA80002AD4D0216890464F07A7
:109D800040F12581204621F0040140F8D81B0093C2
:109D9000F7F7AAF902A80546F7F7A6F9D4F838E0CC
:109DA000009B102E31464FEA480238BF1021013A7D
:109DB0001746704605EBC101843950F804CB013ACF
:109DC000B2F1FF3F41F804CFF7D10EF1040E012BA1
:109DD0000EEB870200F0F2800F2EA26340F2F980B2
:109DE0002846F7F77DF99DE7032B90D193B21E46E5
:109DF00003EB1243102B4FEA124888D823681F0741
:109E000000F1B18022AD2846F7F794F92F46A16BF7
:109E100073005EB105EBC802013B881A1558013B7F
:109E200042F8045B5D1CF9D101EBC6013846A16321
:109E3000F7F75EF976E7002B7FF469AF102A3FF65B
:109E400066AF2368DD0600F1848022A80092F7F750
:109E50009DF900234FF0010ED4F838C0009A22AFCC
:109E600022A80EFA03F1114203F1010304D0614666
:109E700051F8045B8C460560042B00F10400F0D11E
:109E80003846C4F838C0F7F777F94BE7102E3FF49F
:109E90003EAF2168C8070AD5204621F0030140F8EB
:109EA000501BCDE90023F7F70FF9DDE9002322A8C5
:109EB000CDE90023F7F708F9009AD4F838E022AF8B
:109EC000002A7DD04FF00008019B5200013A9146D4
:109ED000704607EBC601043950F804CB013A551C13
:109EE00041F804CFF8D10EF1040E0EEB890EB8F153
:109EF000000F40D1012B63D00F2EC4F838E03FF69D
:109F000011AF3846F7F7E4F80CE72068102900F0A5
:109F1000010C32D8BCF1000F0CD020F0010120461A
:109F200041F0020140F8501BCDE90023F7F7D4F8C7
:109F3000DDE9002322A8CDE9002322AFF7F7CCF812
:109F4000DDE90023002ADCD04FF00008D4F838E027
:109F5000BBE723F01003236004F5EC700092F7F7E1
:109F600015F9009A71E723F00803236004F5AC703B
:109F7000F7F7E0F846E702AD13E7A1F11008BCF1EE
:109F8000000F0BD020F00102204642F0020240F800
:109F9000502B0093F7F7A0F82068009B42071CD4D1
:109FA000009322A8F7F798F802A8F7F79DF8A26B9C
:109FB000009B964622AFC6F1100286E7964622AF76
:109FC0000EF104033846A363F7F77AF8AAE6009384
:109FD000E0E622A8F7F77CF802E720F0040220462A
:109FE00040F8D82B0093F7F77FF8DAE7027A0346B8
:109FF0007AB9427AA2B14FF0030C4168013A427239
:10A0000008680A1D5A60020283F808C0000E1A6030
:10A0100070470068013A1A7202021A60000E704717
:10A02000B02070472DE9F04106460D464FF000087C
:10A0300086B02846FFF7DAFFB028044600F0198101
:10A0400007065BD500F0F003A02B1AD030D8802B88
:10A0500000F08180902B27D100F00D030D2B23D031
:10A06000002304AF194600F00F0200973046FFF7B7
:10A0700055FC00230D22194630460097FFF774FC6B
:10A08000D7E7C3434FF47F6203F007031A4100236D
:10A09000010702F47F6248BF42F48042304619460D
:10A0A000FFF726FE0028C4D0092006B0BDE8F081E5
:10A0B000B02B66D0C02B3CD1C62800F0CF80C7287B
:10A0C00000F0DC8000F0F803C02B00F0E980C82825
:10A0D00000F0F480C928E7D12846FFF787FF012167
:10A0E000020300F00F00084402F47022024305232B
:10A0F0003046FFF7FDFD00289BD0D5E78300DBB29B
:10A1000004330393002304AF19460D223046009711
:10A11000FFF704FCDDE9033260064CBFD21A9A183F
:10A120000023049230460D2219460097FFF71CFCCD
:10A130007FE700F0F803D02BB6D100F00702013220
:10A1400005230121304642F40022FFF7D1FD00280B
:10A150003FF46FAFA8E72846FFF748FF40EA042026
:10A16000B0F5004FA0D00023040119463046A2B23A
:10A17000FFF7BEFD002897D1C4F3C03048EA0008BD
:10A1800057E7A0F1B103042B00F2BD80DFE803F034
:10A190005429160C0300002305AA009230460D2214
:10A1A0001946FFF7BBFB44E70023052130461A465A
:10A1B000FFF79EFD00283FF43CAF75E72846FFF708
:10A1C00015FF0123020300F00F0002F4702218446F
:10A1D000024319463046FFF78BFD00283FF429AFB4
:10A1E00062E7002304AF0D22194630460097FFF7BF
:10A1F00095FB2846FFF7FAFE02064FF00203049C87
:10A200000DD500F07F00984004440733284603939F
:10A210000494FFF7EBFE10F0800F039BF1D1984000
:10A22000002304F50174204404900D2230461946A1
:10A230000097FFF799FBFCE62846FFF7D7FE431E81
:10A24000DBB20E2B3FF630AF0023024619463046F4
:10A25000FFF74EFD00283FF4ECAE25E72846FFF758
:10A26000C5FE020300F00F00032302F47022013048
:10A27000AEE7B8F1000F36D0002016E72846FFF70A
:10A28000B5FE431EDBB20E2B3FF60EAF0246002397
:10A2900004213046FFF72CFD00283FF4CAAE03E747
:10A2A000032300F00F0201323046194642F4202207
:10A2B000FFF71EFD00283FF4BCAEF5E62846FFF789
:10A2C00095FE012100F0F00200F00F0002F11004F1
:10A2D00042180523304642EA0432FFF709FD002800
:10A2E0003FF4A7AEE0E604AC434641460E223046BA
:10A2F0000094FFF713FB0F2243464146304600947B
:10A30000FFF732FBB8E700F0FC03B42B3FF4CCAE10
:10A31000012300F007021A443046194642F4002295
:10A32000FFF7E6FC00283FF484AEBDE6062008B542
:10A3300001F0E0FE0120F7F79BFD00BF002101F0D6
:10A3400093BB00BF024B0146186800F00BB800BF7A
:10A35000C0060020024B0146186802F057B800BF43
:10A36000C00600202DE9F04F01F10B02162A8146AC
:10A3700085B024D8102900F2A88000F0B5FA022593
:10A3800018211022B24C21444E68A1F108008642E7
:10A3900000F058817268F168B46822F00302324418
:10A3A000E1608C605168484641F00101516006F15E
:10A3B000080400F09FFA204605B0BDE8F08F32F0A7
:10A3C000070200F1828091427FD8019200F08CFA5E
:10A3D000019AB2F5FC7FC0F0B081530A7DD0042B06
:10A3E00000F26881930903F1390503F138064FEA59
:10A3F000C50E974CA644DEF80470AEF1080EBE45BB
:10A4000007D10DE00028FB6880F20B819E4507D044
:10A410001F46796821F00301881A0F28F2DD3546BE
:10A4200023698C498B4200F0E9805E6826F00306C0
:10A43000B11A0F2900F3858186480029C4E9040078
:10A4400080F26E81B6F5007F676880F00F81012190
:10A4500001EBD60C7609B14054F83C000F4304EBF5
:10A46000CC0108399860D960676044F83C30C3601B
:10A470000126AB109E40BE4234D83E4206D125F0A4
:10A48000030576003E4205F10405FAD0284604EBA8
:10A49000C50804EBC507F9680FE0D1F804C00B4606
:10A4A0002CF0030EAEEB020CBCF10F0FC96800F3E9
:10A4B0000E81BCF1000F80F223818F42EDD101307B
:10A4C000830707F10807E6D175E10C23C9F80030CE
:10A4D0000024204605B0BDE8F08F4FF4007E4025F3
:10A4E0003F2686E7A768796821F0030393429A46DE
:10A4F00003D3991A0F2900F383805749082009686C
:10A50000564E10311144CDE9011201F0DDFE024634
:10A51000019955424B1E1344834630681D40B0F1EB
:10A52000FF3F18BF29464846019101F06FFE411CCC
:10A530000546DDE9011200F0218107EB0A0C844594
:10A5400000F21A81464B0BF1FF3E18680844186070
:10A5500000F07B81D6F80080CDE90223B8F1FF3FFF
:10A560001BBFA5EB0C0C60443560186015F00700AC
:10A57000019000F03C81C0F1080005446B1803EA2B
:10A580000E015844401A00EA0E06314648469846E5
:10A5900001F03CFE421CDDE9022300F08581401BF6
:10A5A000304440F001011868A7423044A5601860AB
:10A5B000696017D0BAF10F0F40F251810526AAF158
:10A5C0000C0121F0070C7968BCF10F0F01F00101BB
:10A5D00041EA0C01796007EB0C01C1E9016600F268
:10A5E000568169681F4B1E68864238BF18601E4B33
:10A5F0001E68864200D218602F46C1E0676837E7C0
:10A60000BD1841F0010142F001027A604846A560A0
:10A61000696007F1080400F06DF9204605B0BDE857
:10A62000F08FBA683944D3609A604A68484642F06D
:10A6300001024A6007F1080400F05CF9204605B009
:10A64000BDE8F08FCE68B1427FF4A4AE0235E7E6F4
:10A650005800002060000020F0160020500000206C
:10A66000C0160020EC160020E8160020B6F5206F7A
:10A670004FEA56207AD3142800F2CD8000F15C0115
:10A68000C9005B3004EB010C6158ACF1080C8C453F
:10A6900003D1A5E089688C4504D0486820F0030008
:10A6A000B042F7D8D1F80CC0C3E9021CCCF808308E
:10A6B000CB60DDE6142B70D9542B00F2B480130B61
:10A6C00003F16F0503F16E064FEAC50E91E69D1882
:10A6D00042F001025A609E68814AF1608E60C4E9CE
:10A6E0000455C5E902224CF001026A60484643F86D
:10A6F0000EC0019300F0FEF8019B03F10804E8E6A8
:10A700001C469E44DEF80430484643F00103CEF870
:10A71000043054F8083FD9608B6000F0EBF8D8E6BD
:10A720001E447268484642F001027260019300F0D4
:10A73000E1F8019B03F10804CBE6D50802F108011A
:10A7400020E69D1842F001025A60654AC4E90455AA
:10A75000C5E9022241F001026A604846995101931D
:10A7600000F0C8F8019B03F10804B2E6B00900F15B
:10A770003901C900383085E7A7425FD0A7687968FA
:10A7800021F003009042A0EB020102D30F293FF712
:10A7900037AF484600F0AEF89AE603F15C0503F1E6
:10A7A0005B064FEAC50E24E6414651F808398B4254
:10A7B000884640F0928015F0030F05F1FF35F3D184
:10A7C000636823EA0603636076009E423FF68AAE22
:10A7D00016B987E6760004301E42FBD0054655E6E2
:10A7E0000126801006FA00F0074367605CE705EB7E
:10A7F000010808EA0E01ABEB010606EA0E06314637
:10A80000484601F003FD431C019B04BF40461E4621
:10A81000DDE90223C3E6542824D8300B00F16F0190
:10A82000C9006E302EE7B3F5AA7F24D8D30B03F10D
:10A83000780503F177064FEAC50EDAE5294B0BF1EF
:10A84000FF3E18680844186084E615EA0E0F7FF48E
:10A8500081AEA568514441F001016960C2E601235F
:10A860006B6096E7B0F5AA7F24D8F00B00F1780171
:10A87000C900773006E740F254518B4224D8930C3C
:10A8800003F17D0503F17C064FEAC50EB1E54846AC
:10A8900007F10801CDE9012301F0B8FDA568029B8D
:10A8A00069681868019A9DE601990026083908EB45
:10A8B000010074E640F2545188420AD8B00C00F10D
:10A8C0007D01C9007C30DDE64FF47E7E7F257E264B
:10A8D0008FE54FF47E717E20D4E6636874E700BF95
:10A8E00060000020C0160020014801F0E9BC00BF54
:10A8F00034180020014801F0E5BC00BF34180020E6
:10A900002DE9F04F9DB005460692184600220B46F1
:10A9100000210024CDE904121A4618941792174614
:10A9200012F8018BB8F12D0F5ED801A151F828F073
:10A9300091AB0008E9A90008E9A90008E9A9000805
:10A94000E9A90008E9A90008E9A90008E9A900089F
:10A95000E9A900081DA900081DA900081DA90008F3
:10A960001DA900081DA90008E9A90008E9A9000817
:10A97000E9A90008E9A90008E9A90008E9A900086F
:10A98000E9A90008E9A90008E9A90008E9A900085F
:10A99000E9A90008E9A90008E9A90008E9A900084F
:10A9A000E9A90008E9A90008E9A90008E9A900083F
:10A9B0001DA90008E9A90008E9A90008E9A90008FB
:10A9C000E9A90008E9A90008E9A90008E9A900081F
:10A9D000E9A90008E9A90008E9A900084BAE0008A8
:10A9E000E9A9000863AE000800220792B8F1300F11
:10A9F00000F0948000220892B8F12F0F40F21885E1
:10AA00004FF0000AC14638465646544618E0082C16
:10AA1000C8BF0AEB8A0A00F10100C8BF08EB4A0868
:10AA20001790C8BFA8F1300A90F80080D8BFA2F1F3
:10AA30003006B8F12F0FC14604F1010440F3B48091
:10AA400006EB8602B8F1390F08EB4202DFDD012286
:10AA50008B49099301F0D4FA099B002871D1179909
:10AA60004A1C1792497810468C46002C40F0F7801B
:10AA7000BCF1300F40F0DB85024600210132179215
:10AA800092F800C00846BCF1300F01F10101F5D089
:10AA9000ACF13104082C00F2CC81811C0E91002114
:10AAA00017460124ACF1300E0A91002106EB860610
:10AAB0000EEB460601321792107801F1010CA0F15D
:10AAC000300EBEF1090F00F27B84BEF1000F00F0E2
:10AAD00093870E98BCF1010F60440E9000F08A87B6
:10AAE00004F10108C44609E04FEA49060CF1010CE3
:10AAF000ACEB04000138814240F388840CF1FF394B
:10AB00000AEB8A00B9F1080F4FEA400006EB86090C
:10AB1000EADDBCF1100FD8BF8246E7E77A7802F091
:10AB2000DF02582A00F00D840137179797F800804C
:10AB3000B8F1300FF8D0B8F1000F0ED00122089212
:10AB40005AE7B8F1650F1AD0B8F1450F17D0002CAD
:10AB500032D1089A002A00F0CC804FF000084FF064
:10AB60000009069A0AB1179B1360079BBBB109F154
:10AB700000439946404649461DB0BDE8F08F002C81
:10AB800040F082800A940E94089A002A40F0E782EE
:10AB90004FF000084FF00009069A02B113604046DA
:10ABA00049461DB0BDE8F08F01223549099301F0F7
:10ABB00027FA099B00284ED03046F5F7EBFB092C0D
:10ABC000CDE9040140F3D0820023102CA046A8BF99
:10ABD0004FF01008CDE90E3309930A94294B03EB8B
:10ABE000C80353E91223F5F74FFCCDE904015046A1
:10ABF000F5F7D0FB02460B46DDE90401F5F78EFAC6
:10AC00000F2CCDE9040100F3AF80099B002B00F06D
:10AC1000AB82099B40F39182162B40F38684099AFC
:10AC2000C4F125039342C0F29F80DDE90423154D52
:10AC3000C4F10F0405EBC401D1E90001F5F724FCD0
:10AC4000099B1C1B05EBC405D5E90023F5F71CFC8B
:10AC50008046894685E717994A1C17924978A1F1E1
:10AC60003000092800F2DA800E90002800F0C78634
:10AC70000120DDF838E021460A940E90C8E300BFB9
:10AC8000E83B0108B041010800218E46179A0A945A
:10AC90000E91531C179392F80190B9F12B0F00F00D
:10ACA000BA80B9F12D0F00F0AF804FF00008A9F184
:10ACB000300CBCF1090F38D8B9F1300F179B40F0B8
:10ACC000D5800133179393F80090B9F1300FF8D085
:10ACD000A9F13100082840F2C78000230F9354BB2C
:10ACE000089B0B437FF439AFBEF1000F40F04F8457
:10ACF0001346B9F1690F00F02C8400F32484B9F1F4
:10AD0000490F00F02684B9F14E0F7FF441AF7A4924
:10AD100017A8089301F0D4FF002840F098844FF062
:10AD200000084FF00009089B36E7002317920F93A5
:10AD3000D5E700230F930A9A3046002A14BF134622
:10AD40002346102C0A93DDE90E23A3EB0203A04651
:10AD50000993A8BF4FF01008F5F71CFB092CCDE9AB
:10AD600004013FF73BAF50E7099AA4EB08031344F3
:10AD7000002B40F3A28013F00F0123F00F0940F0E5
:10AD80003583B9F59A7F00F3F383B9F1100F4FEAD9
:10AD9000291800F08A85DDE904014FF0000ADFF888
:10ADA0005C9118F0010F03D0D9E90023F5F76CFB93
:10ADB0004FEA6808B8F1010F0AF1010A09F1080920
:10ADC000EFD1CDE904014D4B03EBCA01059BD1E95D
:10ADD0000001A3F154730593DDE90423F5F754FB57
:10ADE000474BDFF820C10B4063450A46CDE904011B
:10ADF00000F2BE8344498B4240F2D0844FF0FF32D0
:10AE0000424BCDE904235AE04FF00108931C1793FD
:10AE100092F802904BE74FF00008F7E701F0DF01EE
:10AE200045297FF4C9AE00214FF0010E0A940E911E
:10AE30002FE70CF0DF0CBCF1450F7FF48EAE002441
:10AE40004FF0010E0A940E9423E7002207927A1C19
:10AE5000179297F80180B8F1000F3FF499AE1746AA
:10AE6000C4E501220792F2E7A9F1300C581C1790B3
:10AE700093F80190B9F12F0F09DCF1E2013017903E
:10AE800090F80090ABF1300CB9F12F0F06DD0CEB10
:10AE90008C0BB9F1390F09EB4B0BEFDDC01A082809
:10AEA00040F3DE8244F61F630F93B8F1000F3FF4C6
:10AEB00016AF0F9B5B420F9311E740F0D98200233E
:10AEC00008932346394628460A9A009602F0A4F8C9
:10AED0001390002800F04C83DDE90E329B1A099A8A
:10AEE0004FF0000B002AA8BF00230E9322EAE27362
:10AEF0004FF000091293DFE0F83B01088841010898
:10AF00000000F07F0000A07C0000907CFFFFEF7F3E
:10AF1000A149D21A8B42A4EB0204C0F2A9810123F9
:10AF200003FA02F800231093089B26443C44A742EE
:10AF30001E443B46A8BF2346B342A8BF3346002B5E
:10AF400002DDE41AF61AFF1A0E9B002B00F3328181
:10AF5000002C00F34A81099B002B00F37F81002E17
:10AF600000F36E81002F08DD59463A46284602F06C
:10AF70005DFA8346002800F06C81524628461899F5
:10AF800002F0E8FA8146002800F063810023C268DD
:10AF90005946C3600F9202F0BDFA0028C0F2408407
:10AFA000059C00F094835946484602F073FC002249
:10AFB0004FF0804306460F46F5F7E2FC002800F00C
:10AFC000D6800F9B002B40F06081049B002B40F04B
:10AFD000E781C4F31303002B40F084810022304644
:10AFE00039466E4BF5F7C2FC002840F03C83002246
:10AFF0006B4B30463946F5F747FA0B460246CDE92A
:10B00000102301F100430C900D93664A664B2240D9
:10B010009A429046DDE90C6700F03E81089B1BB325
:10B02000B2F1D46F20D85AA3D3E90023DDE910018F
:10B03000F5F7A6FCA0B1DDE91001F6F77DFA0128CD
:10B0400038BF0120F5F7A6F90F9BCDE91001002BC1
:10B0500040F0A48201F1004314901593DDE91467D8
:10B0600007F1D663A3EB0807DDE90A0102F032FB22
:10B0700002460B4630463946F5F706FADDE90A2363
:10B08000F5F74CF80C46CDE90401089B23B9454B74
:10B090002340984500F02F812846189901F060FF61
:10B0A0005146284601F05CFF5946284601F058FFFA
:10B0B0004946284601F054FF139C2846616801F078
:10B0C00029FF8246002800F0C480226904F10C01A7
:10B0D000023292000C30F6F791F91AAB019319ABDA
:10B0E00000932846DDE904341A46CDE90A342346A4
:10B0F00002F074FB1890002800F08080012128469F
:10B1000002F046F88346002800F0A380199B002B2C
:10B11000C0F292800E9A129E9F18089A1A9C9B1A4F
:10B120002344224A013B9342C4F13604FFF6F0AEB9
:10B1300000234FF001081093F6E61633FFF614AE25
:10B14000DDE90E32DDE904019A1A194B03EBC20363
:10B15000D3E90023F5F7C2FA8046894601E5A64601
:10B160000024179A214694E5DDE90489F9E40C4BA3
:10B17000304639460022F5F787F90F9BCDE91001DB
:10B18000002B7DD101F100430C900D933DE700BFF2
:10B190000000C0FFFFFFDF41E3FBFFFF0000F03FC7
:10B1A0000000E03F0000F07F0000E07F02FCFFFFB6
:10B1B000B041010859461A46284602F0DBF8189AB1
:10B1C0008346002800F06C830146284602F00EF802
:10B1D0001899002800F060830F90284601F0C0FE07
:10B1E0000F9B002C18937FF7B6AE2246284618997D
:10B1F00002F01CF9189000287FF4ADAE56460146C7
:10B200005C46CA4622234FF00008DFF8C4922B6048
:10B21000284601F0A5FE3146284601F0A1FE214650
:10B22000284601F09DFE2846139901F099FE5146EB
:10B23000284601F095FE94E4129A0E9FD61A6CE708
:10B2400051463246284602F0F1F8824600287FF443
:10B2500089AE56465C46CA461899D3E751462846F9
:10B26000129A02F087F8824600287FF478AEF0E761
:10B270000121984A8846D21A01FA02F3109353E644
:10B28000DDE91023CDE90C23BFE60022924BCDE986
:10B290000C23CDE91023B8E6A4F154730593DDE93E
:10B2A00004673046394602F015FADDE90C23F5F75C
:10B2B000EBF832463B46F4F731FF854B874E0B40A7
:10B2C000B342CDE9040140F28D80DDE90A01844BEF
:10B2D000994201D10130BCD04FF0FF33804CCDE911
:10B2E0000434D9E600227F4BCDE90C2300227A4BAF
:10B2F000CDE9102389E6DDE910673046394607F0CD
:10B3000089FFF5F793F802460B4630463946F4F7C5
:10B3100003FF0F9B049AC4F313041343234306460D
:10B320000F462BD164A3D3E90023F5F71FFB0028B8
:10B330003FF4B2AE5C465646CA46DDE90489189928
:10B3400066E7079B0290019318AB00932846664A74
:10B3500019AB17A901F0BAF910F00F0604463FF433
:10B36000FCAB062E40F01F81002301374FF0000890
:10B370004FF0000907931797FFF7F3BB50A3D3E9EA
:10B380000023F5F7F3FA0028D4D14FA3D3E9002323
:10B3900030463946F5F708FB00283FF47DAEC9E793
:10B3A000049B012B9ED1002C9CD156465C46CA467C
:10B3B00022234FF000084FF0000918992B6027E76F
:10B3C00000F0DF00452800F0DB80002C7FF4B1ACFA
:10B3D000089A4FF0000811434FF000093FF4DCAB2E
:10B3E000FFF7BFBB01F1547405944EE63F48DDE919
:10B3F000042300EBC101D1E90001F5F745F8CDE9DF
:10B400000401B9F1000F3FF45AADBAE401394144E7
:10B41000082901F101047FF748AB102CD8BF0AEBD3
:10B420008A0A4FF00001D8BF0EEB4A0AFFF742BB71
:10B43000012238462E49099300F0E2FD099B48B9E4
:10B4400082461798564602460130179092F801C07E
:10B45000FFF70EBB089A002A3FF49AABFFF77DBBBB
:10B4600044F61F639C45A8BF9C46CDF83CC01CE534
:10B470005B424FEA231813F00F030ED0DDE90401FD
:10B480001A4A02EBC303D3E90023F5F727F9CDE904
:10B490000401B8F1000F3FF412ADB8F11F0F00F333
:10B4A0007981DDE9040118F0100318BF6A23DFF881
:10B4B0004490089324E000BF9535A094FFFFCF3F50
:10B4C0009535A094FFFFDF3F35E5AF350000E03F45
:10B4D0000000F07FE2FBFFFF0000F03FFFFF9F7CDA
:10B4E000FFFFEF7F0000F0BF38400108B0410108C6
:10B4F000E83B0108504001084FEA680809F10809D3
:10B5000018F0010F06D14FEA680809F1080918F090
:10B51000010FF1D0D9E90023F4F7B6FF5FEA68081C
:10B5200000F0AF8009F10809F1E70998A949DDE9C0
:10B53000042301EBC001D1E90001F4F7A5FF804627
:10B540008946FFF70EBBB9F16E0F3FF4E0ABFFF792
:10B550001FBBA14917A8049301F0B2FB002840F0DB
:10B56000A8804FF000084FF00009049BFFF714BBC0
:10B5700022232B604FF00008DFF86092FFF7F1BA4A
:10B58000002C00F04B824FF0010EFFF782BB4FF012
:10B5900000084FF000091346FFF7FEBADDE910344A
:10B5A000CDE914345AE5189A3AB135211AA802F0B7
:10B5B0009FF92846189901F0D3FC013E042E00F2B1
:10B5C0003E82DFE806F0032E2B2003001A9B049333
:10B5D000199B03F233421B9B23F4801343EA02536B
:10B5E0000593E20502D543F0004305937B4ADDE96C
:10B5F00004891A40002A7FF4B4AA00F02FFE222307
:10B600000360FFF7AEBA4FF0FF326FF00043CDE9B1
:10B610000423E3057FF5A8AD059BE4E76F4B059395
:10B62000F7E7DDE91A121B9BCDE90412D9E7ACF16B
:10B630003102082A20D92CF0200CBCF1450F7FF4F0
:10B6400009AF002201240A920E92FFF79DBA179BC0
:10B650001B78282B00F0D0806148FDF727FD80463D
:10B660008946FFF77EBA00225E4BCDE90C2300220B
:10B670005D4BCDE91023C8E4012102460E91FFF78E
:10B680000EBA089BCDE90401002B7CD0C1F30A520D
:10B69000C2F16B03002B76DD1F2B6CDD342BCDF854
:10B6A000108040F387814FF05C7305936A23089301
:10B6B00007E4179B4D49013B17A8179301F000FBC6
:10B6C00000287FF457AF179B0133179352E72746A3
:10B6D0000F9A5646C646CA46DDE90A895C46DDF839
:10B6E00040C04349C7F31303002A5CD08B4200F0EB
:10B6F0001681BCF1000F00F00C811CEA070F36D058
:10B700004046494601F0E6FF089B002B00F01481FB
:10B71000C7F30A57C7F16B07002F40F374813F0549
:10B7200007F17F53002203F54013F4F7ADFE024604
:10B730000B4640464946F4F7F1FC804689464046B0
:10B7400049462C4B0022F4F79FFE244B80460B40C9
:10B750008946002B7FF4F3AD22232B60EFE5BCF18B
:10B76000000F00F0AC801CEA070F40F0AC80089B93
:10B77000002BE4D1E3E54FF0FF3202FA03F303407C
:10B780000493DDE9040100220023F5F7E5F8002821
:10B790003FF497AB22232B60FFF7DFB902F154731C
:10B7A0000593FFF78CBB002B40F08480DDE9041289
:10B7B0000B460029D3D1089B002B00F0EB80DFF86B
:10B7C0001CB007EA0B0BBBF1D66F58D8BBF15C7FFE
:10B7D000B5D8EDE5B0410108EC3B01080000F07F71
:10B7E0008C3B01080000E0BF0000E03FF03B010897
:10B7F000FFFF0F0000005039974917A81AAA01F05F
:10B8000083FA05287FF428AF1B9B43F0FF4343F4E2
:10B81000E00305931A9B0493DDE90489FFF7A1B9BE
:10B820000F9BDDE90401034356465C46CA46DDE949
:10B830000A899CD1C1F313030F46002B97D121F045
:10B84000004B4FEA1B5B4FEA0B5BBBF1D66F8ED907
:10B85000DAF814201AB9DAF81020012A87DD5146E7
:10B860000122284601F0E2FD2146824601F052FE07
:10B8700000287FF77CAF089B002B00F08B80ABF596
:10B8800080136FEA13536FEA035305934FF0FF33AE
:10B890000493DDE9048952E756465C46CA46B1E4A2
:10B8A000564611465C46CA46ACE44FF0000A6B4B64
:10B8B000FFF78ABABCF1000F7FF455AF049B1EEA74
:10B8C000030F3FF454AF4046494601F003FF089B85
:10B8D000002B4FD0C7F30A57C7F16B07002F40F377
:10B8E0009A803F0507F17F53002203F54013F4F7D8
:10B8F000CBFD02460B4640464946F4F70DFC0022BC
:10B90000002380468946F5F727F800283FF417AF53
:10B910004EE5049B1EEA030F3FF429AFF0E6089BB7
:10B9200004999BB9481C18D0BCF1000F6ED01CEADA
:10B93000070F3FF404ADE3E602460B464046494696
:10B94000F4F7ECFB89468046189961E4444B3B4090
:10B95000B3F1D46F38D94A1C3FD1424B9F4263D0D8
:10B960003F4B3B4003F58013059300230493DDE92F
:10B970000489FCE602460B4640464946F4F7CCFBF8
:10B980000022002380468946F4F7E6FF00283FF4B2
:10B99000D6AC0DE5324B18993B40A3F580136FEA06
:10B9A00013536FEA035305934FF0FF330493DDE91C
:10B9B00004892DE44FF0FF33C2F14B0293400B405A
:10B9C0000593DDE90401DEE64FF0FF301B0DC3F106
:10B9D0006B0300FA03F39942BFD0BCF1000F04D00F
:10B9E0001CEA070F3FF4ABAE8AE611EA0E0F3FF4F4
:10B9F000A6AE85E621460BE56146FFF75BB801215F
:10BA00000A94FFF757B802460B4692E611EA0E0F6A
:10BA10003FF495AC74E602460B466CE700297FF4D0
:10BA2000B2AD0124FFF7B0B8013199D122234FF014
:10BA300000081899DFF828902B60FFF7E9BBE105B3
:10BA400005D54FF000430593DDE90489D5E54FF0B6
:10BA500000084FF00009D0E52440010888410108A2
:10BA60000000F07FFFFFEF7F84460A460249034B48
:10BA700008686146FEF744BFC00600206C04002041
:10BA8000024A0349034800F0C9B800BF600400201F
:10BA90005DFD0008C80600200C4B416810B59942B6
:10BAA000044601D004F05AF9A168094B994202D02A
:10BAB000204604F053F9E168064B994204D0204631
:10BAC000BDE8104004F04AB910BD00BFF4160020D4
:10BAD0005C170020C41700202DE9F843002504233B
:10BAE000304C314A3149DFF8C890DFF8C880324F16
:10BAF000324E116004F15C0029460822C4E9033586
:10BB0000C4E90055C4E90555A560656600F034FA3E
:10BB100004F15800C4E90749C4E90987E66200F066
:10BB2000CBFB274B2946082204F1C4006367C4E914
:10BB30001A55C4E91E552567C4F8CC50C4F8805086
:10BB400000F01AFA04F1680304F1C000C4F884306C
:10BB5000C4E92298C4E9247600F0AEFB194B2946CB
:10BB600004F596700822C4F8DC30C4E93455C4E901
:10BB70003855C4F8D850C4F83451C4F8E85000F02F
:10BB8000FBF904F1D003C4E93D87C4F8F09004F553
:10BB90009470C4F8FC60C4F8EC30BDE8F84300F0E1
:10BBA0008BBB00BFF41600202C18002081BA0008BF
:10BBB000E9BE00080DBF00084DBF000871BF0008B6
:10BBC000090001001200020010B504460A4800F006
:10BBD00077FB636B23B9094B094A1B68626323B186
:10BBE000BDE81040044800F06DBBFFF775FFBDE8ED
:10BBF0001040014800F066BB3C1800202C180020C3
:10BC000099BA0008014800F05BBB00BF3C18002057
:10BC1000014800F057BB00BF3C1800202DE9F84355
:10BC200080460F464FF0000916467568013D11D455
:10BC3000B468A389012B08D9B4F90E30013304D0BC
:10BC400021464046B84749EA0009013D6B1C04F112
:10BC50006804EED13668002EE7D14846BDE8F88387
:10BC60000FB400B5074A83B004AB106853F8042B37
:10BC70008168019301F094FE03B05DF804EB04B019
:10BC8000704700BFC006002030B5054689B00846A1
:10BC90000C4600F027FB012302222A49CDE904408B
:10BCA000079318446B6B069104A9CDE90112AC68A7
:10BCB0000390002B3ED0636EB4F90C20D8071CD53E
:10BCC000910423D442F4005223F40053A28163660A
:10BCD000990433D42846214601AA04F069F90028C2
:10BCE00014BF4FF0FF350A25636EDA0702D4A3892B
:10BCF0009B0510D5284609B030BD900511D591049B
:10BD0000E0D59B04E6D54FF0FF35F0E79B04E1D585
:10BD10004FF0FF35EEE7A06D00F0D4FA284609B0E9
:10BD200030BDA06D00F0CCFAB4F90C20636E900425
:10BD3000CED4C7E72846FFF747FFBCE74FF0FF35F3
:10BD4000D3E700BFFC3B0108024B01461868FFF730
:10BD50009BBF00BFC00600202DE9F041614D0446A5
:10BD60002F6890460E461D4684B01FB17B6B002B9A
:10BD700000F0A180B8F1020F06D0B8F1010F00F277
:10BD80009E80002DC0F29B80636EDB073ED521466E
:10BD9000384604F0D5F8216B41B104F140039942D3
:10BDA00002D0384600F032FB002323630022B4F9AE
:10BDB0000C30A2611906626056D423F44A6323F062
:10BDC0000303B8F1020FA38155D003AB21463846D7
:10BDD00002AA04F0D1FAA3891843A081EDB1EEB113
:10BDE0007B6B43B3029AB4F90C30AA421CBF43F4F4
:10BDF0000063A381B8F1010F21D01807C4E90465DD
:10BE0000266025D5D9074BD4A56023E0A3899805E2
:10BE1000BDD4A06D00F054FAB9E7029D2846FEF7A4
:10BE200091FA064600284DD0A38943F08003A381F0
:10BE30007B6B002BD6D13846FFF7C6FED2E7C4E9AC
:10BE4000046543F0010226601E07A28129D413462F
:10BE50000022A260626ED20701D49B0527D500257F
:10BE6000284604B0BDE8F0813846216900F0CEFADA
:10BE7000B4F90C30A1E700250020012104F14302B0
:10BE800022602261626E43F00206D207A681A060A2
:10BE90006161E5D49F05E3D4A06D00F013FADFE7FC
:10BEA0001A4600216D421346A561A160D2E7A06D3C
:10BEB00000F008FAD3E73846FFF786FE5AE74FF05E
:10BEC000FF35CDE7029BAB4207D018460193FEF742
:10BED00039FA019D06460028A6D14FF0FF35B4F986
:10BEE0000C30C9E7C006002010B50C46B1F90E10A1
:10BEF00000F060F9002803DB236D0344236510BDC7
:10BF0000A38923F48053A38110BD00BF2DE9F04124
:10BF10001F46B1F90C301646DA050C4605460BD41F
:10BF200023F48051A1813B4632462846B4F90E10D5
:10BF3000BDE8F04100F07CB902230022B1F90E10F7
:10BF400000F022F9B4F90C30EAE700BF10B50C4656
:10BF5000B1F90E1000F018F9B4F90C30421C0EBF04
:10BF600023F4805343F480532065A38110BD00BFA8
:10BF7000B1F90E1000F0F6B830B5840786460346D6
:10BF800006D0A2B303F8011B980702F1FF32F8D1E3
:10BF9000032A26D95FFA81FC0CEB0C2C0F2A0CEB40
:10BFA0000C402AD922F00F0C9C44C3E90000C3E9DD
:10BFB000020010336345F8D112F00C0F02F00F05A8
:10BFC00017D01A464FEA950C0CF1FF3403EB8C0C9A
:10BFD00042F8040B6245FBD1043305F0030203EB86
:10BFE000840322B11A4403F8011B9A42FBD1704624
:10BFF00030BD2A46002AF5D1F9E71546E1E700BF32
:10C000008AB340EA01039B0730B504468E4618D137
:10C01000032A0BD815E0043A23D01CF0803F20D12E
:10C02000032A01F1040E00F1040422D92368DEF88A
:10C030000050A3F10131AB4221EA030C20467146C6
:10C04000E9D003780C78A3420FD1013A024406E00C
:10C050006BB110F8013F11F8014FA34205D1904296
:10C06000F6D1002030BD10467047181B30BD184671
:10C0700030BD20467146E4E7024A0123126850327F
:10C0800000F002B8C006002030B5154620B3864641
:10C090004C1E7246A44612F8010B01E0884214D0EF
:10C0A0001CF8011F0029F9D1E0B11046A44610F890
:10C0B000011B00E063B11CF8013F9942FAD149B17C
:10C0C000002313702860704630BD73B19646E0E7D8
:10C0D0000246EAE70846F5E7D2F800E0BEF1000FB5
:10C0E000D6D100E02860002030BD2A6070468EF86E
:10C0F0000030E9E710B5174B1F281C6882B023D821
:10C10000D4F8F811024671B151F820305BB1012B1F
:10C1100006D0B3F1FF3F12D0002441F820409847E9
:10C12000002002B010BD2046019200F06DF80146DB
:10C130002046019A02B0BDE8104000F051B8162325
:10C140000120236002B010BD16234FF0FF302360A2
:10C15000E7E700BFC0060020014B93F810027047CC
:10C160006C04002038B50023064C054608462360C1
:10C17000FBF71AFE431C00D038BD2368002BFBD010
:10C180002B6038BD301800208C461146002238B58F
:10C19000074C0546226060461A46FBF713FE431C17
:10C1A00000D038BD2368002BFBD02B6038BD00BF0A
:10C1B000301800208C461146002238B5074C054641
:10C1C000226060461A46FBF707FE431C00D038BDCC
:10C1D0002368002BFBD02B6038BD00BF3018002037
:10C1E00038B50023074C0546084611462360F5F78D
:10C1F00035FE431C00D038BD2368002BFBD02B60DC
:10C2000038BD00BF30180020F5F726BE38B5002332
:10C21000064C054608462360F5F730FE431C00D067
:10C2200038BD2368002BFBD02B6038BD30180020B0
:10C230008C461146002238B5074C05462260604600
:10C240001A46FBF79DFD431C00D038BD2368002B28
:10C25000FBD02B6038BD00BF30180020014B1868A0
:10C26000704700BFC006002070B50F4B0F4E9E42B6
:10C2700009D01D460024F61AB61055F8043B0134C7
:10C280009847A642F9D806F0FBFF094E094B9E429B
:10C2900009D01D460024F61AB61055F8043B0134A7
:10C2A0009847A642F9D870BDB8450108B8450108BD
:10C2B000C4450108B8450108704700BF704700BF7A
:10C2C000704700BF704700BF082802D14FF480506C
:10C2D000704708B5FFF7C2FF162203464FF0FF3044
:10C2E0001A6008BD20F0030110F00300C0F1000047
:10C2F00051F8043B00F1040C4FEACC0C6FF0000243
:10C300001CBF22FA0CF213434FF0010C4CEA0C2C28
:10C310004CEA0C4CA3EB0C0222EA030212EACC1208
:10C3200004BF51F8043B0430F4D0C2F1000102EA2A
:10C330000102B2FA82F2C2F11F0200EBD200704792
:10C34000024B13B1024800F005B87047000000002E
:10C35000A1060108002301461A46184604F028BA2F
:10C36000F8B5064608200C46FFF7AEFF07463046F4
:10C37000FEF7BAFA224A93685D6825F00305A5F135
:10C3800011031C1B3C44B4FBF7F4013C07FB04F411
:10C39000A74208DC00213046FFF738FF184A9368AF
:10C3A0002B44984204D03046FEF7A4FA0020F8BD92
:10C3B00030466142FFF72AFF0130114A0DD0114982
:10C3C00093682D1B45F001055D600B6830461B1B13
:10C3D0000B60FEF78FFA0120F8BD00213046FFF711
:10C3E00015FF074A9268831A0F2BDCDD43F0010327
:10C3F0005360054B03491B68C01A0860D3E700BFB0
:10C4000058000020C016002050000020002960D0F5
:10C410002DE9F0410C460746FEF766FA54F804ECA5
:10C420007949A4F1080C2EF001030CEB03028D688E
:10C430005068954220F0030000F087805060151886
:10C440006D6805F001060EF001058DBB54F8084C2F
:10C4500001F1080EACEB040C2344DCF808407445F1
:10C4600066D0DCF80C50E560AC60002E00F08A80ED
:10C4700043F00100CCF804001360B3F5007F32D222
:10C480005809DA08012383404868013203434B60AE
:10C4900051F8320001EBC203083BCCE9020341F83A
:10C4A00032C0C0F80CC03846BDE8F041FEF722BAF1
:10C4B00086B9034401F1080E906843F00104704509
:10C4C00079D0D268C2609060CCF804404CF8033058
:10C4D000D3E770474EF00102B3F5007F44F8042C17
:10C4E0004CF80330CCD3B3F5206F4FEA53224BD234
:10C4F0009A0902F1390002F13804C20088188A58FA
:10C500000838904203D15FE09268904204D05168AD
:10C5100021F003019942F7D8D068CCE90220C0F895
:10C5200008C03846BDE8F041C2F80CC0FEF7E2B9D9
:10C53000AEBB1844D2E90223D3609A6040F00103F5
:10C54000CCF804304CF80000ADE718440EF00103BD
:10C5500043B954F8083CACEB030C1844DCE9022363
:10C56000D3609A6040F00103CCF80430274BC1F847
:10C5700008C01B68834296D8254B38461968FFF7D8
:10C58000EFFE90E7034497E7142A0ED9542A22D8E5
:10C590001A0B02F16F0002F16E04C200AEE743F025
:10C5A0000101CCF8041013607DE702F15C0002F198
:10C5B0005B04C200A2E7C1E904CCCCE902EECCF8EE
:10C5C00004404CF803306EE70123A410A3404C68EC
:10C5D00023434B60A1E7B2F5AA7F06D8DA0B02F13C
:10C5E000780002F17704C20088E740F2545082429A
:10C5F00006D89A0C02F17D0002F17C04C2007DE7AE
:10C600004FF47E727E2479E7580000205400002009
:10C61000F01600202DE9F041D0F810E0BEEB611FCC
:10C6200005DC0023036100234361BDE8F08100F1D4
:10C6300014044E1111F01F0C04EB8E0504EB86035D
:10C6400027D054F8261004339D4221FA0CF137D933
:10C650002746CCF120081A6802FA08F20A4347F884
:10C66000042B53F8041B9D4221FA0CF1F3D8AEEBD6
:10C67000060E4FEA8E0EAEF1050E4FEA9E02231D06
:10C680002EF0030E43F822109E4489B10EF1040EE1
:10C690000EE09D4288BF00F11002C2D953F8041B7E
:10C6A0009D4242F8041FF9D8AEEB060E04EB8E0E45
:10C6B000AEEB04039B10A6450361B4D0BDE8F08146
:10C6C00041610029ADD0A646E0E700BF2DE9F04F5B
:10C6D0008B46096885B002938B789246302B009088
:10C6E00040F01C82CA1C13781446302B02F1010260
:10C6F000F9D0A4EB0108A8F10208B04EF35C002BBE
:10C7000000F0EE80002322781D46B25C002A00F083
:10C710006E81274617F8012FB25C002AFAD1012258
:10C720003846A7490193FFF76BFC019B814600281F
:10C7300050D03A78002D00F0C781A5EB07094FEAE9
:10C74000890902F0DF02502A3D4650D0CBF8007034
:10C75000002B74D12A1B013A072A194604DD521016
:10C76000072A01F10101FADC009800F0D3FB8346AF
:10C77000002800F09A8200F11407AC42019780F083
:10C780000182CDF80C904FF00008A14600240CE087
:10C79000202C19D0214604342A78B25C02F00F0212
:10C7A0008A4048EA02084D4552D015F8012D2E2A3C
:10C7B000EED14D45ECD3012228468149FFF720FCFC
:10C7C0000028F0D0202CE5D1002147F8048B042468
:10C7D0008846E1E7002D00F094813A78A5EB07093F
:10C7E00002F0DF02502A3D464FEA8909AED16A784D
:10C7F0002B2A00F067812D2A40F0E4800120AA78DE
:10C80000AF1CB15C4A1E182A00F2E4807A78103915
:10C81000B25C013752B90BE001EB810102EB41023E
:10C82000A2F1100117F8012FB25C0AB1192AF3DD49
:10C8300000B149428944CBF80070002B8AD0B8F18E
:10C84000000F0CBF06240024204605B0BDE8F08F81
:10C85000DDF80C90019B47F8048BFF1ABB10404693
:10C86000CBF8103000F02CFCDAF80050C0EBC70019
:10C87000A84255DCC0F22A81DAF808304B45C0F2F4
:10C880001881DAF80430994580F2A680A3EB0909F3
:10C89000A94570DA09F1FF34002C40F08681264664
:10C8A00001230199621151F8222004F01F04A340D2
:10C8B000134249465846A5EB090500F08581FFF76C
:10C8C000A9FEDAF80C40DAF80490022C00F0398165
:10C8D000032C00F09381012C00F08C8112247CE069
:10C8E000012220463649FFF78BFB0346002840F023
:10C8F00080806278651CB15C00297CD0302A2C468F
:10C9000040F07E8114F8013F302BFBD0F25C4FF0F9
:10C910000108B2FA82F35B09002A7FF4FAAE66E0FE
:10C92000441B2146584601F00BF8064678B1012613
:10C93000621E0199531151F8231002F01F0306FAE9
:10C9400003F30B4203D0B24200F3358102262146A5
:10C950005846FFF75FFEDAF80830A1444B45C0F2B5
:10C96000A880DAF804304B4540F3DC80A3EB0909DA
:10C970004D4500F30B81DAF80C20022A43D0032A3C
:10C9800000F02C81012A41D1A9453FD1B9F1010F15
:10C9900008D0584609F1FF3100F0D2FF002835D009
:10C9A000DAF804300122029962240B60019BCBF873
:10C9B00010201A600E9BC3F800B045E778400108CC
:10C9C000E83B0108B15C00204A1E182A05F1010766
:10C9D0007FF61CAF2F46B9E6012420460E9BC3F814
:10C9E00000B0029BC3F8009005B0BDE8F08F274669
:10C9F00095E62546227802F0DF02502A00F0EA8010
:10CA0000CBF800501BE70F9A002ACBD05024009897
:10CA1000594600F0A5FA002320460E9A136005B08F
:10CA2000BDE8F08FDBF808309E4280F2EC800122F6
:10CA3000022C06EB02000BEB8606CBF81000DDF8AB
:10CA40000480726100F0CF80002840F30281DBF89F
:10CA5000143008EB80000BF1180188424FEA5303B1
:10CA600040F2178144460A6843EAC27344F8043B23
:10CA700051F8043B88424FEA5303F4D8A0EB0B0271
:10CA8000193A08F10401900822F0030241F820301D
:10CA90000A4403B10432A2EB08039B104245CBF8D1
:10CAA000103000F0D980DAF8083009F101094B455F
:10CAB00066DA5946009800F053FA00230E9AA32430
:10CAC0001360C1E600209AE6A9463AE62C1A5946B8
:10CAD0002246009800F0AAFCDAF80830A9EB040915
:10CAE00099458346E5DCDAF804309945BFF674AF22
:10CAF000A3EB090900F11402A9450192BFF63BAF6F
:10CB0000C8E67A787D1CB15C2F4600293FF419AE47
:10CB100017F8012FB15C0029FAD10EE64FF000089A
:10CB20008C1CEAE50124002E3FF457AFDAF80C30F4
:10CB3000022B06D0032B08D0012B2ED044F010047A
:10CB40004BE70F9BC3F101030F930F9B002BF5D015
:10CB5000019BDBF8106098461A46002003EB860123
:10CB600004E042F8040B91427FF65CAF13685F1C4F
:10CB7000F7D00133022C136035D015F01F056FD1AB
:10CB800021242AE74FF00008019F63E609F1FF34F2
:10CB9000002E3FF481AE012682E6B207CED5019B7E
:10CBA0001B681E43F307D3D4C8E72146584600F05C
:10CBB000C7FE064674E65846A11E00F0C1FE0028D6
:10CBC0003FF4C4AE0326C2E6FFF724FD0224DAF8E0
:10CBD0000490A8E74FF00009012308E60F9A002A05
:10CBE0007FF4E0AE12E7DAF80030013BAB4244D00C
:10CBF0002224F2E6022446F00206D0E70224A4E74B
:10CC00004FF0010885E5DBF804100098013100F0D1
:10CC100081F90746002842D0DBF810300BF10C01F7
:10CC200002339A000C30F4F7E9FB5946009800F003
:10CC300097F901213A69022C02EB010007EB82020D
:10CC40003861BB4607F114085161CCD0864294DAB2
:10CC5000FAE60023CBF810300023CBF8143022E79B
:10CC600008EB860656F8040C00F02AFAC5F12005F8
:10CC7000A84285DADBF81000E6E601236A1158F8CD
:10CC8000222005F01F05AB40134214BF21242224AB
:10CC9000A3E6C8F80030002BDBD04246FAE6024695
:10CCA0008421054B054803F0C5FD0246E421024BF3
:10CCB000024803F0BFFD00BF443C0108583C010896
:10CCC0000139036811F8012F03F1010CB2B100B56D
:10CCD00002E011F8012F62B11CF8013BA3F1410EF3
:10CCE000BEF1190F98BF20339342F2D000231846AB
:10CCF00000BD0123C0F800C0184600BD0123C0F8E4
:10CD000000C01846704700BF2DE9F04F15460B686C
:10CD100082465A1105EB820213F01F0385B000937F
:10CD20004FF000000DBF1346131D9646A2F1040EEE
:10CD3000DAF8002043F8040C5178002900F0B480A0
:10CD40001F46CDF804A00B4680467446F446814643
:10CD500082467146634E013210E0202B00F29E8025
:10CD6000504508DDA44502D2B8F1070F69DD6545DD
:10CD70005ED34FF0080812F8013FCBB116F803B0AC
:10CD8000BBF1000FE9D008F10108B8F1080F00F17C
:10CD9000010042DCDCF800304FEA031E0BF00F0B01
:10CDA0004BEA0E03CCF8003012F8013F002BE5D11E
:10CDB0003B468E46002877D0A44502D2B8F1070F33
:10CDC0007ADD65455BD26246291F52F8040B724535
:10CDD00041F8040FF9D9AEEB0C020EF1010122F07B
:10CDE00003020CF1010C8C4588BF00220020291D94
:10CDF0000A441146043272450860FAD953F8041CFB
:10CE000019B106E05EF8043D1BB97545FAD101235E
:10CE10002B60052005B0BDE8F08F6545ABD24CF81E
:10CE2000049C4FF0000E4FF00108ACF1040CB5E784
:10CE3000ACF104044CF8049C8246A4464FF0000870
:10CE400099E7C8F1080ECDE902C7E046DCF80030EA
:10CE500094464FEA8E0ECEF1200BD8F8042002FA49
:10CE60000BF71F4322FA0EF3C8F8007048F8043F8E
:10CE7000A045F2D36246039FDDF808C077E7009A29
:10CE800053F8041C002ABBD04FF0FF30C2F120023F
:10CE900020FA02F2114043F8041CB1E7292B8E4618
:10CEA0003B46DDF804A003D0042005B0BDE8F08FB8
:10CEB0000132CAF800207DE7DCF80010664608461B
:10CEC000C8F108029200C2F12008776807FA08F159
:10CED000014327FA02F0316046F8040FA642F4D36A
:10CEE0006FE700BF7840010882B049B15AB16BB119
:10CEF00013780B601278101E18BF012002B0704723
:10CF000001A9002AF3D1104602B070476FF001006A
:10CF1000F4E700BF38B5436C05460C464BB153F8F7
:10CF2000240080B1026843F824200023C0E90333C1
:10CF300038BD2122042103F09FFC034668640028C9
:10CF4000EDD1002038BD0121284601FA04F56A1D03
:10CF5000920003F091FC0028F3D0C0E90145E4E71A
:10CF600031B1436C4A6853F82200086043F822103C
:10CF7000704700BFF0B517460E4600221C460D69EB
:10CF800083B001F1140EDEF8001001328BB207FB02
:10CF90000343090C4FEA134C07FB01CC9BB203EB94
:10CFA0000C4395424EF8043B4FEA1C44EBDC3CB189
:10CFB000B368AB4207DD06EB850301355C61356183
:10CFC000304603B0F0BD716807460131FFF7A2FF9C
:10CFD0000346B0B1326906F10C01023292000C3006
:10CFE0000193F4F70BFA7A6C716852F82100306003
:10CFF00042F82160019E06EB850301355C613561D5
:10D00000DEE70246BA21024B024803F013FC00BFE0
:10D01000443C0108BC3C01082DE9F843092B1E469D
:10D02000054688461746089C3CDD0123002121481F
:10D0300006F10802A0FB0202DA405B009A4201F10D
:10D040000101FADC2846FFF765FF014660B30123C2
:10D05000092F4461036113DC092708F10A04BE4269
:10D060000BDDF61B264414F8013B0A222846303B10
:10D07000FFF780FFB4420146F5D10846BDE8F883CA
:10D0800008F10904A146B84414F8013B0A222846D5
:10D09000303BFFF76FFF44450146F5D109EB07042C
:10D0A000083CDCE70021CDE70246D321024B0348D0
:10D0B00003F0C0FB398EE338443C0108BC3C010856
:10D0C000B0F5803F03463ABF102083400020B3F103
:10D0D000807F3CBF1B020830B3F1805F06D3B3F101
:10D0E000804F0FD29A0012D4033070471A01B2F168
:10D0F000804F00F1040006D29B0108D45B00F3D4FA
:10D10000202070471A46002AFBDB013070470230AE
:10D11000704700BF036859070AD0DA0721D499077E
:10D120004BBF012202225B089B0803601046704738
:10D130009AB282B91B0CDAB2B2B11022190701D12E
:10D1400004321B09990714D0D90701D401325B08B6
:10D15000036010467047DAB24AB11A0712D10422AE
:10D16000EFE700221046704718221B0AE6E7082264
:10D17000FBE7590702D502329B08E9E7DB0804D137
:10D180002022D3E70322D340E2E70332E0E700BFE7
:10D1900038B5436C04460D464BB15868B0B10268CF
:10D1A0005A60002201234561C0E9032338BD2122D2
:10D1B000042103F061FB034660640028EDD10022E6
:10D1C00040F24511074B084803F034FB1C220121B3
:10D1D000204603F051FB0028F1D001220223C0E9D0
:10D1E0000123DEE7443C0108BC3C01082DE9F04F77
:10D1F0000F6915690E46AF42904685B005DB2A4699
:10D2000043463D46884617461E46D8F80830D8F8AB
:10D210000410EC19A342B8BF0131FFF77BFE84462E
:10D22000002800F09C80143000EB840E704505D27D
:10D230000346002143F8041B9E45FBD8143606EB39
:10D24000870296427CD208F1140707EB850508F1A6
:10D250001503A5EB0808AB42A8F11508CDE902E4D7
:10D2600091468CBF00240124E3464FEA980A05E06A
:10D27000090C34D1B14500F104005ED956F8041B05
:10D280008AB2002AF4D0B84686460023CDE9009041
:10D2900058F8041BDEF800001FFA81F94FEA114C20
:10D2A00081B202FB0911000C02FB0C00194400EBD7
:10D2B000114089B241EA004145454EF8041B4FEA4E
:10D2C0001043E5D8DDE90090002C4FEA8A0208BF40
:10D2D00000220244536056F8041C090CCAD00368AB
:10D2E0008846BC46864600221946CDF80090BCF818
:10D2F00000909BB208FB092909EB114943EA094355
:10D300004EF8043B5CF8043BDEF800101B0C8AB2BC
:10D3100008FB0323654503EB19434FEA1342E6D8A4
:10D32000002C4FEA8A0208BF0022DDF80090024478
:10D33000B145536000F10400A0D8DDE902E4DC4609
:10D34000002C02DC05E0013C03D05EF8043D002B1C
:10D35000F9D06046CCF8104005B0BDE8F08F024629
:10D360004FF4B171014B024803F064FA443C0108E8
:10D37000BC3C0108F8B512F00303144607462FD150
:10D380000E46A4102AD03D6C002D32D004F00103CB
:10D3900064103BB92868B8B1054604F00103641075
:10D3A000002BF7D02A4631463846FFF71FFF36B12B
:10D3B0007B6C716853F82120326043F8216074B1AE
:10D3C000064628680028E7D12A4629463846FFF74E
:10D3D0000DFF0023286005460360DEE73046F8BDF8
:10D3E0000F4A013B52F823200023FFF7C3FD0646F6
:10D3F000C7E701213846FFF78DFD054640B140F2F1
:10D4000071230122C0E90423002338640360BDE7CF
:10D41000024640F24511034B034803F00BFA00BFEC
:10D4200078410108443C0108BC3C01082DE9F04763
:10D430000D462E69AB6806EB6216741C9C42914641
:10D44000074649684FEA621804DD5B009C4201F11F
:10D450000101FADC3846FFF75DFD00284ED0B8F137
:10D46000000F00F1140C0BDD6346002208F10501EA
:10D4700000EB810143F8042B8B42FBD10CEB880CB1
:10D48000296905F1140319F01F0803EB810E2CD054
:10D4900062464FF0000AC8F12009196801FA08F144
:10D4A00041EA0A0142F8041B53F8041B9E4521FA85
:10D4B00009FAF2D8AEEB0503153B23F0030305F19F
:10D4C0001502964538BF002304334CF803A0BAF187
:10D4D000000F00D134467B6C6A68046153F8221057
:10D4E000296043F82250BDE8F087ACF1040C53F8F2
:10D4F000042B9E454CF8042FF9D8EBE702464FF475
:10D50000EF71024B024803F095F900BF443C01085B
:10D51000BC3C010803690A6900B5B3EB020E12D1E5
:10D5200000F1140C14310CEB820301EB820101E0D9
:10D530009C4508D253F8040D51F8042D9042F7D0C1
:10D5400003D24FF0FF3E704600BD4FF0010E704613
:10D5500000BD00BF2DE9F04F13690D690C46ED1AAF
:10D56000002D174683B014D101F1140C143202EBD4
:10D5700083020CEB830302E09C4580F0878053F824
:10D58000046D52F8041D8E42F6D080F08C80012587
:10D5900003E0FCDB00250F4614467968FFF7BAFC70
:10D5A000002800F08B803B6900F1140207F1140899
:10D5B00007F11001834627691E46C56008EB830EFC
:10D5C00004F1140001944FF0000C9146C2460B4642
:10D5D000144600EB870750F8041B53F8045F8AB227
:10D5E0001FFA85F8A8EB0208090CE044C1EB1541CD
:10D5F00001EB28411FFA88F848EA0142874249F8BE
:10D60000042B4FEA214CE6D891462246019C334632
:10D61000381B1538153420F00300A74238BF00200E
:10D620000AEB0001043187188E455E460C4698BF10
:10D630003A461ED9A2EB0A020437E14604EB02087F
:10D6400054F8040B1FFA80FCCC44050C484405EB4D
:10D650002C4580B240EA0540A6454FEA254CC8F863
:10D660000000EAD881460EF1FF32521A22F003027E
:10D670003A44B9F1000F04D152F8041D013B0029CE
:10D68000FAD03046336103B0BDE8F08F0021FFF7D8
:10D6900041FC064658B101220023C0E9042330466C
:10D6A00003B0BDE8F08F3B4627461C4675E70246AF
:10D6B00040F23721054B064803F0BCF8024640F221
:10D6C0004521024B024803F0B5F800BF443C010875
:10D6D000BC3C0108114B0B40A3F15073002B03DD40
:10D6E00000221946104670475B42B3F1A07F4FEA13
:10D6F000235106DA4FF4002300220B41194610464D
:10D70000704714391E29D4BF4FF0004201224FF058
:10D710000003D8BFCA401046194670470000F07F8A
:10D72000F8B5056900F1140404EB850555F8047C8F
:10D730002E1F3846FFF7C4FCC0F120030A280B60F7
:10D7400034DDB442A0F10B0C1CD255F8083CBCF1FE
:10D75000000F24D0CCF1200623FA06F207FA0CF7CA
:10D760001743A5F1080047F07F52844203FA0CF3F7
:10D7700042F4401217D255F80C0C1146F040034306
:10D780001846F8BD0B2809D0002307FA0CFC4CF012
:10D790007F5242F4401218461146F8BD002347F06C
:10D7A0007F5242F4401218461146F8BDB4422CBFD5
:10D7B000002455F8084CC0F10B0327FA03FC38BFCE
:10D7C000DC4000F115034CF07F5207FA03F342F4FA
:10D7D0004012234318461146F8BD00BF30B5012161
:10D7E00085B0CDE90023FFF795FBDDE90023054671
:10D7F000002844D0C3F30A54C3F313010CB141F41D
:10D800008011002A039114D103A8FFF783FC0121A2
:10D81000039B20306B6129610CB3089BA4F2334455
:10D8200004441C60099BC0F135001860284605B00F
:10D8300030BD02A80292FFF76DFCDDE9022328B19A
:10D84000C0F1200103FA01F10A43C340002B0CBFD1
:10D85000012102216A61AB612961002CDDD105EB58
:10D860008102A0F232431069089A1360FFF728FC86
:10D87000099BC0EB41101860284605B030BD024638
:10D8800040F20F31014B024802F0D4FF443C010842
:10D89000BC3C01082DE9F04983B08B4669468046BF
:10D8A000FFF73EFF04460D46584601A9FFF738FF33
:10D8B000D8F81030DBF81020A3EB020CDDE90032C1
:10D8C0009B1A03EB4C13002B0BDD05EB03573D4676
:10D8D00002460B4620462946F2F700FF03B0BDE89A
:10D8E000F089C3EB033301EB035C6146F0E700BF53
:10D8F00002F1140310B51446126901F1FF3C4FEA1E
:10D900006C1C03EB82010CF1010C8B4200EB8C0CC4
:10D910000DD2A0F1040E53F8042B99424EF8042FB7
:10D92000F9D8091B153921F0030104300844844556
:10D9300004D9002340F8043B8445FBD810BD00BF48
:10D9400003694A11934200F1140009DA00EB8303E2
:10D9500002E053F8042D82B98342FAD800207047C0
:10D9600000EB8203F8DD11F01F01F5D050F822C062
:10D970002CFA01F28A409445EED00120704700BF96
:10D9800059B1FF2A03D801230A70184670478A222A
:10D990004FF0FF330260184670470B461846704739
:10D9A0002DE9F04FDDB0164607911C4683460E93D5
:10D9B00002F04CFE036818461793FEF793FC08220A
:10D9C000169000212CA8FEF7D7FABBF1000F04D067
:10D9D000DBF83430002B01F0F181079B5A6EB3F96C
:10D9E0000C30D00740F17585990400F1078707993D
:10D9F00043F4005322F400528B814A66930402F1EF
:10DA0000C980079BB3F90C301D0740F13C85079A8C
:10DA10001269002A00F0378503F01A020A2A00F082
:10DA20004185002300249E46CDE93133002333AAEB
:10DA30009046CDE91234CDE91AEE3092CDF860E08F
:10DA4000CDF864E0CDF824E0CDF844E03446884BCE
:10DA50002CAFD3F8CC51FEF77FFB2246034626A914
:10DA600058460097A847002800F00B84C0F20084B5
:10DA7000269B252B01D00444E9E7A71B054640F06F
:10DA8000038400224FF0FF33924608930134237839
:10DA90008DF88F200A9299460134A9F120035A2B60
:10DAA0005CD8DFE813F0F5025B005B00F1025B007D
:10DAB0005B005B00D4025B005B00280150025B004E
:10DAC0004C02B7025B00B302D500D500D500D500EB
:10DAD000D500D500D500D500D5005B005B005B000C
:10DAE0005B005B005B005B00E7005B004B016103D8
:10DAF000E700E700E7005B005B005B005B00AF0254
:10DB00005B005B005F025B005B005B0016025B007A
:10DB1000B5035B005B0023085B005B005B005B0000
:10DB20005B005B005B005B00E7005B004B013601C4
:10DB3000E700E700E7005703360132015B004D03C1
:10DB40005B001303FF02220332015B001602300167
:10DB500081035B005B0086085B003001B9F1000FB8
:10DB600000F0A583002301228DF80C910C9243AEA6
:10DB70008DF88F300B93CDE90F33069208931493F1
:10DB8000329D1AF08403AE4600F0F9809DF88F2094
:10DB900012B300273198012201300135C8F8042062
:10DBA00007280DF18F02CDE93105C8F8002000F3F8
:10DBB0009A8408F108087FB13198022201300235B9
:10DBC000C8F80420072824AACDE93105C8F80020A8
:10DBD00000F3988408F10808802B00F07283089BFA
:10DBE0000C9A9F1A002F00F3DB801AF4807F40F01C
:10DBF00014810C9BC8F800601D44C8F80430319BA8
:10DC000032950133072B319300F3DB8308F10808C9
:10DC10001AF0040F05D00A9B069A9E1A002E00F3F4
:10DC20008084DDE9093206998A42ACBF9B185B18F3
:10DC30000993002D40F08983002331930B9B1BB186
:10DC400058460B99FEF7E2FB26460DF1CC08FDE69F
:10DC50000022A9F1300314F8019B02EB820203EBCE
:10DC60004202A9F13003092BF5D90A9215E700BF4A
:10DC70006C0400200E9B073323F00701F1E8022318
:10DC8000CDE91223139B1E9223F000431F930E91A4
:10DC90004FF0FF32DDE91E01AD4BF2F78FFE002899
:10DCA00040F0C986DDE91E014FF0FF32A84BF2F7C4
:10DCB00067FE0546002840F0BE86DDE9120100221D
:10DCC00000232AF0800AF2F751FE002841F0E88391
:10DCD0009DF88F30B9F1470FCCBF9E4E9E4E002B62
:10DCE00041F0ED860322CDE90F330B930C9208939C
:10DCF0001493069244E70E9B53F8042B002A0A92D1
:10DD00000E93C0F219812378C5E623784AF0200AE1
:10DD1000C1E61AF0200F40F0C2850E9A1AF0100FDB
:10DD200052F8045B41F09B871AF0400F0E9201F00D
:10DD30001A8145F3C0373B462DB225E2B9F1430FB6
:10DD400000F078871AF0100F40F0748701220E9BC4
:10DD500006921B6843AE8DF80C310C920E9B329DDF
:10DD600004330E930023CDE90F338DF88F300B93DE
:10DD7000089314931AF08403AE467FF407AF0A9A0F
:10DD80000698171A002F00F39D849DF88F20002A13
:10DD90007FF4FFAE089B0C9A9F1A002F7FF725AFE8
:10DDA0006E4B102F319A159325DD294610232546F9
:10DDB000079C04E0103F102F08F1080819DD01321C
:10DDC00066481031072AC8E90003CDE93121F1DDA9
:10DDD0002146584630AA01F0B1FF002840F0BD822C
:10DDE000DDE93121103F102F4FF010030DF1CC0869
:10DDF000E5DC2C460D460132159B3D44072ACDE952
:10DE00003125C8F80030C8F8047000F3EA841AF429
:10DE1000807F08F108083FF4ECAEB9F1650F40F3DC
:10DE2000DB82DDE9120100220023F2F795FD0028D4
:10DE300000F0C6830123C8F80430319B484A0133FF
:10DE40000135072B32953193C8F8002000F3BB87CA
:10DE500008F10808259B119A934280F2D484169BFE
:10DE6000179A1D44C8E90023319B32950133072BD3
:10DE7000319300F3B98608F10808119B5E1E002E4D
:10DE80007FF7C6AE102E319B41F3588633492A46A0
:10DE900010270D46DDF81C90159105E008F10808E3
:10DEA000103E102E40F3F98701331032072BC8E9DA
:10DEB0000057CDE93132F1DD4946584630AA01F02C
:10DEC0003DFF002840F04982DDE931320DF1CC08F8
:10DED000E6E700230E9F8DF88F3057F8046B002E75
:10DEE00000F08F86B9F1530F00F07A871AF0100313
:10DEF0000F9340F07587089B002BC1F285811A466D
:10DF000030460F9902F0E0FB9DF88F300B9000280F
:10DF100001F0DC850B9A0E97921B0C9222EAE272BA
:10DF200006920BB1531C06930F9B4FF07309089395
:10DF3000149310930B9323E60A9B5B420A93237876
:10DF40004AF0040AA7E52B238DF88F302378A2E549
:10DF5000FFFFEF7F1C3D0108183D01087C430108CD
:10DF6000583D01081AF0200F4AF0100000F08F848D
:10DF70000E9B073323F007031A46596852F8083BF3
:10DF80000E9200228DF88F20089A002A18DB53EA9F
:10DF9000010220F4906A15D1089A9AB910F0010391
:10DFA0001A46069300F0EA8630238DF86F31089BFD
:10DFB0000C92CDE90F3314930B930DF26F16DFE53E
:10DFC00020F4806A5CAE03F00702DB0843EA417389
:10DFD000C908303253EA0105304606F8012DF2D166
:10DFE0001AF0010F00F03681302A00F0338130231F
:10DFF0000022023806F8013C5CAB1B1A06460B9265
:10E000000C932CE123784AF0080A44E523784AF07F
:10E01000800A40E5214611F8019BB9F12A0F01F071
:10E02000EA85A9F13003092B98BF002201F2E683AB
:10E0300011F8019B02EB820203EB4202A9F13003CB
:10E04000092BF5D942EAE2730C46089325E55846B8
:10E0500002F0FCFA436818461993FEF743F91B9047
:10E060000546584602F0F2FA816823781A91002D8D
:10E070003FF411AD00293FF40EAD0A78002A3FF4B9
:10E080000AAD4AF4806A06E523784AF0010A02E5FF
:10E090009DF88F202378002A7FF4FDAC20228DF894
:10E0A0008F20F8E41AF0200F40F00C840E9A1AF03A
:10E0B000100F52F8043B41F0D8851AF0400F50463B
:10E0C0000E9200F0498700219BB25AE70E9A1AF08F
:10E0D000200F02F1040300F0E48312680999116033
:10E0E000C917516026460E93B0E4002547F6300369
:10E0F0000E9A089E52F8041BAE42ADF890308DF88F
:10E100008F500B46C0F257852AF0800040F0020A7B
:10E11000002940F0D786002E00F07F8730238DF84D
:10E120006F31012306964FF078098C4610910E92BC
:10E130000F9114910B910C930DF26F1600F021BD0D
:10E1400023786C2B03BF63784AF0200A01344AF02D
:10E15000100AA0E42378682B03BF63784AF4007A9E
:10E1600001344AF0400A96E41AF0200F4AF01001F8
:10E1700000F0CA830E9B8A46073323F007025368D8
:10E1800052F8085B1F460E92002BC0F2C883089A13
:10E19000002A1EDB55EA07032AF0800A19D1002A5B
:10E1A00000F0EC8630251AE01AF0200F00F08D8385
:10E1B00051460E9B073323F0070200238DF88F3062
:10E1C000089B576852F8085B002B0E9280F221835F
:10E1D0008A460A2D77F1000380F0B2833035089B20
:10E1E0008DF86F51012BB8BF0123069301230C93C7
:10E1F0009DF88F300DF26F16002B01F0F982069B0F
:10E20000013306930023CDE90F330B931493B7E446
:10E210001AF0200F4AF01001CBD10E9B1A1D0027D7
:10E220000E9B08981B68B8421D468DF88F70C1F28E
:10E23000728021F0800A002B40F01D850E9200288C
:10E2400040F06083CDE90F000C90149006900B9085
:10E250005CAE95E400225CAB9B1B0B920C9308997F
:10E26000CDE90F229942B8BF19461492069187E46E
:10E27000082200212CA8FDF77FFE01200444FFF7AF
:10E28000E6BBA71B054612D0319A329B01323B44B4
:10E29000072AC8E900673293319200F3E98008F158
:10E2A0000808099B3B440993002D7FF4EAAB329B9D
:10E2B000002B40F0B8870022079B3192B3F90C3055
:10E2C00054E00A9B069A9F1A002F7FF788AC102F04
:10E2D000319A41F3CF82DFF8E0C241462846B0468A
:10E2E00010232646079D6446CDF854C004E0103F35
:10E2F000102F01F1080115DD01321030072AC1E9A4
:10E300000043CDE93120F2DD2946584630AA01F01C
:10E3100015FD10BBDDE93120103F102F4FF0100329
:10E3200033A9E9DC34460546464688460132159B4A
:10E330003D44072ACDE93125C8F80030C8F80470FB
:10E3400000F3458408F1080849E45846079930AAC3
:10E3500001F0F4FC00283FF46FAC0B9B1BB1584656
:10E360000B99FEF753F8079BB3F90C30079A526EDE
:10E37000D00702D49A0540F1F9845B0601F1CE83FF
:10E3800009985DB0BDE8F08F169B17985A19C8E937
:10E390000003319B32920133072B319300F34D87F9
:10E3A00008F108080029C1F23282119901338D1851
:10E3B000072BCDE93135C8F80060C8F804107FF7A5
:10E3C00025AC5846079930AA01F0B8FC0028C4D102
:10E3D000329D0DF1CC081BE4119B319F012B05F1FF
:10E3E000010507F1010708F1080940F3B381012392
:10E3F000072FCDE93175C8F80060C8F8043000F384
:10E400006C84169B0137179A1D44072FC9E9002316
:10E41000CDE9317500F3538409F10809119B0022FD
:10E42000DDE9120103F1FF380023F2F795FA002825
:10E4300040F0AB81013701364544072FCDE93175F6
:10E44000C9F80060C9F8048000F3928109F1080955
:10E45000189B01371D44C9F80430072F28ABCDE9BC
:10E460003175C9F80030ACDC09F10808FFF7D0BB02
:10E470005846079930AA01F061FC00287FF473AF79
:10E480000DF1CC080DE7079D5846294601F0A6FF7F
:10E49000002841F03B83B5F90C3003F01A020A2A38
:10E4A0007FF4BFAA0799B1F90E20002AFFF6B9AA96
:10E4B0004A6ED20702D49B0540F1CE8623463246EF
:10E4C0005846079901F0FAFB099009985DB0BDE83C
:10E4D000F08F9F0563D59D047FF589AA90047FF591
:10E4E00093AA01F059BB5846079930AA159301F039
:10E4F00025FC00287FF431AF329D159B0DF1CC082F
:10E50000FFF759BB5846079930AA159301F016FC3E
:10E5100000287FF422AF329D159B0DF1CC08FFF748
:10E520005BBB102E319B41F36E81244AA24610271B
:10E530001446DDF81C90159204E0103E102E08F1F0
:10E54000080816DD01331035072BC8E90047CDE96F
:10E550003135F2DD4946584630AA01F0EFFB00287C
:10E560007FF4FBAEDDE93135103E102E0DF1CC0805
:10E57000E8DC54460133159A3544072BC8E90026D8
:10E58000CDE931357FF74DAB5846079930AA01F0F8
:10E59000D5FB00287FF4E1AE329DFFF742BB079D1B
:10E5A000A86DFDF78DFEB5F90C306A6E99043FF544
:10E5B00025AAFFF71CBA00BF7C4301088C43010861
:10E5C0002599814240F33B81DDF83C90119B9945B0
:10E5D000A8BF9946B9F1000F0BDD319B4D440133C3
:10E5E000072BC8E900693295319300F3F58708F1EC
:10E5F00008080F9FB9F1000FA8BFA7EB0907002F6C
:10E6000000F374840F9B1AF4806F334440F0A286A9
:10E61000259A11998A4203DB1AF0010F00F00A854E
:10E62000169917980D44C8E90001319932950131C6
:10E630000729319101F3708008F1080811997718C2
:10E64000FF1A8E1AB742A8BF3746002F0DDDC8F853
:10E650000030319B3D440133072BC8F804703295DC
:10E66000319301F3B58008F10808002FA8BFF61B0D
:10E67000002E7FF7CDAA102E319B41F35F82B64961
:10E680002A4610270D46DDF81C90159105E008F18B
:10E690000808103E102E40F3008401331032072B7F
:10E6A000C8E90057CDE93132F1DD4946584630AA74
:10E6B00001F044FB00287FF450AEDDE931320DF16A
:10E6C000CC08E6E7319A102F714641F37280DFF8EB
:10E6D0008CC240462094B04610256446079ECDF873
:10E6E00054C0219304E0103F102F00F1080015DD05
:10E6F00001321031072AC0E90045CDE93121F2DDB0
:10E700003146584630AA01F019FB00287FF425AEA7
:10E71000DDE93121103F102F33A8E9DC4646DDE961
:10E720002043804615987D18C8F80000501C072823
:10E73000CDE93105C8F8047000F329839DF88F20D6
:10E7400008F10808002A76D1002B3FF448AA1346A6
:10E75000FFF733BA1AF0010F7FF449AE0123072FF8
:10E76000CDE93175C8F80060C8F804307FF770AEA5
:10E770005846079930AA01F0E1FA00287FF4EDAD80
:10E78000DDE931750DF1CC0962E6119B012B7FF7B4
:10E790005FAE112B41F33E826F4B2A460894102640
:10E7A0001D46079C159307E009F10809A8F1100818
:10E7B000B8F1100F40F3C18301371032072FC9E9B8
:10E7C0000056CDE93172EFDD2146584630AA01F0FE
:10E7D000B5FA00287FF4C1ADDDE931720DF1CC0945
:10E7E000E4E75846079930AA01F0A8FA00287FF418
:10E7F000B4AD329D0DF1CC08FFF7F7B992047FF567
:10E8000003A901F08BB91AF0010F3FF401AAFFF739
:10E8100026BB55EA070321F0800A7FF4DAAC089B97
:10E82000002B6FD1CDE90F330C93149306930B9308
:10E830005CAEFFF7A5B91F460023FFF7ACB9012373
:10E84000C8F80430319B464A01330135072B329515
:10E850003193C8F8002000F3948608F108080029D5
:10E860007FF492AD119A0AF0010313433FF4D0A94B
:10E87000169B17995A19C8E90013319B329201333C
:10E88000072B319300F3D98408F108088DE50E9B1E
:10E890001A1D0E9B00211B680E92FFF772BB51469A
:10E8A00068E41AF0100F40F007831AF0400F40F0B0
:10E8B000CD831AF4007F00F0FF820E9A0999126846
:10E8C00011700FE45046FFF753BB0E9A1AF0100078
:10E8D00052F8043B41F0C6811AF0400100F0C081BB
:10E8E0008DF88F009BB2002708991D46B942C0F2EF
:10E8F000C2812AF0800A002B40F0BD81089B0E9255
:10E90000002B8FD0002569E40E9B1A1D0E9B8A46B2
:10E910001D680E92EF173B46002BBFF638AC2D2337
:10E920008DF88F30089B6D4267EB4707002BFFF691
:10E9300050AC0A2D77F100032AF0800AFFF44EACA8
:10E94000CDE90B8906944FF0000EDDF868905CA9C4
:10E950000AF480642CE000BF7C4301088C4301086A
:10E96000583D0108EB19AF4843F10003A0FB032019
:10E9700020F0030202EB90029B1A4FF0CC32A84623
:10E98000BC46EB1A02FB03F2A64867F1000700FB46
:10E990000722A3FB0053B8F10A0F13444FEA5505B1
:10E9A0007CF1000C314645EAC3754FEA53072DD37D
:10E9B000DFF870C2EB1943F10003ACFB032020F039
:10E9C000030202EB90029B1AEB1AA3FB0C3267F1D5
:10E9D00000000CFB00225B0843EAC27303EB8303D5
:10E9E000A5EB430330330EF1010E4E1E01F8013C3E
:10E9F000002CB7D099F800307345B3D1BEF1FF0FAA
:10EA0000B0D00A2D77F1000380F07085089A5CABD6
:10EA10009B1B9A42B8BF1A46069CCDF86890DDF859
:10EA20002C80DDF83090CDF844E00C9306929DF8F0
:10EA30008F30FFF7E1BBDDE9120102460B46F1F72B
:10EA4000BDFF0546002840F0FE87B9F1610F00F0D8
:10EA50003786B9F1410F00F00683089B013300F0BF
:10EA600092874AF48072B9F1670F139B069200F007
:10EA70006A87B9F1470F00F066870B90DDE9121243
:10EA8000002AC0F2588700231593DDE91223CDE94F
:10EA90001C23A9F14103252B00F27782DFE813F054
:10EAA0001F07750275027502E1032E0475027502D7
:10EAB000750275027502750275027502750275029E
:10EAC000750275027502750275027502750275028E
:10EAD000750275027502750275027502750275027E
:10EAE0001F07750275027502E1032E044E481AF0E5
:10EAF000200F00F0D7800E9B073323F007031A4640
:10EB00005D6852F8083B0E921AF0010140F0B680A1
:10EB1000089A8DF88F10002AC0F2F68053EA050299
:10EB20002AF4906A00F0FF8003F00F02825C1B0958
:10EB300043EA05738DF86F212A0953EA15150DF282
:10EB40006F160BD003F00F05455D1B0943EA0273F6
:10EB5000120906F8015D53EA0205F3D1089A5CAB8D
:10EB60004FF0000C9B1B9A42B8BF1A46CDE90FCC60
:10EB70000C930692CDF82CC0CDF850C000293EF47D
:10EB8000FFAFDDE93105069BAE46023306931AF06E
:10EB90008403024604D10A9F06997F1A002F06DCDF
:10EBA000BCF1000F3FF409A80227FEF7F4BF0223CF
:10EBB00089E51E489BE70E921C4A03F00F0610469B
:10EBC00002214FF07809925D4AF0020AAFE75846F9
:10EBD000079930AA01F0B2F800287FF4BEAB329D4D
:10EBE0000DF1CC08FEF7FBBF5846079930AA01F09B
:10EBF000A5F800287FF4B1AB329D0DF1CC08FFF7EA
:10EC00003CB9089B3246062B28BF062308960B9674
:10EC1000CDE90F22064E06930E970C931492FEF741
:10EC2000AFBF00BFCDCCCCCC3C3D0108283D010896
:10EC3000503D0108082200212EA8FDF79DF90E9AEB
:10EC400043AE3146584612682EAB03F0C7F80C901D
:10EC500001307ED00C9B23EAE3730693FFF77EB866
:10EC60001AF4007740F0FB8108991D4600298DF8C1
:10EC70008F70BFF63EAE0E92FFF7ABBA53EA0502B5
:10EC800048D030228DF8902000228DF88F20089AED
:10EC90008DF89190002A34DB2AF49062022142F030
:10ECA000020A41E70E9A1AF0100F52F8043B0E9236
:10ECB00025D11AF0400F1ED000259BB224E75846FC
:10ECC000079930AA01F03AF800287FF446ABDDE955
:10ECD00031750DF1CC09FFF7A1BB5846079930AA51
:10ECE00001F02CF800287FF438ABDDE931750DF127
:10ECF000CC09FFF786BB1AF4007F40F0AD810025F8
:10ED000002E702214AF0020A03F00F02825C2AF4B1
:10ED1000806A0CE70021089B8DF88F108B42C0F2AF
:10ED20000C832AF4906A089A002A00F0D480012A01
:10ED3000B8BF0122037806928DF86F3101220023BB
:10ED40000C92CDE90F330B930DF26F161493FEF76F
:10ED500017BF0798B0F90C30426E43F04001D60758
:10ED6000818100F1DB86990500F1D886079CA06DB2
:10ED7000FDF7A8FAB4F90C30FFF7FFBA089B5CAEB8
:10ED8000CDE90F330C9314930B93FEF7F9BE58465D
:10ED9000079930AA159300F0D1FF00287FF4DDAA6F
:10EDA0009DF88F20329D159B002A00F096801F460B
:10EDB0000DF1CC0803463198FEF7EDBE5846FCF73E
:10EDC00003FFFEF70ABE5846079930AA00F0B6FFC7
:10EDD00000287FF4C2AA329D0DF1CC08FFF73AB8A3
:10EDE000082200212EA82796FDF7C6F8089B002BC5
:10EDF000C0F29582002506940B972C461F460FE023
:10EE00002EAB584643A902F0E9FF431C05F1040567
:10EE1000204400F0C585B84206DC00F06486044654
:10EE2000279B5A59002AEBD10C940B9F069C0C9BF4
:10EE3000002B00F0B483632B40F30C855846591C1B
:10EE4000FBF790FA0646002800F02A870B9008226C
:10EE500000212EA8FDF790F80C9D2EAB00933146B3
:10EE60002B46584627AA02F0E1FF854240F013875F
:10EE700000230C9A0893B35422EAE2719DF88F2084
:10EE800006910E97002A00F0B484069ACDE90F335C
:10EE9000013206921493FEF773BE1546159A01339C
:10EEA0003544072BC8F80020C8F80460CDE9313597
:10EEB0007EF7ACAEFFF785BA0E9A09991268116019
:10EEC000FFF710B983480E9201F00F024FF0780956
:10EED0000221825C2BE6089BA4E4002B00F0B280A8
:10EEE000134631980DF1CC08FEF767BE102F319B09
:10EEF00040F39B86784842462946A0464FF01009C9
:10EF00000546079C159004E00832103F102F40F38F
:10EF1000DA8201331031072BC2E90059CDE93131D2
:10EF2000F2DD2146584630AA00F008FF00287FF4A1
:10EF300014AADDE9313133AAE7E71546089C013709
:10EF4000159B4544072FCDE93175C9F80030C9F844
:10EF500004807FF77BAA0BE41AF400711CBF002128
:10EF6000DBB2FFF70EB81AF4007F14BF45F3C017E9
:10EF7000EF173B4618BF6DB2FFF706B99DF88F300B
:10EF800006920C925CAEFFF737B9089B5846019386
:10EF9000022300932EAB049327AB039325AB02937C
:10EFA000DDE91C2301F040FD06461AF0010F40F098
:10EFB0000B84259A2E9BD11CA3EB060311930F9271
:10EFC000C0F2BA8308999142C0F22183934200F3C0
:10EFD00046840F9B0C931AF4806F03D00F9B002B79
:10EFE00000F306854FF067090C9BDDF818A023EAB3
:10EFF000E3730693002314931093159B0AF0020108
:10F00000002B00F07F814FF02D0C8DF88FC0069BF8
:10F010000133069300230893B0E5089B4FF078096D
:10F020009C46CDE90F330E9214930C9306935CAE7D
:10F030000B93A6E57718FF1A8E1AB742A8BF37467A
:10F04000FFF713BB0DF1CC08FEF7C9BD0E9A099965
:10F0500012681180FFF746B80025DBB254E58DF841
:10F060008F10DBB23FE445F63003ADF89030089BDB
:10F070004AF0020A632B00F34F84DDE91212824248
:10F08000C0F22584DDE9120125AA01F05DFB002212
:10F090004FF07F53F1F7F8F902460B46CDE90C2308
:10F0A00000220023F1F758FC08B101232593002327
:10F0B0000A4A1593069243AE0B93CDE90F48DDE95A
:10F0C0000C45CDF84490089FDDF81890CDF850A07D
:10F0D00018960DE0283D01087C4301083C3D0108DD
:10F0E00000220023F1F738FC002840F0C78457467F
:10F0F0000022964B20462946F1F7C6F90D460446F4
:10F10000F2F7F2F98046F1F755F902460B46204630
:10F110002946F1F701F819F80830324604460D4641
:10F1200007F1FF3A06F8013B002FD9D10892884B2E
:10F130000022CDE90C45474635460F9CDDF844904A
:10F14000DDF850A0189EDDF84080F1F72DFC40B9A5
:10F15000DDE90C0100227E4BF1F7FEFBE0B1F80780
:10F160001AD5089B2E93069B15F8012CD97B2B46AC
:10F17000914209D1302003F8010C2E9B5A1E2E9289
:10F1800013F8012C8A42F6D0392A0BBF069A0132B5
:10F19000927AD2B203F8012C259AAB1B1193B9F1E4
:10F1A000610F02F1FF33259300F00E8550214FF0DF
:10F1B0004109002B8DF8A010C0F2E2842B22092B0C
:10F1C0008DF8A12000F3C8820DF1A202303302F8BD
:10F1D000013B28ABD31A1893119B189A012B1A44A0
:10F1E0000C9240F3D8830C9B169A13440C932AF488
:10F1F000806343F4807A00230C9ACDE90F3322EA2E
:10F20000E27214930692F8E63046FDF76BF89DF82B
:10F210008F3020EAE0720C9006920E97002B3EF49D
:10F2200083AEFEF77FBE5846079930AA00F086FDF0
:10F2300000283FF440A8FFF796B85846079930AA2F
:10F2400000F07CFD00287FF488A8DDE931322599A3
:10F250000DF1CC08FFF7A6B8886DFDF733F8FFF77E
:10F260002DB90223089A0132119200932EAB119D01
:10F27000049327AB039325AB019502935846DDE930
:10F280001C2301F0D1FB29F02007462F0646054438
:10F2900000F0DC81DDE91C0100220023F1F75CFBBA
:10F2A000002840F096832E9BAB4238BF452780F064
:10F2B0008E8330215A1C2E9219702E9BAB42F9D3AB
:10F2C0009B1B1193259B472F0F9300F09881462F8E
:10F2D00000F0D4810F9B8DF8A090013B002B25936B
:10F2E000C0F231822B22092B8DF8A12000F3348249
:10F2F00030228DF8A2200DF1A30267E7089B11933D
:10F300000323B2E79DF88FC0BCF1000F7FF47FAEFE
:10F31000159B089332E48A460E92FEF75ABF2EAB35
:10F32000009300235846194627AA02F07FFD0C904F
:10F33000013000F03583279679E503782AF4806A56
:10F340008DF86F310DF26F1608E400BF00003040F9
:10F350000000E03F1F46119A109BB218002B29466F
:10F36000DDF850900892CDF854A04246DDF868A030
:10F370001B9DDDF81C800F9414962EDDB9F1000F53
:10F380007BDD09F1FF393198199B013029440728A9
:10F39000C2E900353291319064DC0832089B9AF85A
:10F3A0000000DE1B8642A8BF0646002E0BDD31980A
:10F3B000314401300728C2E900763291319062DC95
:10F3C0009AF800000832002EB4BF0446841B002CBB
:10F3D00016DC0744109B002BD0DCB9F1000FD0DC09
:10F3E0009046149E119A3B46B2189742CDF868A0F9
:10F3F0000D4628BF13460F9CDDF854A0FFF708B94F
:10F40000102C3198AB4B1FDD10260C9304E0103C00
:10F41000102C02F1080216DD0130A64B103107282E
:10F42000C2E90036CDE93101F1DD4146584630AA46
:10F4300000F084FC00287EF490AFDDE93101103C3F
:10F44000102C33AAE8DC0C9B013021440728CDE9BD
:10F4500031011360546000F3B1809AF80000083263
:10F460000744B7E74146584630AA00F067FC002839
:10F470007EF473AF329933AA90E7109B0AF1FF3AFA
:10F48000013B10937FE74146584630AA00F056FCF6
:10F4900000287EF462AF9AF80000329933AA92E70E
:10F4A0002D238DF88F3003230C930423B9F1470FDC
:10F4B0000B95069340F38181CDE90F557E4E08955B
:10F4C0001495FEF75DBB44460D4690460133159AF0
:10F4D0003D44072BCDE93135C8F80020C8F8047049
:10F4E00000F3E88108F10808FFF78CB81B9A199916
:10F4F000A6EB0208404601F071F899F801300BB113
:10F5000009F101094FF0CC314FF0010E6B4AEB19B4
:10F5100043F10003A2FB030C2CF0030000EB9C0062
:10F520001B1AEB1A03FB01F167F10007A3FB023082
:10F5300002FB071123FA0EF3014443EAC17521FAD5
:10F540000EF7EB1943F10003A2FB031020F00301B7
:10F5500001EB90015B1AEB1AA3FB023167F100008B
:10F5600002FB001223FA0EF343EAC27303EB830398
:10F57000A5EB4303303308F1FF3608F8013CFFF7F1
:10F5800039BA5846079930AA00F0D8FB00287EF413
:10F59000E4AE2599329D0DF1CC08FFF760B99DF8D6
:10F5A0008F300E97003B18BF012306930C9BCDE9CB
:10F5B0000F33089314930B93FEF7E2BA4146584673
:10F5C00030AA00F0BBFB00287EF4C7AE9AF800001A
:10F5D000329933AA0744FDE65846079930AA00F04D
:10F5E000ADFB00287EF4B9AE329D0DF1CC08FFF7DB
:10F5F00000B8259B0F93AB1B472F11933ED10F9B58
:10F600000333C0F29980089B0F9A934210DA0F9B44
:10F61000A9F10209013B002B8DF8A0902593BFF6BC
:10F6200061AE2D220F9B8DF8A120C3F101035FE68F
:10F63000119B0F9A934200F312811AF0010F0F9B56
:10F6400000F0B882169A13440C93C4E43378302B3C
:10F6500000F0B081259B1D440022DDE91C01002340
:10F66000F1F77AF90028C4D12E9BAB42FFF421AE0A
:10F670009B1B1193259B472F0F93C0D00F99089A7E
:10F680000AF00103002943EA020340F3D182002B70
:10F6900040F00D824FF066090F9B0C931AF4806FB7
:10F6A00040F0A8810C9BDDF818A023EAE3730693D1
:10F6B000A0E400BF7C4301081C3D0108CDCCCCCCAC
:10F6C00047F63003ADF89030089B4AF0020A632BEE
:10F6D00000F32281DDE91212002AC0F2F880DDE990
:10F6E000120125AA01F030F800224FF07F53F0F705
:10F6F000CBFE02460B46CDE90C2300220023F1F796
:10F700002BF9002800F059820123159525930B95BC
:10F7100043AEB14B0693D0E45846079930AA0893FC
:10F7200000F00CFB00287EF418AE259A329D089B51
:10F730000DF1CC08FEF782BF0F9BA9F10209013B36
:10F740008DF8A09025932D230F9A8DF8A130C2F14A
:10F7500001030832BFF6CCAD0DF1AF073A46DFF832
:10F760007CC21046ACFB0321C90801EB8102A3EB6C
:10F7700042023032632B00F8012C0B4600F1FF32BD
:10F78000EFDC303302F8013C831EBB4280F03E8246
:10F790000DF1A10213F8011BBB4202F8011FF9D1C0
:10F7A00003F5B8736B44CC3B1B1A28AA9B1A189319
:10F7B00012E58B481590FEF7B5BFCDE90F55894E80
:10F7C00008951495FEF7DCB9089B4727F51843E721
:10F7D0005846079930AA00F0B1FA00287EF4BDAD72
:10F7E000259E119B329D0DF1CC089E1BFEF73DBF5F
:10F7F0000B93CDE90F331493FEF7C2B900230C46E7
:10F800000893FEF74AB9764A1592FEF7B3BE4F4207
:10F81000103133DADFF8D0911025CDF8549004E0A0
:10F8200008F10808103F102F2ADD01331032072B92
:10F83000C8E90095CDE93132F2DD5846079930AA82
:10F8400000F07CFA00287EF488ADDDE931320DF15C
:10F85000CC08E7E7002343AE0B93FFF7F8BA119B00
:10F86000169A9A180F9B0C92002B40F342814FF08E
:10F87000670913E75C4B1593FEF758BD5A4915917C
:10F88000013315993A44072BCDE93132C8F80010FD
:10F89000C8F804707EF7F8AF5846079930AA00F010
:10F8A0004DFA00287EF459ADDDE931320DF1CC0876
:10F8B000FEF77BBD5846079930AA00F03FFA0028B2
:10F8C0007EF44BAD329D0DF1CC08FEF79BBE1C9132
:10F8D0002D2102F100430B95159143AE1D9325AAEE
:10F8E000DDE91C0100F030FF00224FF07F53F0F7FC
:10F8F000CBFD02460B46CDE90C2300220023F1F795
:10F900002BF808B101232593B9F1610F3FF401AF42
:10F91000364B0693FFF7D1BB089B5846591CFAF7A4
:10F9200021FD064600283FF414AA4AF480730B9088
:10F930000693FFF7A3B81C912D2102F10043159106
:10F940001D93FFF7A6B8089A002A00F00E81002B3D
:10F95000C0F24881DDE91223CDE91C231595089BEF
:10F9600058460193022300932EAB049327AB0393D5
:10F9700025AB0293DDE91C2301F056F8002306466F
:10F980000B93FFF712BB062308934AF480730B9086
:10F990000693FFF773B81AF0010F3FF428AC22E486
:10F9A0000022079B0B929B8943F04003079A9381A7
:10F9B000FEF7D3BC0022DDE91C010023F0F7CCFFE9
:10F9C000002800F0F280259B0F931D4413E69B1B3B
:10F9D0001193259B0F937DE4283D0108CDCCCCCC21
:10F9E0008C430108183D01087C4301083C3D010897
:10F9F0004FF067091A990B78FF2B00F03981002529
:10FA00000F9A284603E001300131FF2B08D09342C2
:10FA100006DAD21A4B78002BF5D10B780135F4E7D2
:10FA2000CDE90F201A911495109A149B1B99134439
:10FA30000C9ADDF818A001FB03230C9323EAE3736F
:10FA40000693FFF7DABA139B2AF0800A13F00043FB
:10FA50000F9377D02D2303228DF88F300023CDE92B
:10FA60000B320422B9F1470F069240F3D780CDE95B
:10FA70000F338E4E08931493FEF782B808975746BB
:10FA8000DDE90F48002F3546DDF84490DDF850A041
:10FA9000189EFFF681AB2B4630220899294403F8C3
:10FAA000012B8B42FBD12F447D1CFFF775BB169BAE
:10FAB00002EB01094B440C934FF06609EEE503227B
:10FAC0000023CDE90B320422FEF755B80E9753B34D
:10FAD000089B4FF073090C93013306930890149020
:10FAE0001090FEF74DB8089B069C0B9F0C93FFF7F8
:10FAF0009EB9C3F101031A4422EAE273DDF818A0AB
:10FB00004FF067090C920693FFF774BA079A536E89
:10FB1000D80703D49389990540F1B9804FF0FF339A
:10FB20000993FEF72DBC089B4FF073090C930693C5
:10FB30000B9B149310930893FEF722B85C4A15921E
:10FB4000FFF7ACB99DF88F30B9F1470FCCBF574ED6
:10FB5000584E002B40F09080032208930C9214938F
:10FB600010930B930692FEF70BB893422FDB089B82
:10FB7000159301230893DDE91223CDE91C23EEE65A
:10FB80002D238DF8A130C2F101030832FFF6E4AD58
:10FB9000FFF71ABBD707C1D4079B9B899E05BDD42D
:10FBA000079B986DFCF78EFBB8E7119BC3F101032F
:10FBB000259350E50C93FFF70EBA3F4B1590069333
:10FBC00043AE0B90FFF779BA7021FFF7F2BA2D21FF
:10FBD000DDE912231591012103F100431C920891E4
:10FBE0001D93BCE62D21DDE9122303F100431C9295
:10FBF00015911D93B3E60E9A63780C4652F8041BD8
:10FC00000E9241EAE1720892FDF745BF0223189374
:10FC1000FFF7E2BA264B1593FFF791B9CDE90F3301
:10FC2000244E08931493FDF7ABBF214A15924DE47F
:10FC3000DDF818A033B901234FF0660906930C9341
:10FC4000FFF7D8B9169B03F10109089B4B440C93AD
:10FC500023EAE3734FF066090693FFF7CBB95146E9
:10FC6000FEF754BE5146FEF7DABA5046FEF711BE13
:10FC7000002314931093D7E6032200230C9204224E
:10FC800008930692149310930B93FDF779BF906D30
:10FC9000FCF718FB42E7079B9B8943F0400385E68E
:10FCA000079B0B909B8943F040037FE6243D0108AE
:10FCB0007C430108203D0108283D0108F0B50D46B0
:10FCC00016464FF4806100220746ADF2744DCDE92F
:10FCD00007126A6E04911B92EA89A989ADF8162071
:10FCE000EA691CA809926A6A21F002010290069052
:10FCF00018A80193ADF814100B92FCF7DDFA324608
:10FD00003846019B02A9FDF74BFE061E07DB38466D
:10FD100002A900F015F9002818BF4FF0FF36BDF812
:10FD200014305B0603D5AB8943F04003AB811898D0
:10FD3000FCF7C4FA30460DF2744DF0BD936810B56F
:10FD400014461BB918460023636010BD00F030F95B
:10FD50000023A3600023636010BD00BF70B50029BD
:10FD600041D006460C4610B1436B002B3ED0FBF74A
:10FD700049FF636EB4F90C20DD0730D4900538D507
:10FD80002146304600F04CF8E36A054633B1304670
:10FD9000E16998470028B8BF4FF0FF35A3891A06DC
:10FDA00039D4216B41B104F14003994202D030466D
:10FDB000FCF72CFB00232363616C21B13046FCF778
:10FDC00025FB002363640022636EA281DB071ED53E
:10FDD000A06DFCF773FAFBF71BFF284670BD002AE5
:10FDE000CED1FBF715FF0025284670BDFBF7ECFED2
:10FDF000BDE7A06DFCF764FAB4F90C30002BBFD15D
:10FE0000636ED907EDD4A06DFCF75CFAE9E7A06D4D
:10FE1000FCF758FADCE730462169FCF7F7FAC0E74F
:10FE2000B1F90C20F8B515070C46074649D44968C6
:10FE300042F400630029A3815FDDA66A002E3ED054
:10FE4000002112F480523D68396061D101233846A7
:10FE5000E169B0470246501C67D0B4F90C30A66A7D
:10FE6000590705D56368D21A236B0BB1E36BD21A1D
:10FE700000233846E169B047421CB4F90C3049D13F
:10FE800039681D293ED82D4ACA40D6073AD50022E6
:10FE900062602269D904226023F40062A28102D543
:10FEA0003B68002B3FD0216B3D6041B104F1400322
:10FEB000994202D03846FCF7A9FA002323630020B8
:10FEC000F8BD0E69002EFAD0920718BF00230D6806
:10FED00008BF4B690E60AD1B8B600BE02B463246B2
:10FEE0003846E169D4F824C0E0470028A5EB0005B6
:10FEF000064406DD002DF1DCE1E7E16B00299CDC26
:10FF0000DDE7A38943F040034FF0FF30A381F8BD44
:10FF1000226DA5E7002262602269226023F400625C
:10FF2000DB04A281BFD52065BDE73B68002B94D0E0
:10FF30001D2B01D0162BE4D13D60C0E7010040200D
:10FF400000B5034683B008B1426B52B3B1F90C005F
:10FF500098B14A6ED20701D4820512D51846009195
:10FF6000FFF75EFF009903464A6ED00702D48A89E4
:10FF700092050ED5184603B000BD0346184603B0DF
:10FF800000BD886D01930091FCF79AF9DDE900133B
:10FF9000E4E7886D0093FCF795F9009B184603B0E1
:10FFA00000BDCDE90001FBF70FFEDDE90031CDE733
:10FFB0009368002B00F0AD802DE9F04FB1F90CC033
:10FFC0000C461CF0080F8046174683B025D00B69FD
:10FFD0001BB31CF002033E682BD04FF0000B5D46B4
:10FFE000DFF8A8A2ADB155452B465A4628BF534667
:10FFF0004046E169D4F824C0E047002840F38180FE
:020000040801F1
:10000000BB6883441B1ABB60002B71D02D1A002DD6
:10001000E9D1D6E900B50836E4E72146404600F0CC
:10002000DDF9002872D1B4F90CC03E681CF002035F
:10003000D3D11CF0010A6ED155462368002D53D050
:100040001CF4007F1846D4F8089000F0A780A9455A
:10005000CB4600F2E1801CF4906F34D021696269D4
:10006000A3EB010902EB420202EBD27209F1010398
:1000700052102B44934294BF93469B46934288BFB1
:100080001A461CF4806F00F0E58011464046FAF7EE
:1000900069F9002800F0F3804A4621690190F1F7E0
:1000A000ADF9A289019B22F4906242F08002A28104
:1000B00003EB09002361C4F814B0ABEB0903A946B4
:1000C000AB46A360206051465A4600F0F5F9A2689D
:1000D0002368A2EB0902A260B9685B44491B236054
:1000E000B96029B1B4F90CC0D6E900A50836A5E776
:1000F000002003B0BDE8F08F21464046FFF720FF07
:1001000070B3B4F90C3043F04003A3814FF0FF30DB
:10011000EFE7002070471D46B9469A4618461F462D
:100120005DB300282FD0524620682169AA4228BF1B
:100130002A468842636904D9A16803EB010B5A453A
:100140007ADC93426BDC3A464046E169D4F824C03D
:10015000E047B0F1000BD4DDBAEB0B0ACCD00120A4
:10016000D9F80830A3EB0B03C9F80830002BBFD037
:10017000A5EB0B055F44002DD3D1756833460836D7
:10018000002DFAD01F682A460A21384600F09CFA52
:10019000002871D00130A0EB070AC4E722699A4217
:1001A00022D3D4F814C0AC451ED86FF00043AB4244
:1001B00028BF2B4693FBFCF352460CFB03F340464F
:1001C000E169D4F824C0E047B0F1000999DDBB68CB
:1001D000A5EB0905A3EB0903BB60002B88D0B4F99C
:1001E0000CC02368CA4429E7A94528BFA946184678
:1001F0004A46514600F060F9A2682368A2EB090262
:100200004B44A2602360002AE1D121464046FFF71B
:1002100097FE0028DBD074E7A946AB4653E7394682
:10022000019200F049F9019AA36893469B1AA360D2
:100230002368134423608FE739465A4600F03CF99F
:10024000236821465B4440462360FFF779FE00287F
:1002500082D056E7404601F017FC034600287FF4A1
:1002600027AF40462169FCF7D1F80C22A389C8F8D2
:10027000002023F0800346E76A1C924654E70C22D4
:10028000B4F90C30C8F800203DE700BF00FCFF7F48
:10029000B1F90C20930706D5012201F14303C1E90E
:1002A00004320B60704730B50B46B1F90E100446AE
:1002B000002999B032DB02AA009300F0CBF90028A4
:1002C000009B29DB4FF4806120460093039DFAF7E1
:1002D00049F8009BB3F90C2000283BD01860186146
:1002E0004FF4806005F4704142F08002B1F5005F88
:1002F0009A8158613CD1B3F90E102046009300F06A
:10030000BDF9009BB3F90C2090B322F003024FF427
:10031000006C42F0010218E0B3F90C2012F0800FDB
:100320000CBF4FF480614021204601930091FAF701
:1003300019F8019B0099B3F90C2058B14FF0000C4B
:10034000C3E9040142F08002186042EA0C029A817B
:1003500019B030BD9105FBD4012022F0030203F156
:10036000430142F00202C3E904109A811960EFE7E9
:100370004FF4006CE9E700BF30B50C46B1F90E1040
:100380001546002999B016DB02AA019300F062F924
:100390000028019B0FDB039A4FF4806102F4704246
:1003A000A2F50052B2FA82F24FF4006052091A60CC
:1003B000296019B030BDA28912F0800206D0002257
:1003C000402110461A60296019B030BD4FF4806199
:1003D00010461A60296019B030BD00BF10B5354B0A
:1003E0000446186882B00B4610B1426B002A53D005
:1003F000B3F90C20110711D51869C8B1B3F90C2055
:1004000012F0010126D04FF0000C5969C3F808C062
:100410004942996120B3002002B010BDD00640D5FA
:10042000510723D4186942F008029A810028E5D1C7
:100430009A8902F42072B2F5007FDFD01946204677
:100440000193FFF725FF019BB3F90C20186912F007
:100450000101D8D1940758BF596999600028DAD1B1
:100460001106D9D542F040029A811FE0196B61B1A3
:1004700003F14000814206D020460193FBF7C6FFFE
:10048000019BB3F90C20002119630021186922F0A7
:100490002402C3E90001C6E70191FBF795FB019B2C
:1004A000A6E7092142F0400221609A814FF0FF3017
:1004B000B2E700BFC0060020884270B531D98B1862
:1004C00083422ED9032A00EB02011DD941EA030C15
:1004D0001CF0030F1D4618D18C464FEA920E0EF108
:1004E000FF36A1EB8E0453F804ED4CF804EDA4455F
:1004F000F9D1C6EB867301EB830105EB830CACF1FC
:100500000403043902F0030252B102F1FF3C6FEA26
:100510000C0C9C4413F8012D634501F8012DF9D111
:1005200070BD032A4FD941EA00039B074DD10F2A22
:1005300050D901F1100C664622F00F032031103B18
:1005400000F1100E19445CF8104C0CF1100C4EF830
:10055000104C5CF81C4C0EF1100E4EF81C4C5CF864
:10056000184C4EF8184C5CF8144C8C454EF8144C52
:10057000E9D1F11812F00C0F034402F00F0503F15A
:10058000100325D08C4625F0030EAEF10404264658
:100590001A1F1C195CF804EB42F804EFA242F9D1CF
:1005A000043104333144334405F00302002AB7D048
:1005B000013A0132013B0A4411F801CB914203F8A0
:1005C00001CFF9D170BD0346F0E70346013AF0E7E9
:1005D0002A46EBE703461546D4E700BF10B50446AC
:1005E0000843830724D1032A22D90B46A44618685E
:1005F0001946A0F1013323EA000313F0803F18D11C
:10060000043A032A4CF8040B01F10403EFD819460D
:1006100001F1FF3E52B163461EF8011F501E03F860
:10062000011B49B102469C46002AF4D1204610BD68
:10063000A44601F1FF3EEDE794440028F6D003F80C
:10064000011B6345FBD1204610BD00BF0048704729
:100650004406002038B50023074C054608461146DD
:100660002360F7F7D1FB431C00D038BD2368002B73
:10067000FBD02B6038BD00BF3018002038B50023F8
:10068000064C054608462360F7F76EFB431C00D076
:1006900038BD2368002BFBD02B6038BD30180020FC
:1006A00038B5074D074C2C1BA41005D0013C55F85C
:1006B000043D9847002CF9D1BDE8384002F0E6BD72
:1006C000C8450108C44501088307C9B20DD00346D7
:1006D000BAB193F800C018468C4503F1010302F14A
:1006E000FF320DD09807F3D11846032A0BD842B138
:1006F000024402E00130824203D003788B42F9D1F8
:1007000070470020704700B501EB012E0EEB0E4E36
:1007100003688EEA0303A3F1013C2CEA030313F000
:10072000803F05D1043A032A00F10400F0D842B119
:10073000024402E00130824203D003788B42F9D1B7
:1007400000BD002000BD00BF2DE9784815460024FB
:10075000144E21F0004CB44502460B462C601DD8C7
:100760005CEA00061AD02E460F4D8E460D404DB95C
:1007700000220E4BEFF788FE6FF0350402468E46DE
:1007800021F0004C4FEA2C516FF31E5EA1F2FE31B6
:1007900021444EF07F53316043F400131046194654
:1007A000BDE87888FFFFEF7F0000F07F0000504336
:1007B000F0B51D4C83B00546206816461F460191D2
:1007C000FBF77EFD194A0199136823B35A68206824
:1007D0001F2A23DC4DB9541C02325C6043F82210FE
:1007E000FBF770FD002003B0F0BD012403EB820E87
:1007F000CEF88860D3F888C194404CEA040C022DEE
:10080000C3F888C1CEF80871E5D1D3F88C512543DF
:10081000C3F88C51DFE7064B1360D7E7FBF752FDB7
:100820004FF0FF30DFE700BFC8080020401800206D
:100830004418002000B5DFF830C00446DCF80000A2
:100840009E468C46C06885B05AB10849234602923C
:10085000019172460649CDF800C001F0F5FAF9F7AA
:1008600065FD04490A46F1E7C00600205C3D010829
:100870006C3D01088C3B010810B5A1FB021482B04D
:1008800074BBF9F76FFD034670B350F8042C22F0E7
:100890000302043A242A10D8132A16D91B2AC0E9C5
:1008A00000441AD9242AC0E902440ABFC0E904441A
:1008B00000F1100100F1180108E021460190FBF75A
:1008C0005BFB019B184602B010BD01460022184692
:1008D000C1E900228A6002B010BD00F10801F5E70D
:1008E000FBF7BCFC0C2303600023184602B010BDCC
:1008F0002DE9F04F03690C6985B0A342C0F28F80E7
:10090000013C01F1140500F1140855F82430864625
:1009100058F8240001339842B0FBF3F605EB840746
:1009200008EB840A42D3A9460195CDF808E003916B
:10093000002349460025A646C1464FEA840B51F8DC
:10094000040BD9F8004082B206FB0255000C4FEAB6
:10095000154C06FB00CCADB2A2B2521B1A441FFAD2
:100960008CF3C3EB224303EB144392B242EA0342FB
:100970008F4249F8042B4FEA1C454FEA2343DED24D
:1009800058F80B307446DDE902E1019D73B9AAF114
:100990000403984504D307E0984504F1FF3403D2DB
:1009A0001A68043B002AF7D0CEF810407046F14692
:1009B000FCF7B0FD00282EDB41460022013655F839
:1009C000040BD1F800C01FFA80FE1FFA8CF3A3EBD2
:1009D0000E031344020CC2EB234202EB1C429BB2F7
:1009E00043EA0243AF4241F8043B4FEA2242E6D2D7
:1009F00058F8242008EB84036AB9043B984504D3D3
:100A000007E0984504F1FF3403D21A68043B002A3A
:100A1000F7D0C9F81040304605B0BDE8F08F00208F
:100A200005B0BDE8F08F00BF2DE9F04F16461F4618
:100A3000816BA1B00446CDE904672D9D41B101232E
:100A4000C26B93408B604A60FCF78AFA0023A36371
:100A5000B7F10009B4BF012300232B60B64BBCBF24
:100A600029F00049CDF8149033EA090300F0A5807D
:100A7000DDE904231046194600220023CDE90201D6
:100A8000EFF76AFF054668B101232C9A13602E9B8D
:100A900013B1AA4B2E9A1360A94B0793079821B064
:100AA000BDE8F08F1EAB01931FAB00932046DDE93C
:100AB0000223FCF793FE5FEA19538346DDF8788042
:100AC00040F091801F9D454405F23243202B40F3B6
:100AD0003182C3F1400309FA03F905F2124326FA01
:100AE00003F349EA0300EFF755FC0123013D10939E
:100AF000A1F1F87319460022924BEFF70DFB88A382
:100B0000D3E90023EFF7C0FC87A3D3E90023EFF775
:100B100005FB064628460F46EFF74CFC84A3D3E9B5
:100B20000023EFF7B1FC02460B4630463946EFF79B
:100B3000F5FA06460F46F0F7D7FC002281460A90E8
:100B4000002330463946EFF711FF002840F01981A5
:100B50000A9EA8EB050808F1FF35162E089500F24D
:100B6000FB80DDE90201784A02EBC603D3E90023EA
:100B7000EFF7FCFE002840F0D78180450E9040F34F
:100B80009A85354408950D960B9000230C932A9B6B
:100B9000092B3BD8052BC4BF043B2A932A9BC8BF13
:100BA0000025A3F10203D8BF0125032B30D8DFE8CD
:100BB00013F0370234022902CA0142F20F732C9A51
:100BC000C9F3130959EA0609136018D12E9B002BAB
:100BD00000F03D875D4B079308332E9A079813600A
:100BE00021B0BDE8F08F1095DDE90201A3F2FF35D9
:100BF000C1F3130343F07F5343F440137AE72E9B72
:100C0000002B40F09C81524B079347E700232A9327
:100C1000002520462946E563FCF77CF9079000286B
:100C200000F0B686079BA3631F9B002BC0F2B78022
:100C30000A9A0E2A00F3B380DDE90289424B40464E
:100C400003EBC203D3E9002316461F464946CDE90C
:100C50000867EFF743FDF0F747FC0546EFF7AAFBFF
:100C600032463B46EFF710FC4FF0FF3A0B46024688
:100C700049464046EFF750FA05F13003079D05F865
:100C8000013BCDF808B004944FF001095446DDE96A
:100C900008AB1DE052465B4630463946EFF71EFD75
:100CA000F0F722FC8046EFF785FB52465B46EFF7F4
:100CB000EBFB09F101090B46024639463046EFF7D6
:100CC0002BFA08F13003A14505F8013B00F06285DD
:100CD0000022204BEFF7D8FB0022002306460F46E8
:100CE000EFF73AFE0028D5D0A9460A9BDDF808B0F8
:100CF0000133049C049359462046FCF731F9002344
:100D0000049A89F800302C9B1A602E9B002B3FF42C
:100D1000C5AE0798C3F8009021B0BDE8F08F00BFC2
:100D200061436F63A787D23FB3C8608B288AC63FF1
:100D3000FB799F501344D33F0000F07F593D0108D9
:100D4000583D01080000F83FB04101089C3D0108F2
:100D5000A83D01080000244001230E93089B002BAE
:100D6000C0F2DC8000230B930A9B002B80F2D18021
:100D7000DDE90A32D21A0B9200225B420D920C93EB
:100D800005E74846EFF716FB32463B46EFF7E4FD32
:100D900000287FF4DDAE09F1FF330A93D8E64FF067
:100DA000FF3A2B95CDF83CA0109A002A40F03B81E9
:100DB0001E9BDDF83080C3F13603089A0B9F1A445E
:100DC000012120460892FD18FCF7E2F90646002FA3
:100DD00040F0C0820C9B002B00F0F783B8F1000FAD
:100DE00040F0DC83594620460C9AFCF7C3FA0123F5
:100DF00083460C9301212046FCF7CAF90D9B029013
:100E0000002B40F060822A9B012B40F3CA82012014
:100E1000089B184410F01F0000F00A811B2800F303
:100E2000DA820B9AC0F11C000244034405440B9281
:100E30000893002D05DD59462A462046FCF7F6FAB0
:100E40008346089B002B05DD1A4620460299FCF7D5
:100E5000EDFA02900E9B002B40F01782BAF1000FC2
:100E600040F3ED810C9B002B40F031810A9B013354
:100E700004930125079FDDF8089007E059460023F9
:100E80000A222046FCF776F8834601354946584643
:100E9000FFF72EFD554500F1300807F8018BEDDB1B
:100EA000BAF1000F0AF1FF35D8BF0025079B5A1C85
:100EB00005EB020A0025594601222046FCF7B6FA46
:100EC00002998346FCF726FB002840F38183079AAA
:100ED00002E0924500F0B9831AF8013CD146392B63
:100EE0000AF1FF3AF5D001338AF800302046029922
:100EF000FCF736F8002E3FF4FEAE2DB1B54203D01C
:100F000029462046FCF72CF831462046FCF728F805
:100F1000F1E6089A0D931A44089236E6C8F10103E7
:100F20000B93002308931FE70A9B013B0A930023BE
:100F30000E9313E7C3F1200306FA03F0D3E5AD4B9C
:100F40000793033349E6012312932B9B0A9A134418
:100F500003F1010A5646012EB8BF01260F93172E42
:100F600040F36685012204235B0003F11400B042C4
:100F7000114602F10102F7D9E1632046FBF7CAFFEF
:100F80000790002800F00485BAF10E0FA06358D82E
:100F9000002D56D00A9A002A40F35E83964902F04B
:100FA0000F0301EBC303D6054FEA2215D3E90089ED
:100FB00040F11184DDE90201904B0327D3E90823B6
:100FC000EFF78CFBCDE9140105F00F05002D00F0C3
:100FD00024828A4E01E06D100836E80703D46D10B4
:100FE0000836E907F7D5D6E9002340464946EFF72A
:100FF0004BFA6D108046894607F1010700F00D821B
:101000000836EEE7012312932B9B002B40F3B281AD
:101010002B9B9A461E460F93A1E70023129394E759
:1010200000231293F0E7DDF8308003F23343C4E687
:101030001C200B9B054403440B93089B034408931B
:10104000F7E61F9B002BC0F254810A9A0E2A00F388
:101050005081694B1C930A9A1C9B03EBC203D3E992
:101060000023CDE908232B9B002B80F2BB83BAF130
:10107000000F00F3B78340F0DD82DDE908010022B4
:101080005F4BEFF701FA02460B46DDE90201EFF78D
:1010900077FC5146002840F0CE823123DDF81C90C9
:1010A00009F8013B2046FBF75BFF0A9B02330493E0
:1010B00021E6314600230A222046FBF75BFF0F9B07
:1010C0000646002B40F3AD84DDF83CA00A950B9B4F
:1010D000002B05DD31461A462046FCF7A7F90646E7
:1010E0000D9B002B40F03F833746079B1D46013B7D
:1010F00053440C93049B03F001030D93029958464B
:10110000FFF7F6FB314682465846FCF703FA029990
:1011100081463A462046FCF71DFAC36801460AF1AB
:101120003008002B36D10B905846FCF7F3F90B9999
:1011300008902046FBF714FF089A002A62D12A9BE8
:101140001BB90D9B002B00F05484B9F1000F42DB5A
:10115000AA460C9B0AF8018B9D4200F06683594613
:1011600000230A222046FBF705FFBE428346314694
:101170004FF000034FF00A02204635D0FBF7FAFE8D
:10118000394600230A2206462046FBF7F3FE554661
:101190000746B3E72046FBF7E3FEB9F1000F08DB93
:1011A000049B03F001022A9B49EA030952EA09025F
:1011B00036D1594601222046FCF738F90299834678
:1011C000FCF7A8F9002840F3EE83B8F1390F00F0DE
:1011D000CB830AF13108A9460A9B354601333E46C6
:1011E000049309F8018B81E6FBF7C4FE55460646D9
:1011F000074683E7A83D0108B0410108884101087E
:1012000000001440B9F1000FC0F225842A9B49EA7E
:1012100003090D9B53EA090900F01D84002A97DD9C
:10122000B8F1390F00F0A083A9460A9A08F101032A
:101230000132354604923E4609F8013B56E62A9BA8
:10124000022B7FF70FAEBAF1000F40F05F825346DA
:10125000052202992046FBF78DFE01460290584672
:10126000FCF758F9504540F351823123DDF81C90CA
:10127000204609F8013B0299FBF772FE0A9B0233F4
:101280000493002E7FF440AE35E558460299FCF7F2
:1012900041F90028BFF6E2AD594600230A22204654
:1012A0000A9DFBF767FE0C9B8346013D002B7FF4F4
:1012B00000AF0F9B002B40F3A7830A9BDDF83CA0F7
:1012C00004930A95D5E51A4601462046FCF752F8E4
:1012D0002A9B0290012B40F3398200230D93029A3E
:1012E000136902EB83031869FBF7EAFEC0F12000E3
:1012F0008EE5129AAAB90B9B002B72D10C9B002B86
:1013000040F081801D461E4674E51F9BDDF858B0F5
:10131000002BDDF860A0149C03DB0A9A0E2A7FF7ED
:101320009AAE2A9A012A7FF73FAD0C9B0AF1FF374C
:10133000BB42C0F2C881BAF1000FA3EB070880F2EC
:101340006083012120460B9DFBF722FF0646A5EB9B
:101350000A070B97089B002B7FF73CAD0B99089869
:101360000B468142A8BF0346CA1AED1AC31A0B9254
:1013700008932FE500212046E163FBF7CBFD0790A2
:10138000002800F00583079BA363002D40F0CC816B
:101390001F9BAB42C0F22683012292460F922B92F2
:1013A00053E6049B002B7FF432AD059BC3F313037C
:1013B000002B7FF42CAD059B23F000431B0D1B0578
:1013C000002B3FF424AD089B013501330893012322
:1013D00018460D931CE51C283FF42BADC0F13C00D2
:1013E00027E6089B002B00F090820B9908980B468B
:1013F0008142A8BF03460C9ECD1AC31A08930B95D1
:10140000002E3FF4F7AC594620460C9AFBF7B2FF8A
:10141000002683460C960B9DECE44246DDE9140160
:101420004B46EFF75BF9804689460E9B43B100229D
:1014300040464946BE4BEFF799FA002840F06E82CD
:101440003846EEF7B7FF42464B46EFF71DF800224D
:10145000B84BEEF763FE0546A1F15076BAF1000FE6
:1014600000F0CF800A9BCDF850A01D93B24B149989
:101470001C9303EBC10353E902124046CDE91A1253
:101480004946CDE91856F0F72FF800F13006EEF78F
:1014900091FF02460B4640464946EEF73DFE89461F
:1014A0008046079B12995D1C2F46DDE91A23CDE982
:1014B0001689002900F0C0810020A049EFF70EF93D
:1014C000DDE91823EEF728FE02460B46DDF81CC0C6
:1014D000CDE912238CF8006042464B46EFF764FAE0
:1014E000002840F0A982DDE91667A846CDF860A083
:1014F0008146DDF850A0CDF858B01494DDE91245CE
:101500002BE009F10109D145BFF6FFAE204629467F
:1015100000228B4BEEF7B8FF0022894B04460D46A4
:1015200030463946EEF7B0FF0F460646EFF7DCFFD0
:1015300000F1300BEEF73EFF02460B4630463946CF
:10154000EEF7EAFD22462B4608F801BB06460F4699
:10155000EFF70CFA002840F03C8232463B46002070
:101560007349EEF7D9FD22462B46EFF7FFF9002825
:10157000C7D01D9E4546DDF858B0149C079A013629
:1015800002E0954200F0ED81A94615F8013D392BA6
:10159000F7D001332B700496FFF7ADBB31464246BE
:1015A0002046FBF7E7FE06465A4631462046FBF743
:1015B0001DFE074659462046FBF7D2FC0C9BBB4656
:1015C000B3EB08030C937FF40DAC01230C9311E4EF
:1015D00003D118F0010F7FF47AACD1461AF8013D1F
:1015E000302BFAD082E43846EEF7E4FE42464B4612
:1015F000EEF74AFF00224F4BEEF790FD0546A1F1B2
:1016000050764046494600224E4BEEF785FD2A466D
:10161000334680468946EFF7C7F9002840F0B0818D
:10162000404649462A4606F10043EFF79FF9002855
:101630003FF407AD00212046FBF792FC2B9BDDF821
:101640001C905B420493FFF756BB0A9B079A023338
:1016500004933123137049E400F05C81DDE9020159
:101660000A9B354A5D4205F00F0302EBC303D3E941
:101670000023EEF709FF2D11804689464FF002073F
:101680003FF4D3AE304E01E06D100836EA0703D4C4
:101690006D100836EB07F7D5D6E9002340464946DA
:1016A000EEF7F2FE6D108046894607F101073FF420
:1016B000BCAE0836EEE7C8F101030B930A9B089312
:1016C0000D93FFF762BA0C9B0D9AFB1A1A44089B04
:1016D000012153442046DDF82C800D920893FBF73E
:1016E00057FD08EB0A0506460C97B8F1000F3FF4CA
:1016F00079AB0B9908980B468142A8BF0346CA1ADA
:10170000ED1AC31A0B920893FFF76CBB204602999F
:10171000FBF726FC2B9BDDF81C905B420493002E0C
:101720007FF4F2ABFFF7E7BAAA460F952B9531E4A9
:101730000000F03F00001C40B04101080000E03F05
:10174000000024400000144088410108049B002B45
:101750007FF4C3ADDDE90412C2F31303002B00F0E4
:1017600029810D91BBE520467168FBF7D3FB054647
:10177000002800F07581336906F10C0102339A00EC
:101780000C30EFF73BFE012229462046FBF74EFEC8
:101790000746AAE4DDF808B0049C02460B46EEF7C3
:1017A000BDFC0A9B814601331E460493DDE90823F4
:1017B0008A46EFF7F9F848B9DDE90823484651466B
:1017C000EFF7CAF820B118F0010F01D0079ADBE655
:1017D000A946FFF790BADDE902230227CDE91423D9
:1017E000FFF7F4BB079B5F1CDDE90256DDE9082328
:1017F00028463146EEF772FFEFF776FE8046EEF7A9
:10180000D9FDDDE90823EEF73FFE02460B462846E8
:101810003146EEF781FC079A08F13003BAF1010F67
:101820003D4613707FF42DAAB7E70A9B3546013376
:101830003E460493FFF73FBBDDE91801EEF724FEB7
:10184000079BCDE910011E70149B012B27D0DDE909
:101850001601CDF848B0A846AB46079B149A03EB97
:1018600002090022824BEEF70FFE0F460646EFF705
:101870003BFE00F13005EEF79DFD02460B4630467B
:101880003946EEF749FC08F8015BC845E9D15F46E7
:10189000149BCDE916017D1EDDF848B01D440022E1
:1018A000DDE91001734BEEF739FCDDE9168942469C
:1018B0004B46EFF75BF8002871D1DDE910230020DB
:1018C0006C49EEF729FC42464B46EFF76DF880B9BC
:1018D0001F9B8342FFF60FAD0A9B0E2B3FF70BAD0C
:1018E0001C9B0A9A03EBC206D6E90023CDE9082324
:1018F0007AE715F8013CA946302B05F1FF35F8D001
:101900001D9B01330493FFF7F6B90C9E002E7FF464
:101910007AAD80E50227DDE9028986E5BAF1000F9C
:101920003FF461AE0F9D002D7FF78BAB0A9B002229
:10193000013B404649461D934D4BEEF7A5FD8046C1
:101940008946781CEEF736FD42464B46EEF79CFD85
:101950000022494BEEF7E2FB1495A1F150760546C3
:1019600084E53123013615E6AA4639230AF8013BFE
:101970000A9B354601333E46079A0493FFF7ACBAFB
:101980003123DDF81C90002109F8013BFFF78ABBE9
:10199000002240F2AF11394B3948FEF74BFF1D9E34
:1019A000079A0136F0E57FF416AC18F0010F7FF4CA
:1019B0000CAC10E4059B23F000431B0D1B05002B12
:1019C0003FF48CAC089B01350133089301230D9340
:1019D00085E41D9BC1460133DDF858B0149C049387
:1019E000FFF789B9129B6BBB01239A460F932B9388
:1019F00081E4B8F1390FB7D091453FF7EAABFFF773
:101A0000EABB5346FFF7D9B92A9A022A05DC0A9A9B
:101A10009A4604920A95FFF72CBA0A95DDF83CA085
:101A200011E42A9A0A95022AF8DC9A46FFF74FBB7E
:101A30000021E163FFF7A1BA1D9BA946013304937E
:101A4000FFF759B9129B9A462B930F936DE40D4BF8
:101A50000793FFF723B8002A3FF7ABABFFF7BBBBF9
:101A6000024640F2EF21054B0548FEF7E3FE00BFBA
:101A7000000024400000E03F00001C40443C0108FE
:101A8000AC3D01089C3D0108002900F09E802DE935
:101A9000F04383B00C4607460092F8F725FF009903
:101AA00001F10B03162B60D81023994260D854F82B
:101AB00004ECA4F108052EF003029A4264DABA4855
:101AC00005EB020C8068DCF80460604500F08F8054
:101AD00026F0010060444068C0076BD426F003067E
:101AE000901983424BDD1EF0010F0FD154F8080C02
:101AF000281A8046406820F0030006441644B3428A
:101B000040F3F7801618B34240F3CE803846CDE953
:101B10000023F8F727FCDDE900230646002800F043
:101B2000228154F8041CA0F1080C21F00101294481
:101B3000614500F0B380043A242A00F2D680132ACB
:101B400000F2A1800346224611681960516859606D
:101B500092689A6021463846FAF758FC3846F8F7FA
:101B6000C9FE304603B0BDE8F08333F007039CD5CF
:101B70000C233B600026304603B0BDE8F0830246EC
:101B8000DCE90201C16088606968D01A0F2801F0A1
:101B9000010105EB02061BD811436960736843F02D
:101BA000010373603846F8F7A5FE2646304603B0B9
:101BB000BDE8F0831EF0010FA8D154F8080C281AD4
:101BC0008046406820F003009CE71146F8F7CABB46
:101BD0001943696040F00100E918486073683846AD
:101BE00043F0010308317360FAF710FCDAE726F0DE
:101BF0000306B01803F1100C604580F295801EF0CA
:101C0000010F83D154F8080C281A8046406820F050
:101C1000030006441644B445B1463FF773AF464649
:101C2000D8F80C1056F8080F043A242AC1608860CE
:101C300000F2B380132A40F2AE8021681B2AC8F854
:101C400008106168C8F80C1000F2B080083408F180
:101C500010022168116061685160A1689160A9EB70
:101C60000302514D08EB030142F00102A9604A60F2
:101C7000D8F80420384602F001021343C8F80430B3
:101C8000F8F738FE92E723681B2A03606368436015
:101C90003FD804F1080200F1080355E750F8041C8E
:101CA00021F003010A446FE74546043AD8F80C10C6
:101CB00055F8080F242AC160886023D8132A1FD939
:101CC00021681B2AC8F808106168C8F80C103ED8B3
:101CD000083408F110022168116061685160A16840
:101CE00091602C46324645464EE72146FEF7E4FB1E
:101CF00030E7DCE902014546C160043A8860D5E777
:101D00002A46E8E7214628460093FEF7D5FB009BCC
:101D1000E7E7A368242A8360E368C36027D004F15F
:101D2000100200F110030FE7C21A1F491D4442F0D0
:101D300001028D606A6054F8042C384602F00102FA
:101D4000134344F8043CF8F7D5FD26462EE7A16876
:101D5000242AC8F81010E168C8F8141010D0103404
:101D600008F11802B7E73846F8F7C4FD02E723691F
:101D700004F1180203616369436100F11803E3E6AB
:101D800022691834C8F8182054F8042CC8F81C200C
:101D900008F120029FE732465BE721463046009378
:101DA000FEF78AFB009B5AE758000020A168242A0E
:101DB000C8F81010E168C8F8141003D0103408F106
:101DC000180246E722691834C8F8182054F8042C81
:101DD000C8F81C2008F120023BE700BF30B50446DC
:101DE00087B05BB110480193D0F8C85171B120465B
:101DF000A847421C019B10D007B030BD00F582738C
:101E000009480193D0F8C8510029F0D10A4620466C
:101E100003A9A847421C019BEED100218A22196028
:101E2000226007B030BD00BF6C0400209C4600B5A6
:101E300083B0049BCDF800C001934FF0FF3301F055
:101E4000D5F903B000BD00BF0EB400B5074A82B09B
:101E500003AB0146106853F8042B019300F008F817
:101E600002B05DF804EB03B0704700BFC00600206D
:101E70002DE9F04F8346C3B012AF9246029108227B
:101E8000002138461C460993FAF776F8BBF1000F9B
:101E900004D0DBF83430002B00F01587029B5A6E1B
:101EA000B3F90C30D60740F145819D0400F1BF85A0
:101EB000029943F4005322F400528B814A66910444
:101EC00001F18B80029BB3F90C301E0740F1BE80FC
:101ED000029A1269002A00F0B98003F01A020A2A55
:101EE00000F0C380002319AA9146CDE91733CDE94C
:101EF0000B3316920D9305935546944BD3F8CC4172
:101F0000FAF72AF92A46034610A958460097A0472F
:101F1000002800F0C980C0F2BF80109B252B01D0A3
:101F20000544EAE7B5EB0A06044640F0C18000220A
:101F30004FF0FF33904603936B7805F1010A8DF85B
:101F40003B20069219460AF1010AA1F120035A2BFF
:101F500000F2FE80DFE813F0FB03FC00FC00F50359
:101F6000FC00FC00FC00D703FC00FC006A005702E8
:101F7000FC001A021204FC000C045B005B005B0016
:101F80005B005B005B005B005B005B00FC00FC0037
:101F9000FC00FC00FC00FC00FC00FC00FC00E80174
:101FA000B903FC00FC00FC00FC00FC00FC00FC0091
:101FB000FC00FC00FC001F02FC00FC00FC00BB015C
:101FC000FC006E03FC00FC00BB05FC00FC00FC00F8
:101FD000FC00FC00FC00FC00FC00FC00FC00E80134
:101FE0007C01FC00FC00FC00AC037C017500FC00E3
:101FF0006103FC0053033F03F7027500FC00BB01C3
:1020000072005D02FC00FC00F705FC00720000227B
:10201000A1F130031AF8011B02EB820203EB42022A
:10202000A1F13003092BF5D906928EE7099B53F8ED
:10203000042B002A06920993C0F2A5819AF8003079
:1020400080E79AF8003048F020087BE7029D584668
:102050002946FEF7C3F9002840F0D287B5F90C30C5
:1020600003F01A020A2A7FF43DAF0299B1F90E205B
:10207000002AFFF637AF4A6ED00702D49A0540F126
:102080006A87234652465846029900F0F9FF0590A8
:10209000059843B0BDE8F08F082200213846F9F7D3
:1020A0006BFF0120054428E7B5EB0A06044611D072
:1020B000189BC9E900A633441893179B0133072BDB
:1020C000179311DC09F10809059B33440593002C93
:1020D0007FF42DAF189B002B40F04B870022029B12
:1020E0001792B3F90C3019E05846029916AAFDF779
:1020F00025FE80B90DF16409E6E75846029916AA53
:10210000FDF71CFE002800F08E80079B1BB158468F
:102110000799FAF77BF9029BB3F90C30029A526ED9
:10212000D00740F18B805B0600F13F87059843B0F4
:10213000BDE8F08F990540F11B819E047FF5B8AE94
:1021400095047FF5C2AE00F04ABF00BF6C040020CA
:102150000029BFD000230122CDE903328DF8A4105D
:10216000089229AD8DF83B30079318F08406DDE91D
:1021700017C0014662462BD1069B049C1C1B002CF9
:1021800000F3FD839DF83B302BB300260A96012314
:1021900001320131C9F80430072A0DF13B03CDE9C2
:1021A0001721C9F8003000F3948309F108090A9B4C
:1021B00073B1022301320231C9F80430072A0FAB90
:1021C000CDE91721C9F8003000F3768309F1080939
:1021D000802E00F0F082039B08981C1A002C00F35C
:1021E0002D83089B01321944072ACDE91721C9F82C
:1021F0000050C9F8043000F3538309F1080918F0BE
:10220000040F05D0069B049A9C1A002C00F36E83E1
:10221000DDE9053204988242ACBF9B181B18059378
:1022200000297FF46AAF00231793079B1BB1584620
:102230000799FAF7EBF80DF164095DE69A053FF5A9
:1022400072AF029CA06DFAF73DF8B4F90C306AE762
:1022500018F0200F00F00884099B073323F00702D1
:10226000536852F8084B1E460992002BC0F23E827A
:10227000039A002A05DB54EA060328F0800800F0E0
:1022800075840A2C76F1000380F0E5803034039ADF
:102290009DF83B30012AB8BF01228DF80741049216
:1022A000002B00F0BD83049B002401330493012321
:1022B000CDE907430DF2071518F08406DDE9172173
:1022C000084694463FF458AF00230A935FE7002383
:1022D000099E8DF83B3056F8043B0793002B00F025
:1022E0002985532900F0488418F0100440F04484F4
:1022F000039A002AC0F2EC8421460798FEF7E4F91D
:102300009DF83B30079D002800F05D86421B089237
:1023100022EAE2720492002B00F0E784531C03943B
:10232000099604930794C7E7432903D018F0100FC8
:1023300000F012840822002114A8F9F71DFE099A62
:1023400029AD29465846126814ABFFF747FD08909F
:10235000013000F02186089B23EAE3730493099B74
:102360000433099300238DF83B3007930393FCE675
:10237000029DA86DF9F7A4FFB5F90C306A6E9804B8
:102380003FF59DAD94E5069B5B4206939AF80030BD
:1023900048F00408D6E518F0200F48F0100000F0CF
:1023A0007583099B073323F007031A46596852F8CF
:1023B000083B099200228DF83B20039A002AC0F2C4
:1023C0002C8353EA010220F4906800F0348342AD7C
:1023D00003F00702DB0843EA4173C908303253EACD
:1023E0000104284605F8012DF2D118F0010340F050
:1023F000B582039A079342AB5B1B9A42B8BF1A4659
:1024000008930492B1E62B238DF83B309AF8003004
:1024100098E518F0200F40F02C81099A18F0100070
:1024200052F8043B40F0288618F0400100F0A684E2
:102430008DF83B009BB2002603991C46B14204DB99
:1024400028F08008002B00F063850A2C76F1000349
:102450000992FFF41BAFCDE9078A0020DDF82CA01C
:1024600042A908F48065CDF8109025E0A319BE4A72
:1024700043F10003A2FB032C2CF0030202EB9C02AD
:102480004FF0CC3CA146B6469B1AE31A0CFB03F274
:10249000B54C66F1000604FB0622A3FB0443B9F128
:1024A0000A0F13444FEA54047EF1000E414644EAF9
:1024B000C3744FEA53062CD3DFF8ACE2A31943F1FF
:1024C0000003AEFB032C2CF0030202EB9C029B1AD0
:1024D000E31AA3FB0E3266F1000C0EFB0C225B0824
:1024E00043EAC27303EB8303A4EB430330330130AD
:1024F00001F1FF3801F8013C002DB7D09AF8003007
:102500008342B3D1FF28B1D00A2C76F1000380F0CA
:1025100056844546039942AA521B9142B8BF1146C0
:102520009DF83B30DDF81090CDF82CA00491DDE94A
:10253000078A0892002B00F0DB83049B013304938D
:1025400000230793B8E6002147F63003039C099A5D
:102550008C42ADF83C308DF83B1052F8043BC0F291
:10256000F88228F0800040F00208002B00F0EE8393
:102570007E4803F00F04045D1B098DF807410992A2
:1025800000F06285022204920DF2071503F00F029B
:10259000825C1B0943EA0173090905F8012D53EA1E
:1025A0000102F3D1039A42AB5B1B9A42B8BF1A46B1
:1025B00008931346049A002A00F05085DDE917219C
:1025C000023318F0840608469446049300F0FD8216
:1025D00000230793EDE518F0200F40F07682099A6A
:1025E00018F0100F52F8043B40F03A8518F0400FF5
:1025F0004046099200F0CB8300219BB2DAE6099AAB
:1026000018F0200F02F1040300F04E8212680599C1
:102610001160C917516009936EE49AF800306C2B71
:1026200003BF9AF8013048F020080AF1010A48F087
:10263000100887E418F0200F48F010011AD1099B08
:102640001A1D0026099B03981B68B0421C468DF892
:102650003B60C0F27A8221F08008002B7FF4F5AE57
:102660000992002840F0598408900490079042ADE8
:102670007BE54146099B073323F0070200238DF8D1
:102680003B30039B566852F8084B002B0992C0F26E
:102690005D8254EA060321F080087FF4F2AD039BCB
:1026A000002B40F03A8408930493079342AD5CE515
:1026B0009AF80030682B03BF9AF8013048F400788C
:1026C0000AF1010A48F040083CE418F0200F48F0F5
:1026D000100340F0E281099A0432099998460C6887
:1026E0000992E6173346002BBFF6C2AD2D238DF8B5
:1026F0003B30039B644266EB4606002BFFF6C1AD00
:1027000028F08008BDE55846FDF7A0FF436818464D
:102710000D93F9F7E7FD0C9004465846FDF796FF38
:1027200081689AF800300B91002C3FF40BAC002923
:102730003FF408AC0A78002A3FF404AC48F48068FF
:1027400000E49AF8003048F00108FFF7FBBB9DF861
:102750003B209AF80030002A7FF4F4AB20228DF859
:102760003B20FFF7EFBB00BFCDCCCCCC283D010810
:102770009AF8003048F08008FFF7E4BB504610F8A4
:10278000011B2A2900F04784A1F13003092B98BFCF
:10279000002200F2E78310F8011B02EB820203EB38
:1027A0004202A1F13003092BF5D942EAE2738246D5
:1027B0000393FFF7CABB069B04981C1A002C7FF7F3
:1027C0000AAD102C40F3F68348460A95C146102600
:1027D000B34DDDF8088004E0103C102C00F1080037
:1027E00015DD01321031072AC0E90056CDE9172165
:1027F000F2DD4146584616AAFDF7A0FA00287FF4FC
:1028000084ACDDE91721103C102C19A8E9DCC8467E
:1028100081462B460A9D01322144072ACDE9172122
:10282000C9F80030C9F8044000F37182039B08988E
:1028300009F108091C1A002C7FF7D3AC102C40F3C7
:10284000B7821026484604E0103C102C00F1080026
:1028500016DD0132924B1031072AC0E90036CDE96E
:102860001721F1DD5846029916AAFDF767FA0028EC
:102870007FF44BACDDE91721103C102C19A8E8DCE3
:102880008146874B01322144072ACDE91721C9F837
:102890000030C9F8044000F3B28009F10809A0E44F
:1028A0005846029916AAFDF749FA00287FF42DAC84
:1028B00018990DF16409A2E45846029916AAFDF789
:1028C0003DFA00287FF421ACDDE917210DF1640900
:1028D0007EE45846029916AAFDF730FA00287FF4E4
:1028E00014ACDDE917210DF1640960E4102C179B8D
:1028F00040F33D8310256B4EDDF8088004E0103C6A
:10290000102C09F1080916DD01331031072BC9E934
:102910000065CDE91731F2DD4146584616AAFDF7AC
:102920000DFA00287FF4F1ABDDE91731103C102CD3
:102930000DF16409E8DC01332144072BC9E9006487
:10294000CDE917317FF764AC5846029916AAFDF716
:10295000F5F900287FF4D9AB189959E4302A00F032
:10296000CA813023039A023805F8013C42AB1B1A96
:102970009A42B8BF1A46054608930492D1E0002354
:102980000A93102C624640F3EB8249461023C1465D
:10299000444EA846029D04E0103C102C01F10801B1
:1029A00017DD01321030072AC1E90063CDE9172095
:1029B000F2DD2946584616AAFDF7C0F900287FF433
:1029C000A4ABDDE91720103C102C4FF0100319A91F
:1029D000E7DC4546C846894601322118072ACDE979
:1029E0001721C9F80060C9F8044000F33F819DF841
:1029F0003B6009F108098EB30026FFF7C8BB5846B3
:102A0000029916AAFDF79AF900287FF47EABDDE95A
:102A100017210DF16409FFF7E4BB20F48068D6E4C8
:102A2000079301230DF207150893FFF79EBB90044F
:102A30007FF54BAAB9E2039A002A7FF4C8AC10F0E4
:102A40000102049200F00C8130238DF80731039BC2
:102A5000089207930DF20715FFF787BB0A9B002B1F
:102A60007FF4A7ABFFF7B7BB099A18F0100F52F825
:102A7000044B40F0F78218F0400F099200F0738188
:102A800044F3C036334624B2FFF7EFBB099B1A1D4F
:102A9000099B00211B6809928CE49846FFF7DCBB78
:102AA0009C430108AC43010818F0100F40F03D8131
:102AB00018F0400F40F0458218F4007F00F0358197
:102AC000099A059912681170A5E5404669E4B54870
:102AD00018F0200F00F09B80099B073323F00703B9
:102AE0001C465A6854F8083B099418F001040494F1
:102AF00075D103998DF83B400029C0F29F8053EABD
:102B0000020128F4906840F0DA80039A002A00F06D
:102B10005181037804928DF8073101230DF20715D6
:102B2000089318F08406DDE917210846944600F062
:102B300085829DF83B30002B00F0838200230793B1
:102B40000A93FFF724BB9848C2E709928846FFF72B
:102B500098BB48F002080BE50122099B04921B6810
:102B600029AD8DF8A4300892FFF7F9BB002A00F0D8
:102B7000C1813024FFF78BBB079B0822002114A8DA
:102B80001193F9F7F9F9039B002BC0F2618100243E
:102B9000CDF81090254699460FE014AB584629A968
:102BA000FFF71CF9431C04F10404284400F0F481ED
:102BB000484506DC00F000820546119B1A59002AA0
:102BC000EBD1DDF81090039550E1069C049B07962D
:102BD000E41A002C7FF7EDAA02230A93D1E653EA08
:102BE00002045BD100238DF83B30039B002BC0F225
:102BF0006C8128F4906800F0888103780DF2071545
:102C00008DF80731049B0893039B049389E7099A85
:102C100018F0100F52F8043B099209D118F0400F38
:102C200002D000229BB260E718F4007F40F07D8163
:102C300000225AE7022148F00208049103F00F0134
:102C4000415C28F480681B0943EA02738DF8071180
:102C5000110953EA12127FF497AC0DF20715A1E4A3
:102C6000039B42ADCDE90733FFF77FBA584602997F
:102C700016AAFDF763F8064600287FF446AADDE9A8
:102C800017219DF83B30002B40F088800A9B0DF106
:102C90006409002B7FF48DAAFFF79DBA8DF83D10D3
:102CA00030218DF83C1000218DF83B10039900294C
:102CB000C0DB28F4906141F002080221049103F086
:102CC0000F01415CBFE75846F8F77EFFFFF7E6B813
:102CD000079D2846F9F706FB9DF83B3020EAE07295
:102CE00008900492002B7FF419AB079D039309967B
:102CF0000793FFF73ABA039A42AB5B1B9A42B8BFFD
:102D00001A460893002304920793FFF72EBA5846F9
:102D1000029916AAFDF712F800287FF4F6A9DDE95A
:102D200017210DF16409FFF756BA099A059912683F
:102D3000116070E4039B079A062B28BF06231B4DE6
:102D40000493099603920893FFF70FBA0992002C97
:102D500000F0E680302301228DF8073108922346E7
:102D60000DF207152AE418F4007F14BF44F3C016CF
:102D7000E617334618BF64B2FFF777BA18F4007647
:102D800000F0D6808DF83B10DBB2FFF754BB18F48F
:102D900000711CBF0021DBB2FFF70CBB0DF1640911
:102DA000FFF7F5B93C3D0108283D0108503D0108F9
:102DB000AE4B67E5039B42A805460893B1E60C9A23
:102DC0000D99A8EB02094846FDF708FC9AF8013076
:102DD0000BB10AF1010A4FF0CC310120A44AA3192A
:102DE00043F10003A2FB03CE2EF0030C0CEB9E0C70
:102DF000A3EB0C03E31A03FB01F166F10006A3FB4E
:102E0000023402FB0611C340214443EAC17421FA93
:102E100000F6A31943F10003A2FB031C2CF00301ED
:102E200001EB9C015B1AE31AA3FB023166F1000C73
:102E300002FB0C12C34043EAC27303EB8303A4EB0F
:102E40004303303309F1FF3809F8013CFFF756BB63
:102E500014AB009300235846194611AAFEF7E6FF6B
:102E60000390013000F09880079B1193039B002B87
:102E700035D0632B6BDD5846591CF7F773FA0546BE
:102E8000002800F0898007900822002114A8F9F793
:102E900073F8039C14AB009329462346584611AAA5
:102EA000FEF7C4FF844240F0C2800023039A22EA66
:102EB000E271AB54049111469DF83B20002A62D187
:102EC000CDE908160392FFF750B9037828F480681B
:102ED0008DF80731049B0DF20715089321E69DF844
:102EE0003B30079D003B18BF01230493039B0996C9
:102EF000089316E69DF83B303BB1039B42ADCDE90C
:102F0000073301230493FFF7D7B9039BFFF7CBBB2C
:102F1000039B0992002B3FF4C6AB0024FFF7B6B920
:102F2000039B42AD0893FFF749BB0022DBB2DCE50F
:102F300003991C4600298DF83B60BFF681AAFFF774
:102F400084BA099A059912681180FFF764BB0023BF
:102F500029AD079398E7886DF9F7B4F9FFF791B8B1
:102F6000444E39E5002382460393FEF7EEBF414EFF
:102F7000E1E45846029916AAFCF7E0FE00283FF467
:102F8000ADA8FFF7C8B8039A0393049BCDE90826C0
:102F900001330493FFF790B90298B0F90C30426EF8
:102FA00043F04001D507818109D54FF0FF330593E8
:102FB000FFF7BCB82D4B2EE4DDF8109056E79905CD
:102FC000F3D4FFF73EB99BB1039B099608930133F5
:102FD000CDE903030790FFF76FB9D307E5D4029B50
:102FE0009B899F05E1D4029B986DF9F76BF9DCE7AB
:102FF000039A0793CDE9033209960892FFF7B5B813
:10300000029A536EDD07D0D493899C05CDD4906D80
:10301000F9F758F9C9E7099A9AF8013052F8041BF0
:103020008246099241EAE1720392FEF78BBF029A4F
:10303000938943F040039381FFF767B80796FFF742
:103040009BB80793FFF7C4B80122039B0892012B9A
:10305000B8BF01230DF20715FFF7B0BA049360E57E
:10306000404615E54346FFF738BB00BF9C430108C7
:10307000CDCCCCCCAC4301084146FFF7E2BA00BF4F
:10308000F0B50D4616464FF4806100220746ADF2BA
:10309000744DCDE907126A6E04911B92EA89A989E1
:1030A000ADF81620EA691CA809926A6A21F00201AB
:1030B0000290069018A80193ADF814100B92F9F73E
:1030C000FBF832463846019B02A9FEF7D1FE061EE8
:1030D00007DB384602A9FCF733FF002818BF4FF082
:1030E000FF36BDF814305B0603D5AB8943F04003CF
:1030F000AB811898F9F7E2F830460DF2744DF0BD47
:103100002DE9F04F89B01C46DDE91278DDF85090CA
:103110000090B8F1000F4FD00029C34608BF4FF010
:10312000FF370025884692461668019104E056F85C
:10313000040B002832D06546AF4239D9002C37D075
:10314000DBF8003000980293DBF804303268039318
:10315000D9F8C8C15B4604A9E047431C2FD000EB57
:10316000050CBC4536D8019B013C002BDFD0002864
:103170000BDD08F1FF3204A900EB020E11F8013B50
:1031800002F8013F7245F9D18044DAF8002056F880
:10319000040B0432CAF800200028CCD10199D8468B
:1031A00009B1CAF8000000220CF1FF35C8F8002070
:1031B000284609B0BDE8F08F00F58678ACE70546F3
:1031C0008A2100222846009B1960CBF8002009B014
:1031D000BDE8F08FD8462846DDF808A0DDF80CB031
:1031E000C8E900AB09B0BDE8F08F00BF00B585B0FD
:1031F0000698DFF818C0009007980190044800680E
:10320000CDF808C0FFF77CFF05B000BD6C040020BE
:10321000C006002038B50022002304460D46EDF715
:10322000A5FB28B920462946BDE8384000F00AB879
:10323000204605F1004100F005F8404261EB4101F4
:1032400038BD00BF70B500220B4B04460D46EDF7AC
:103250001BF9EEF771F90646EDF79CF80022074BD3
:10326000EDF712F902460B4620462946ECF754FFCB
:10327000EEF762F9314670BD0000F03D0000F0410C
:10328000F8B500BFF8BC08BC9E467047F8B500BF53
:08329000F8BC08BC9E46704723
:10329800000000000102030400000000000000001C
:1032A8000102030406070809313044726976657221
:1032B8004261736500000000803F0108B0320108D8
:1032C8003132544236374834353042617365000034
:1032D800E03F0108C8320108C032010800001900A7
:1032E80032004B0065007E009700B000C900E20084
:1032F800FB0014012D0146015F0178019101AA012B
:10330800C301DC01F5010E022702400259027202D4
:103318008B02A302BC02D502EE0206031F03380388
:103328005003690381039A03B203CB03E303FC034D
:1033380014042C0444045D0475048D04A504BD0420
:10334800D504ED0405051D0534054C0564057C050B
:103358009305AB05C205DA05F10508061F06370611
:103368004E0665067C069306AA06C106D706EE0633
:1033780005071B07320748075E0775078B07A10774
:10338800B707CD07E307F9070E0824083A084F08DE
:1033980065087A088F08A508BA08CF08E408F8086D
:1033A8000D09220937094B095F09740988099C0925
:1033B800B009C409D809EC09FF09130A260A3A0A10
:1033C8004D0A600A730A860A990AAC0ABF0AD10A2A
:1033D800E40AF60A080B1B0B2D0B3E0B500B620B75
:1033E800740B850B970BA80BB90BCA0BDB0BEC0BFB
:1033F800FC0B0D0C1E0C2E0C3E0C4E0C5E0C6E0CB9
:103408007E0C8E0C9D0CAC0CBC0CCB0CDA0CE90CB5
:10341800F80C060D150D230D320D400D4E0D5C0DEB
:10342800690D770D850D920D9F0DAC0DB90DC60D6B
:10343800D30DDF0DEC0DF80D040E100E1C0E280E2A
:10344800340E3F0E4B0E560E610E6C0E770E810E2B
:103458008C0E960EA10EAB0EB50EBF0EC80ED20E78
:10346800DB0EE40EEE0EF70EFF0E080F110F190F0C
:10347800210F290F310F390F410F480F500F570FE8
:103488005E0F650F6C0F720F790F7F0F850F8B0F13
:10349800910F970F9C0FA20FA70FAC0FB10FB60F8C
:1034A800BB0FBF0FC40FC80FCC0FD00FD40FD70F4F
:1034B800DB0FDE0FE10FE40FE70FEA0FEC0FEF0F62
:1034C800F10FF30FF50FF70FF80FFA0FFB0FFC0FC3
:1034D800FD0FFE0FFF0FFF0F00100010001000106F
:1034E8000010FF0FFF0FFE0FFD0FFC0FFB0FFA0F71
:1034F800F80FF70FF50FF30FF10FEF0FEC0FEA0FBF
:10350800E70FE40FE10FDE0FDB0FD70FD40FD00F5B
:10351800CC0FC80FC40FBF0FBB0FB60FB10FAC0F46
:10352800A70FA20F9C0F970F910F8B0F850F7F0F7F
:10353800790F720F6C0F650F5E0F570F500F480F02
:10354800410F390F310F290F210F190F110F080FD4
:10355800FF0EF70EEE0EE40EDB0ED20EC80EBF0EF7
:10356800B50EAB0EA10E960E8C0E810E770E6C0E5C
:10357800610E560E4B0E3F0E340E280E1C0E100E0A
:10358800040EF80DEC0DDF0DD30DC60DB90DAC0D05
:103598009F0D920D850D770D690D5C0D4E0D400D3B
:1035A800320D230D150D060DF80CE90CDA0CCB0CB9
:1035B800BC0CAC0C9D0C8E0C7E0C6E0C5E0C4E0C78
:1035C8003E0C2E0C1E0C0D0CFC0BEC0BDB0BCA0B73
:1035D800B90BA80B970B850B740B620B500B3E0BAA
:1035E8002D0B1B0B080BF60AE40AD10ABF0AAC0A1A
:1035F800990A860A730A600A4D0A3A0A260A130AC1
:10360800FF09EC09D809C409B0099C09880974099B
:103618005F094B09370922090D09F808E408CF08A2
:10362800BA08A5088F087A0865084F083A082408D8
:103638000E08F907E307CD07B707A1078B0775073A
:103648005E07480732071B070507EE06D706C106BF
:10365800AA0693067C0665064E0637061F06080668
:10366800F105DA05C205AB0593057C0564054C0533
:1036780034051D050505ED04D504BD04A5048D0418
:1036880075045D0444042C041404FC03E303CB0315
:10369800B2039A0381036903500338031F03060327
:1036A800EE02D502BC02A3028B027202590240024A
:1036B80027020E02F501DC01C301AA01910178017C
:1036C8005F0146012D011401FB00E200C900B000B2
:1036D80097007E0065004B00320019000000E7FFEC
:1036E800CEFFB5FF9BFF82FF69FF50FF37FF1EFF2C
:1036F80005FFECFED3FEBAFEA1FE88FE6FFE56FE65
:103708003DFE24FE0BFEF2FDD9FDC0FDA7FD8EFD9A
:1037180075FD5DFD44FD2BFD12FDFAFCE1FCC8FCC6
:10372800B0FC97FC7FFC66FC4EFC35FC1DFC04FCE1
:10373800ECFBD4FBBCFBA3FB8BFB73FB5BFB43FBEE
:103748002BFB13FBFBFAE3FACCFAB4FA9CFA84FAE3
:103758006DFA55FA3EFA26FA0FFAF8F9E1F9C9F9BD
:10376800B2F99BF984F96DF956F93FF929F912F97B
:10377800FBF8E5F8CEF8B8F8A2F88BF875F85FF81A
:1037880049F833F81DF807F8F2F7DCF7C6F7B1F790
:103798009BF786F771F75BF746F731F71CF708F7E1
:1037A800F3F6DEF6C9F6B5F6A1F68CF678F664F609
:1037B80050F63CF628F614F601F6EDF5DAF5C6F5FE
:1037C800B3F5A0F58DF57AF567F554F541F52FF5C4
:1037D8001CF50AF5F8F4E5F4D3F4C2F4B0F49EF459
:1037E8008CF47BF469F458F447F436F425F414F4B3
:1037F80004F4F3F3E2F3D2F3C2F3B2F3A2F392F3D5
:1038080082F372F363F354F344F335F326F317F3B7
:1038180008F3FAF2EBF2DDF2CEF2C0F2B2F2A4F261
:1038280097F289F27BF26EF261F254F247F23AF2C1
:103838002DF221F214F208F2FCF1F0F1E4F1D8F1E2
:10384800CCF1C1F1B5F1AAF19FF194F189F17FF1C1
:1038580074F16AF15FF155F14BF141F138F12EF154
:1038680025F11CF112F109F101F1F8F0EFF0E7F0A0
:10387800DFF0D7F0CFF0C7F0BFF0B8F0B0F0A9F0A4
:10388800A2F09BF094F08EF087F081F07BF075F059
:103898006FF069F064F05EF059F054F04FF04AF0C0
:1038A80045F041F03CF038F034F030F02CF029F0DD
:1038B80025F022F01FF01CF019F016F014F011F0AA
:1038C8000FF00DF00BF009F008F006F005F004F029
:1038D80003F002F001F001F000F000F000F000F059
:1038E80000F001F001F002F003F004F005F006F03A
:1038F80008F009F00BF00DF00FF011F014F016F0CD
:1039080019F01CF01FF022F025F029F02CF030F00F
:1039180034F038F03CF041F045F04AF04FF054F004
:1039280059F05EF064F069F06FF075F07BF081F0AB
:1039380087F08EF094F09BF0A2F0A9F0B0F0B8F008
:10394800BFF0C7F0CFF0D7F0DFF0E7F0EFF0F8F016
:1039580001F109F112F11CF125F12EF138F141F1D3
:103968004BF155F15FF16AF174F17FF189F194F14E
:103978009FF1AAF1B5F1C1F1CCF1D8F1E4F1F0F180
:10398800FCF108F214F221F22DF23AF247F254F265
:1039980061F26EF27BF289F297F2A4F2B2F2C0F20F
:1039A800CEF2DDF2EBF2FAF208F317F326F335F371
:1039B80044F354F363F372F382F392F3A2F3B2F392
:1039C800C2F3D2F3E2F3F3F304F414F425F436F477
:1039D80047F458F469F47BF48CF49EF4B0F4C2F420
:1039E800D3F4E5F4F8F40AF51CF52FF541F554F590
:1039F80067F57AF58DF5A0F5B3F5C6F5DAF5EDF5C9
:103A080001F614F628F63CF650F664F678F68CF6CD
:103A1800A1F6B5F6C9F6DEF6F3F608F71CF731F7A6
:103A280046F75BF771F786F79BF7B1F7C6F7DCF750
:103A3800F2F707F81DF833F849F85FF875F88BF8CE
:103A4800A2F8B8F8CEF8E5F8FBF812F929F93FF929
:103A580056F96DF984F99BF9B2F9C9F9E1F9F8F960
:103A68000FFA26FA3EFA55FA6DFA84FA9CFAB4FA75
:103A7800CCFAE3FAFBFA13FB2BFB43FB5BFB73FB70
:103A88008BFBA3FBBCFBD4FBECFB04FC1DFC35FC53
:103A98004EFC66FC7FFC97FCB0FCC8FCE1FCFAFC21
:103AA80012FD2BFD44FD5DFD75FD8EFDA7FDC0FDDE
:103AB800D9FDF2FD0BFE24FE3DFE56FE6FFE88FE8C
:103AC800A1FEBAFED3FEECFE05FF1EFF37FF50FF36
:103AD80069FF82FF9BFFB5FFCEFFE7FF00000000F4
:103AE8003131456E636F6465724261736500000031
:103AF800803F0108E83A010831304D5436383136F4
:103B08004261736500000000E03F0108003B0108C6
:103B1800F83A010802030405060708090A0B0C0D08
:103B28000E0F1010000000004B4559310D00000029
:103B38004B4559320D000000534554204D4F544F0A
:103B4800525B307830355D20504F534954494F4EC1
:103B58005B5D0D005B43414E5D204552524F523A2A
:103B68002043757272656E7420256C64206D412047
:103B780065786365656473206D6178202564206DC0
:103B880041210D0A000000005B43414E2042524F84
:103B98004144434153545D20456D657267656E63CA
:103BA800792053746F702052656365697665642166
:103BB8000D00000076000000700000004F6E6C7968
:103BC80020737570706F7274205B635D205B765D27
:103BD800205B705D20636F6D6D616E6473210D00F5
:103BE8002E0000006E660000696E6974790000009E
:103BF800616E00000A0000004C435F434F4C4C418B
:103C0800544500004C435F435459504500000000A0
:103C18004C435F4D4F4E4554415259004C435F4E03
:103C2800554D4552494300004C435F54494D4500AA
:103C38004C435F4D455353414745530042616C6CBB
:103C48006F632073756363656564656400000000D5
:103C58002F646174612F6A656E6B696E732F776F5D
:103C6800726B73706163652F474E552D746F6F6C5F
:103C7800636861696E2F61726D2D31352F737263C0
:103C88002F6E65776C69622D63796777696E2F6E21
:103C980065776C69622F6C6962632F7374646C69F1
:103CA800622F6764746F612D6765746865782E6329
:103CB800000000002F646174612F6A656E6B696E85
:103CC800732F776F726B73706163652F474E552D35
:103CD800746F6F6C636861696E2F61726D2D313519
:103CE8002F7372632F6E65776C69622D63796777BE
:103CF800696E2F6E65776C69622F6C6962632F73CA
:103D080074646C69622F6D707265632E63000000C5
:103D1800494E4600696E66004E414E006E616E0067
:103D28003031323334353637383961626364656629
:103D380000000000303132333435363738394142EB
:103D48004344454600000000286E756C6C2900004D
:103D5800300000002C2066756E6374696F6E3A201F
:103D680000000000617373657274696F6E2022250C
:103D78007322206661696C65643A2066696C652007
:103D8800222573222C206C696E65202564257325F5
:103D9800730A0000496E66696E6974790000000054
:103DA8004E614E002F646174612F6A656E6B696E97
:103DB800732F776F726B73706163652F474E552D44
:103DC800746F6F6C636861696E2F61726D2D313528
:103DD8002F7372632F6E65776C69622D63796777CD
:103DE800696E2F6E65776C69622F6C6962632F73D9
:103DF80074646C69622F64746F612E630000000044
:103E08003130427574746F6E426173650000000052
:103E1800803F0108083E010836427574746F6E00D1
:103E2800E03F0108203E0108183E0108000000009C
:103E3800283E0108257E00083231456E636F6465AF
:103E48007243616C69627261746F7242617365007A
:103E5800803F0108403E01083137456E636F646555
:103E68007243616C69627261746F7200E03F0108AD
:103E7800603E0108583E010800000000743E010839
:103E8800A17E0008AD7E0008B97E0008C57E000846
:103E9800374C65644261736500000000803F01088B
:103EA800983E0108334C656400000000E03F0108BB
:103EB800AC3E0108A43E010800000000B43E010821
:103EC800E17E0008364D543638313600E03F0108AF
:103ED800CC3E0108103B010800000000D43E010858
:103EE8006D4000085D3F000869400008553F000824
:103EF800097F00080D7F00083854423637483435AA
:103F080030000000E03F0108003F0108D8320108F6
:103F1800000000000C3F01082D2400084925000876
:103F2800DD2400087124000819240008AD7F00086A
:103F380021800008497F00085D7F0008857F000810
:103F48004E31305F5F637878616269763131375F0F
:103F58005F636C6173735F747970655F696E666FB8
:103F680045000000E03F0108483F010814400108EF
:103F7800000000006C3F0108E98D0008FD8D000875
:103F8800D18F0008D18F00087D8E0008A98D000808
:103F98005D8E0008198E0008DD8D00084E31305FF7
:103FA8005F637878616269763132305F5F73695F29
:103FB800636C6173735F747970655F696E666F4572
:103FC80000000000E03F0108A43F01086C3F010821
:103FD80000000000CC3F0108AD8E0008C18E00082B
:103FE800D18F0008D18F00087D8E0008A98D0008A8
:103FF8009D8F00081D8F0008DD8E000853743974EA
:104008007970655F696E666F00000000803F010887
:10401800044001086042A20D0000803F3400000007
:10402800CEFBFFFFCB0300000100000000000000F2
:1040380035000000CEFBFFFFCB03000001000000AD
:104048000000000000000000BC89D897B2D29C3C58
:1040580033A7A8D523F649393DA7F444FD0FA53267
:104068009D978CCF08BA5B25436FAC64280668110E
:104078000000000000000000000000000000000038
:104088000000000000000000000000000000000028
:104098000000000000000000000000000000000018
:1040A800101112131415161718190000000000003B
:1040B800001A1B1C1D1E1F0000000000000000004D
:1040C80000000000000000000000000000000000E8
:1040D800001A1B1C1D1E1F0000000000000000002D
:1040E80000000000000000000000000000000000C8
:1040F80000000000000000000000000000000000B8
:1041080000000000000000000000000000000000A7
:104118000000000000000000000000000000000097
:104128000000000000000000000000000000000087
:104138000000000000000000000000000000000077
:104148000000000000000000000000000000000067
:104158000000000000000000000000000000000057
:104168000000000000000000000000000000000047
:1041780005000000190000007D000000000000009C
:104188000080E03779C34143176E05B5B5B893464B
:10419800F5F93FE9034F384D321D30F94877825A17
:1041A8003CBF737FDD4F1575000000000000F03F35
:1041B80000000000000024400000000000005940FA
:1041C8000000000000408F40000000000088C3404D
:1041D80000000000006AF8400000000080842E41C2
:1041E80000000000D01263410000000084D797410E
:1041F8000000000065CDCD41000000205FA0024214
:10420800000000E876483742000000A2941A6D4288
:10421800000040E59C30A2420000901EC4BCD6427B
:1042280000003426F56B0C430080E03779C3414326
:1042380000A0D8855734764300C84E676DC1AB439C
:10424800003D9160E458E143408CB5781DAF1544BA
:1042580050EFE2D6E41A4B4492D54D06CFF0804495
:10426800F64AE1C7022DB544B49DD9794378EA44AA
:10427800002020202020202020202828282828202E
:104288002020202020202020202020202020202026
:10429800208810101010101010101010101010108E
:1042A800100404040404040404040410101010107E
:1042B8001010414141414141010101010101010148
:1042C800010101010101010101010101101010109A
:1042D800101042424242424202020202020202021A
:1042E800020202020202020202020202101010106E
:1042F8002000000000000000000000000000000096
:1043080000000000000000000000000000000000A5
:104318000000000000000000000000000000000095
:104328000000000000000000000000000000000085
:104338000000000000000000000000000000000075
:104348000000000000000000000000000000000065
:104358000000000000000000000000000000000055
:104368000000000000000000000000000000000045
:1043780000000000303030303030303030303030F5
:1043880030303030202020202020202020202020E5
:104398002020202030303030303030303030303055
:1043A80030303030202020202020202020202020C5
:0443B8002020202081
:1043BC0008B10181B0B000840000000008B1018197
:1043CC00B0B000840000000008B10181B0B00084DE
:1043DC000000000008B10181B0B0008400000000B2
:0C43EC0008B10181B0B0008400000000A6
:1043F80048CEFE7F010000002CE0FE7F0084028092
:1044080068E0FE7FB0B0AA8060E2FE7F0100000095
:10441800D4EBFE7FB0AA09808CF0FE7FB0B0A880F4
:10442800E4F0FE7F0100000008F3FE7FB0AF0080DB
:104438000CF8FE7FB0B0AC8014FBFE7F01000000DA
:1044480014FBFE7FB0B0AA8018FCFE7F01000000BC
:1044580014FCFE7FB0B0A88058FCFE7FA908B1808C
:10446800ACFCFE7F01000000ACFCFE7FB0A8018020
:1044780064FEFE7F010000009037FF7FB0AA058030
:10448800F437FF7F010000009439FF7F28FFFF7F8A
:10449800B839FF7F2CFFFF7F003AFF7F0100000043
:1044A8001C3AFF7F00840280303AFF7F0100000041
:1044B800543AFF7FB0A90680883AFF7F01000000C8
:1044C800E43AFF7F00840680503BFF7F0100000034
:1044D8004C3BFF7FF8FEFF7F983BFF7FFCFEFF7F92
:1044E800F83BFF7FB0B0AE80003EFF7FF8FEFF7F55
:1044F800843EFF7F01000000B040FF7FB0A9048028
:104508003C47FF7FB0A801804C48FF7F01000000B6
:104518009048FF7FB0AA0380BC48FF7F01000000DD
:10452800744AFF7FB0B0AC809C4AFF7F0100000056
:10453800E450FF7FB0A803807851FF7FB0B0A88017
:10454800C851FF7F01000000D051FF7FB0B0AA80A2
:104558000852FF7FAF76B280D852FF7FAB3F3A80D8
:104568004053FF7F010000005053FF7FB0B0AA8086
:104578008C53FF7F010000003854FF7FAC0FB280DE
:10458800B854FF7FB0AF08804857FF7F0100000094
:104598005857FF7FAD3F04804C5AFF7F0100000051
:1045A8007C5AFF7FB0AC05807C5DFF7F0100000076
:0C45B80041C30008E1150008A5830008BD
:0445C400B91500081D
:1045C8000024F4000101000010000000007C010834
:1045D800008000002000000000000000C83E010824
:1045E80000000000000000000000010000000000C2
:1045F80000000000010000000000000000000000B2
:10460800000000000000000008000000000000009A
:10461800FFFFFFFF00000200000000000000000094
:104628005800002058000020600000206000002092
:104638006800002068000020700000207000002042
:1046480078000020780000208000002080000020F2
:1046580088000020880000209000002090000020A2
:104668009800002098000020A0000020A000002052
:10467800A8000020A8000020B0000020B000002002
:10468800B8000020B8000020C0000020C0000020B2
:10469800C8000020C8000020D0000020D000002062
:1046A800D8000020D8000020E0000020E000002012
:1046B800E8000020E8000020F0000020F0000020C2
:1046C800F8000020F8000020000100200001002070
:1046D800080100200801002010010020100100201E
:1046E80018010020180100202001002020010020CE
:1046F800280100202801002030010020300100207E
:10470800380100203801002040010020400100202D
:1047180048010020480100205001002050010020DD
:10472800580100205801002060010020600100208D
:10473800680100206801002070010020700100203D
:1047480078010020780100208001002080010020ED
:10475800880100208801002090010020900100209D
:104768009801002098010020A0010020A00100204D
:10477800A8010020A8010020B0010020B0010020FD
:10478800B8010020B8010020C0010020C0010020AD
:10479800C8010020C8010020D0010020D00100205D
:1047A800D8010020D8010020E0010020E00100200D
:1047B800E8010020E8010020F0010020F0010020BD
:1047C800F8010020F801002000020020000200206B
:1047D8000802002008020020100200201002002019
:1047E80018020020180200202002002020020020C9
:1047F8002802002028020020300200203002002079
:104808003802002038020020400200204002002028
:1048180048020020480200205002002050020020D8
:104828005802002058020020600200206002002088
:104838006802002068020020700200207002002038
:1048480078020020780200208002002080020020E8
:104858008802002088020020900200209002002098
:104868009802002098020020A0020020A002002048
:10487800A8020020A8020020B0020020B0020020F8
:10488800B8020020B8020020C0020020C0020020A8
:10489800C8020020C8020020D0020020D002002058
:1048A800D8020020D8020020E0020020E002002008
:1048B800E8020020E8020020F0020020F0020020B8
:1048C800F8020020F8020020000300200003002066
:1048D8000803002008030020100300201003002014
:1048E80018030020180300202003002020030020C4
:1048F8002803002028030020300300203003002074
:104908003803002038030020400300204003002023
:1049180048030020480300205003002050030020D3
:104928005803002058030020600300206003002083
:104938006803002068030020700300207003002033
:1049480078030020780300208003002080030020E3
:104958008803002088030020900300209003002093
:104968009803002098030020A0030020A003002043
:10497800A8030020A8030020B0030020B0030020F3
:10498800B8030020B8030020C0030020C0030020A3
:10499800C8030020C8030020D0030020D003002053
:1049A800D8030020D8030020E0030020E003002003
:1049B800E8030020E8030020F0030020F0030020B3
:1049C800F8030020F8030020000400200004002061
:1049D800080400200804002010040020100400200F
:1049E80018040020180400202004002020040020BF
:1049F800280400202804002030040020300400206F
:104A0800380400203804002040040020400400201E
:104A180048040020480400205004002050040020CE
:104A28000000000003000000F4160020430000000E
:104A3800000000000000000000000000000000006E
:104A4800000000000000000000000000430000001B
:104A5800000000000000000000000000000000004E
:104A680000000000000000000000000043000000FB
:104A7800000000000000000000000000000000002E
:104A880000000000000000000000000043000000DB
:104A9800000000000000000000000000000000000E
:104AA80000000000000000000000000043000000BB
:104AB80000000000000000000000000000000000EE
:104AC800000000000000000000000000430000009B
:104AD80000000000000000000000000000000000CE
:104AE800000000000000000000000000430000007B
:104AF80000000000000000000000000000000000AE
:104B0800000000000000000000000000430000005A
:104B1800000000000000000000000000000000008D
:104B2800000000000000000000000000000000007D
:104B3800000000000000000000000000000000006D
:104B4800000000000000000000000000000000005D
:104B5800000000000000000000000000000000004D
:104B6800000000000000000000000000000000003D
:104B7800000000000000000000000000000000002D
:104B8800000000000000000000000000000000001D
:104B9800000000000000000000000000000000000D
:104BA80000000000000000000000000000000000FD
:104BB80000000000000000000000000000000000ED
:104BC80000000000000000000000000000000000DD
:104BD80000000000000000000000000000000000CD
:104BE80000000000000000000000000000000000BD
:104BF8000000000081D90008E9CE0008000000008C
:104C080078420108E83B01088C3B01088C3B01080D
:104C18008C3B01088C3B01088C3B01088C3B01084C
:104C28008C3B01088C3B01088C3B0108FFFFFFFF10
:104C3800FFFFFFFFFFFFFFFFFFFF000001004153E1
:104C48004349490000000000000000000000000087
:104C580000000000000000000000000000004153B8
:104C68004349490000000000000000000000000067
:104C7800000000000000000000000000000000002C
:104C8800C80600200000000000000000F416002004
:104C98005C170020C417002000000000000000007E
:104CA80000000000000000000000000000000000FC
:104CB80000000000000000000000000000000000EC
:104CC80000000000000000000000000000000000DC
:104CD80000000000000000000000000000000000CC
:104CE80000000000000000000000000000000000BC
:104CF80000000000000000000000000000000000AC
:104D0800000000000000000000000000000000009B
:104D1800000000000000000000000000000000008B
:104D280001000000000000000E33CDAB34126DE628
:104D3800ECDE05000B000000000000000000000091
:104D4800000000000000000000000000000000005B
:104D5800000000000000000000000000000000004B
:104D6800000000000000000000000000000000003B
:104D7800000000000000000000000000000000002B
:104D8800000000000000000000000000000000001B
:104D9800000000000000000000000000000000000B
:104DA80000000000000000000000000000000000FB
:104DB80000000000000000000000000000000000EB
:104DC80000000000000000000000000000000000DB
:104DD80000000000000000000000000000000000CB
:104DE80000000000000000000000000000000000BB
:104DF80000000000000000000000000000000000AB
:104E0800000000000000000000000000000000009A
:104E1800000000000000000000000000000000008A
:104E2800000000000000000000000000000000007A
:104E3800000000000000000000000000000000006A
:104E4800000000000000000000000000000000005A
:104E5800000000000000000000000000000000004A
:104E6800000000000000000000000000000000003A
:104E7800000000000000000000000000000000002A
:0C4E8800000000000000000038180020AE
:0400000508008D5D05
:00000001FF
